--
-- PostgreSQL database dump
--

SET statement_timeout = 0;
SET client_encoding = 'UTF8';
SET standard_conforming_strings = on;
SET check_function_bodies = false;
SET client_min_messages = warning;

SET search_path = public, pg_catalog;

ALTER TABLE ONLY public."FytoWerkzameStoffen" DROP CONSTRAINT "FytoWerkzameStoffen_CgpId_fk";
ALTER TABLE ONLY public."FytoVerkopersArtikelen" DROP CONSTRAINT "FytoVerkopersArtikelen_DnrId_fk";
ALTER TABLE ONLY public."FytoVerkopersArtikelen" DROP CONSTRAINT "FytoVerkopersArtikelen_AtlId_fk";
ALTER TABLE ONLY public."FytoToepassingsgebieden" DROP CONSTRAINT "FytoToepassingsgebieden_TpdTpdId_fk";
ALTER TABLE ONLY public."FytoToepassingsgebieden" DROP CONSTRAINT "FytoToepassingsgebieden_HtdId_fk";
ALTER TABLE ONLY public."FytoTeeltgroepenProduct" DROP CONSTRAINT "FytoTeeltgroepenProduct_TgpId_fk";
ALTER TABLE ONLY public."FytoTeeltgroepenProduct" DROP CONSTRAINT "FytoTeeltgroepenProduct_PdtId_fk";
ALTER TABLE ONLY public."FytoStandaardverpakkingen" DROP CONSTRAINT "FytoStandaardverpakkingen_DnrId_fk";
ALTER TABLE ONLY public."FytoSZinnen" DROP CONSTRAINT "FytoSZinnen_VtgId_fk";
ALTER TABLE ONLY public."FytoSZinnenProduct" DROP CONSTRAINT "FytoSZinnenProduct_SznId_fk";
ALTER TABLE ONLY public."FytoSZinnenProduct" DROP CONSTRAINT "FytoSZinnenProduct_PdtId_fk";
ALTER TABLE ONLY public."FytoRapportcijfers" DROP CONSTRAINT "FytoRapportcijfers_TptId_fk";
ALTER TABLE ONLY public."FytoRapportcijfers" DROP CONSTRAINT "FytoRapportcijfers_MieId_fk";
ALTER TABLE ONLY public."FytoRZinnenProduct" DROP CONSTRAINT "FytoRZinnenProduct_RznId_fk";
ALTER TABLE ONLY public."FytoRZinnenProduct" DROP CONSTRAINT "FytoRZinnenProduct_PdtId_fk";
ALTER TABLE ONLY public."FytoPublicaties" DROP CONSTRAINT "FytoPublicaties_TbaId_fk";
ALTER TABLE ONLY public."FytoProductkenmerken" DROP CONSTRAINT "FytoProductkenmerken_PdkPdkId_fk";
ALTER TABLE ONLY public."FytoProducten" DROP CONSTRAINT "FytoProducten_VbsId_fk";
ALTER TABLE ONLY public."FytoProducten" DROP CONSTRAINT "FytoProducten_TpdId_fk";
ALTER TABLE ONLY public."FytoProducten" DROP CONSTRAINT "FytoProducten_OseId_fk";
ALTER TABLE ONLY public."FytoProducten" DROP CONSTRAINT "FytoProducten_McmId_fk";
ALTER TABLE ONLY public."FytoProducten" DROP CONSTRAINT "FytoProducten_FmgId_fk";
ALTER TABLE ONLY public."FytoProducten" DROP CONSTRAINT "FytoProducten_CedId_fk";
ALTER TABLE ONLY public."FytoProducentenProducten" DROP CONSTRAINT "FytoProducentenProducten_PdtId_fk";
ALTER TABLE ONLY public."FytoProducentenProducten" DROP CONSTRAINT "FytoProducentenProducten_DnrId_fk";
ALTER TABLE ONLY public."FytoPrijzen" DROP CONSTRAINT "FytoPrijzen_ValId_fk";
ALTER TABLE ONLY public."FytoPeriodeAfzet" DROP CONSTRAINT "FytoPeriodeAfzet_ValId_fk";
ALTER TABLE ONLY public."FytoOmrekeningsfactoren" DROP CONSTRAINT "FytoOmrekeningsfactoren_PdtId_fk";
ALTER TABLE ONLY public."FytoOZinnenProduct" DROP CONSTRAINT "FytoOZinnenProduct_PdtId_fk";
ALTER TABLE ONLY public."FytoOZinnenProduct" DROP CONSTRAINT "FytoOZinnenProduct_OznId_fk";
ALTER TABLE ONLY public."FytoMutatieImport" DROP CONSTRAINT "FytoMutatieImport_DnrId_fk";
ALTER TABLE ONLY public."FytoMilieuEffectenProduct" DROP CONSTRAINT "FytoMilieuEffectenProduct_PdtId_fk";
ALTER TABLE ONLY public."FytoMilieuEffectenProduct" DROP CONSTRAINT "FytoMilieuEffectenProduct_MetId_fk";
ALTER TABLE ONLY public."FytoMaterialenStdVerpak" DROP CONSTRAINT "FytoMaterialenStdVerpak_SdgId_fk";
ALTER TABLE ONLY public."FytoMaterialenStdVerpak" DROP CONSTRAINT "FytoMaterialenStdVerpak_MtlId_fk";
ALTER TABLE ONLY public."FytoKenmerkenProduct" DROP CONSTRAINT "FytoKenmerkenProduct_PdtId_fk";
ALTER TABLE ONLY public."FytoKenmerkenProduct" DROP CONSTRAINT "FytoKenmerkenProduct_PdkId_fk";
ALTER TABLE ONLY public."FytoKenmerkenArtikel" DROP CONSTRAINT "FytoKenmerkenArtikel_AtkId_fk";
ALTER TABLE ONLY public."FytoGevaarsymbolenProduct" DROP CONSTRAINT "FytoGevaarsymbolenProduct_PdtId_fk";
ALTER TABLE ONLY public."FytoGevaarsymbolenProduct" DROP CONSTRAINT "FytoGevaarsymbolenProduct_GvlId_fk";
ALTER TABLE ONLY public."FytoFormuleringen" DROP CONSTRAINT "FytoFormuleringen_VrmId_fk";
ALTER TABLE ONLY public."FytoExtraWaardenPdtKenmerk" DROP CONSTRAINT "FytoExtraWaardenPdtKenmerk_KptId_fk";
ALTER TABLE ONLY public."FytoExtraWaardenPdtKenmerk" DROP CONSTRAINT "FytoExtraWaardenPdtKenmerk_EhdId_fk";
ALTER TABLE ONLY public."FytoExtraWaardenAtlKenmerk" DROP CONSTRAINT "FytoExtraWaardenAtlKenmerk_KalId_fk";
ALTER TABLE ONLY public."FytoExtraWaardenAtlKenmerk" DROP CONSTRAINT "FytoExtraWaardenAtlKenmerk_EhdId_fk";
ALTER TABLE ONLY public."FytoConcentraties" DROP CONSTRAINT "FytoConcentraties_WsfId_fk";
ALTER TABLE ONLY public."FytoConcentraties" DROP CONSTRAINT "FytoConcentraties_PdtId_fk";
ALTER TABLE ONLY public."FytoChemischeGroepen" DROP CONSTRAINT "FytoChemischeGroepen_ChpId_fk";
ALTER TABLE ONLY public."FytoBestrMidGroepen" DROP CONSTRAINT "FytoBestrMidGroepen_BepId_fk";
ALTER TABLE ONLY public."FytoBestrMidGroepProduct" DROP CONSTRAINT "FytoBestrMidGroepProduct_PdtId_fk";
ALTER TABLE ONLY public."FytoBestrMidGroepProduct" DROP CONSTRAINT "FytoBestrMidGroepProduct_BspId_fk";
ALTER TABLE ONLY public."FytoArtikelkenmerken" DROP CONSTRAINT "FytoArtikelkenmerken_AtkAtkId_fk";
ALTER TABLE ONLY public."FytoArtikelen" DROP CONSTRAINT "FytoArtikelen_SssId_fk";
ALTER TABLE ONLY public."FytoArtikelen" DROP CONSTRAINT "FytoArtikelen_SdgId_fk";
ALTER TABLE ONLY public."FytoArtikelen" DROP CONSTRAINT "FytoArtikelen_PdtId_fk";
ALTER TABLE ONLY public."FytoArtikelen" DROP CONSTRAINT "FytoArtikelen_AtlGvgId_fk";
DROP INDEX public."QsaaTabelAlias_QsaaTbaUk2_idx";
DROP INDEX public."QsaaTabelAlias_QsaaTbaUk1_idx";
DROP INDEX public."FytoWerkzameStoffen_FytoWsfUk_idx";
DROP INDEX public."FytoWerkzameStoffen_FytoWsfCgpFkI_idx";
DROP INDEX public."FytoVormen_FytoVrmUk_idx";
DROP INDEX public."FytoVerkopersArtikelen_FytoValUk3_idx";
DROP INDEX public."FytoVerkopersArtikelen_FytoValUk2_idx";
DROP INDEX public."FytoVerkopersArtikelen_FytoValUk1_idx";
DROP INDEX public."FytoVerkopersArtikelen_FytoValDnrFkI_idx";
DROP INDEX public."FytoVerkopersArtikelen_FytoValAtlFkI_idx";
DROP INDEX public."FytoVerbruiksplaatsen_FytoVbsUk_idx";
DROP INDEX public."FytoVarToepassingen_FytoVtgUk_idx";
DROP INDEX public."FytoToepassingsgebieden_FytoTpdUk_idx";
DROP INDEX public."FytoToepassingsgebieden_FytoTpdHtdFkI_idx";
DROP INDEX public."FytoTeeltgroepen_FytoTgpUk_idx";
DROP INDEX public."FytoTeeltgroepenProduct_FytoTptUk_idx";
DROP INDEX public."FytoTeeltgroepenProduct_FytoTptTgpFkI_idx";
DROP INDEX public."FytoTeeltgroepenProduct_FytoTptPdtFkI_idx";
DROP INDEX public."FytoStorlStatussen_FytoSssUk_idx";
DROP INDEX public."FytoStandaardverpakkingen_FytoSdgSdgUk_idx";
DROP INDEX public."FytoStandaardverpakkingen_FytoSdgDnrFkI_idx";
DROP INDEX public."FytoSZinnen_FytoSznVtgFkI_idx";
DROP INDEX public."FytoSZinnen_FytoSznUk_idx";
DROP INDEX public."FytoSZinnenProduct_FytoSptUk_idx";
DROP INDEX public."FytoSZinnenProduct_FytoSptSznFkI_idx";
DROP INDEX public."FytoSZinnenProduct_FytoSptPdtFkI_idx";
DROP INDEX public."FytoRefCodes_FytoRfePk_idx";
DROP INDEX public."FytoRapportcijfers_FytoRprUk_idx";
DROP INDEX public."FytoRapportcijfers_FytoRprTptFkI_idx";
DROP INDEX public."FytoRapportcijfers_FytoRprMieFkI_idx";
DROP INDEX public."FytoRZinnen_FytoRznUk_idx";
DROP INDEX public."FytoRZinnenProduct_FytoRptUk_idx";
DROP INDEX public."FytoRZinnenProduct_FytoRptRznFkI_idx";
DROP INDEX public."FytoRZinnenProduct_FytoRptPdtFkI_idx";
DROP INDEX public."FytoPublicaties_FytoPbsUk1_idx";
DROP INDEX public."FytoPublicaties_FytoPbsTbaFkI_idx";
DROP INDEX public."FytoProductkenmerken_FytoPdkUk_idx";
DROP INDEX public."FytoProductkenmerken_FytoPdkPdkFkI_idx";
DROP INDEX public."FytoProducten_FytoPdtVbsFkI_idx";
DROP INDEX public."FytoProducten_FytoPdtUk1_idx";
DROP INDEX public."FytoProducten_FytoPdtTpdFkI_idx";
DROP INDEX public."FytoProducten_FytoPdtOseFkI_idx";
DROP INDEX public."FytoProducten_FytoPdtMcmFkI_idx";
DROP INDEX public."FytoProducten_FytoPdtFmgFkI_idx";
DROP INDEX public."FytoProducten_FytoPdtCedFkI_idx";
DROP INDEX public."FytoProducentenProducten_FytoPptUk2_idx";
DROP INDEX public."FytoProducentenProducten_FytoPptUk1_idx";
DROP INDEX public."FytoProducentenProducten_FytoPptPdtFkI_idx";
DROP INDEX public."FytoProducentenProducten_FytoPptDnrFkI_idx";
DROP INDEX public."FytoPrijzen_FytoPrsUk_idx";
DROP INDEX public."FytoPeriodeAfzet_FytoPatUk_idx";
DROP INDEX public."FytoOpslagcategorieen_FytoOseUk_idx";
DROP INDEX public."FytoOmrekeningsfactoren_FytoOrrUk_idx";
DROP INDEX public."FytoOmrekeningsfactoren_FytoOrrPdtFkI_idx";
DROP INDEX public."FytoOZinnenProduct_FytoOptUk_idx";
DROP INDEX public."FytoOZinnenProduct_FytoOptPdtFkI_idx";
DROP INDEX public."FytoOZinnenProduct_FytoOptOznFkI_idx";
DROP INDEX public."FytoMutatieImport_FytoMtiUk_idx";
DROP INDEX public."FytoMilieucodesClm_FytoMcmUk_idx";
DROP INDEX public."FytoMilieucategorieen_FytoMieUk_idx";
DROP INDEX public."FytoMilieuEffecten_FytoMetUk_idx";
DROP INDEX public."FytoMilieuEffectenProduct_FytoMctUk_idx";
DROP INDEX public."FytoMilieuEffectenProduct_FytoMctPdtFkI_idx";
DROP INDEX public."FytoMilieuEffectenProduct_FytoMctMetFkI_idx";
DROP INDEX public."FytoMaterialen_FytoMtlUk_idx";
DROP INDEX public."FytoMaterialenStdVerpak_FytoMsgUk_idx";
DROP INDEX public."FytoMaterialenStdVerpak_FytoMsgSdgFkI_idx";
DROP INDEX public."FytoMaterialenStdVerpak_FytoMsgMtlFkI_idx";
DROP INDEX public."FytoKenmerkenProduct_FytoKptUk_idx";
DROP INDEX public."FytoKenmerkenProduct_FytoKptPdtFkI_idx";
DROP INDEX public."FytoKenmerkenProduct_FytoKptPdkFkI_idx";
DROP INDEX public."FytoKenmerkenArtikel_FytoKalUk_idx";
DROP INDEX public."FytoKenmerkenArtikel_FytoKalAtlFkI_idx";
DROP INDEX public."FytoHoofdtoepassingsgebieden_FytoHtdUk_idx";
DROP INDEX public."FytoGevaarsymbolen_FytoGvlUk_idx";
DROP INDEX public."FytoGevaarsymbolenProduct_FytoGptUk_idx";
DROP INDEX public."FytoGevaarsymbolenProduct_FytoGptPdtFkI_idx";
DROP INDEX public."FytoGevaarsymbolenProduct_FytoGptGvlFkI_idx";
DROP INDEX public."FytoFormuleringen_FytoFmgVrmFkI_idx";
DROP INDEX public."FytoFormuleringen_FytoFmgUk_idx";
DROP INDEX public."FytoFormHelp_FytoFhpI_idx";
DROP INDEX public."FytoExtraWaardenPdtKenmerk_FytoEpkUk_idx";
DROP INDEX public."FytoExtraWaardenPdtKenmerk_FytoEpkKptFkI_idx";
DROP INDEX public."FytoExtraWaardenPdtKenmerk_FytoEpkEhdFkI_idx";
DROP INDEX public."FytoExtraWaardenAtlKenmerk_FytoEakUk_idx";
DROP INDEX public."FytoExtraWaardenAtlKenmerk_FytoEakEhdFkI_idx";
DROP INDEX public."FytoEenheden_FytoEhdUk_idx";
DROP INDEX public."FytoDomRapportageEenheid_FisNummer_idx";
DROP INDEX public."FytoDeelnemers_FytoDnrUk_idx";
DROP INDEX public."FytoConcentraties_FytoCceWsfFkI_idx";
DROP INDEX public."FytoConcentraties_FytoCceUk_idx";
DROP INDEX public."FytoConcentraties_FytoCcePdtFkI_idx";
DROP INDEX public."FytoConcentratieEenheden_FytoCedUk_idx";
DROP INDEX public."FytoChemischeHoofdgroepen_FytoChpUk_idx";
DROP INDEX public."FytoChemischeGroepen_FytoCgpUk_idx";
DROP INDEX public."FytoChemischeGroepen_FytoCgpChpFkI_idx";
DROP INDEX public."FytoBestrMidHfdGroep_FytoBepUk_idx";
DROP INDEX public."FytoBestrMidGroepen_FytoBspUk_idx";
DROP INDEX public."FytoBestrMidGroepen_FytoBspBepFkI_idx";
DROP INDEX public."FytoBestrMidGroepProduct_FytoBptUk_idx";
DROP INDEX public."FytoBestrMidGroepProduct_FytoBptPdtFkI_idx";
DROP INDEX public."FytoBestrMidGroepProduct_FytoBptBspFkI_idx";
DROP INDEX public."FytoArtikelkenmerken_FytoAkmUk_idx";
DROP INDEX public."FytoArtikelkenmerken_FytoAkmAkmFkI_idx";
DROP INDEX public."FytoArtikelen_FytoAtlUk3_idx";
DROP INDEX public."FytoArtikelen_FytoAtlUk2_idx";
DROP INDEX public."FytoArtikelen_FytoAtlUk1_idx";
DROP INDEX public."FytoArtikelen_FytoAtlSssFkI_idx";
DROP INDEX public."FytoArtikelen_FytoAtlSdgFkI_idx";
DROP INDEX public."FytoArtikelen_FytoAtlPdtFkI_idx";
DROP INDEX public."FytoArtikelen_AtlId_idx";
ALTER TABLE ONLY public."tempImpExpVersie" DROP CONSTRAINT "tempImpExpVersie_pkey";
ALTER TABLE ONLY public."QsaaTabelAlias" DROP CONSTRAINT "QsaaTabelAlias_pkey";
ALTER TABLE ONLY public."QsaaSyscon" DROP CONSTRAINT "QsaaSyscon_pkey";
ALTER TABLE ONLY public."Gvl_OA" DROP CONSTRAINT "Gvl_OA_pkey";
ALTER TABLE ONLY public."FytoWerkzameStoffen" DROP CONSTRAINT "FytoWerkzameStoffen_pkey";
ALTER TABLE ONLY public."FytoVormen" DROP CONSTRAINT "FytoVormen_pkey";
ALTER TABLE ONLY public."FytoVerkopersArtikelen" DROP CONSTRAINT "FytoVerkopersArtikelen_pkey";
ALTER TABLE ONLY public."FytoVerbruiksplaatsen" DROP CONSTRAINT "FytoVerbruiksplaatsen_pkey";
ALTER TABLE ONLY public."FytoVarToepassingen" DROP CONSTRAINT "FytoVarToepassingen_pkey";
ALTER TABLE ONLY public."FytoToepassingsgebieden" DROP CONSTRAINT "FytoToepassingsgebieden_pkey";
ALTER TABLE ONLY public."FytoTeeltgroepen" DROP CONSTRAINT "FytoTeeltgroepen_pkey";
ALTER TABLE ONLY public."FytoTeeltgroepenProduct" DROP CONSTRAINT "FytoTeeltgroepenProduct_pkey";
ALTER TABLE ONLY public."FytoStorlStatussen" DROP CONSTRAINT "FytoStorlStatussen_pkey";
ALTER TABLE ONLY public."FytoStandaardverpakkingen" DROP CONSTRAINT "FytoStandaardverpakkingen_pkey";
ALTER TABLE ONLY public."FytoSZinnen" DROP CONSTRAINT "FytoSZinnen_pkey";
ALTER TABLE ONLY public."FytoSZinnenProduct" DROP CONSTRAINT "FytoSZinnenProduct_pkey";
ALTER TABLE ONLY public."FytoRapportcijfers" DROP CONSTRAINT "FytoRapportcijfers_pkey";
ALTER TABLE ONLY public."FytoRZinnen" DROP CONSTRAINT "FytoRZinnen_pkey";
ALTER TABLE ONLY public."FytoRZinnenProduct" DROP CONSTRAINT "FytoRZinnenProduct_pkey";
ALTER TABLE ONLY public."FytoPublicaties" DROP CONSTRAINT "FytoPublicaties_pkey";
ALTER TABLE ONLY public."FytoProductkenmerken" DROP CONSTRAINT "FytoProductkenmerken_pkey";
ALTER TABLE ONLY public."FytoProducten" DROP CONSTRAINT "FytoProducten_pkey";
ALTER TABLE ONLY public."FytoProducentenProducten" DROP CONSTRAINT "FytoProducentenProducten_pkey";
ALTER TABLE ONLY public."FytoPrijzen" DROP CONSTRAINT "FytoPrijzen_pkey";
ALTER TABLE ONLY public."FytoPeriodeAfzet" DROP CONSTRAINT "FytoPeriodeAfzet_pkey";
ALTER TABLE ONLY public."FytoOpslagcategorieen" DROP CONSTRAINT "FytoOpslagcategorieen_pkey";
ALTER TABLE ONLY public."FytoOmrekeningsfactoren" DROP CONSTRAINT "FytoOmrekeningsfactoren_pkey";
ALTER TABLE ONLY public."FytoOZinnen" DROP CONSTRAINT "FytoOZinnen_pkey";
ALTER TABLE ONLY public."FytoOZinnenProduct" DROP CONSTRAINT "FytoOZinnenProduct_pkey";
ALTER TABLE ONLY public."FytoMutatieImport" DROP CONSTRAINT "FytoMutatieImport_pkey";
ALTER TABLE ONLY public."FytoMilieucodesClm" DROP CONSTRAINT "FytoMilieucodesClm_pkey";
ALTER TABLE ONLY public."FytoMilieucategorieen" DROP CONSTRAINT "FytoMilieucategorieen_pkey";
ALTER TABLE ONLY public."FytoMilieuEffecten" DROP CONSTRAINT "FytoMilieuEffecten_pkey";
ALTER TABLE ONLY public."FytoMilieuEffectenProduct" DROP CONSTRAINT "FytoMilieuEffectenProduct_pkey";
ALTER TABLE ONLY public."FytoMaterialen" DROP CONSTRAINT "FytoMaterialen_pkey";
ALTER TABLE ONLY public."FytoMaterialenStdVerpak" DROP CONSTRAINT "FytoMaterialenStdVerpak_pkey";
ALTER TABLE ONLY public."FytoKenmerkenProduct" DROP CONSTRAINT "FytoKenmerkenProduct_pkey";
ALTER TABLE ONLY public."FytoKenmerkenArtikel" DROP CONSTRAINT "FytoKenmerkenArtikel_pkey";
ALTER TABLE ONLY public."FytoHoofdtoepassingsgebieden" DROP CONSTRAINT "FytoHoofdtoepassingsgebieden_pkey";
ALTER TABLE ONLY public."FytoGevaarsymbolen" DROP CONSTRAINT "FytoGevaarsymbolen_pkey";
ALTER TABLE ONLY public."FytoGevaarsymbolenProduct" DROP CONSTRAINT "FytoGevaarsymbolenProduct_pkey";
ALTER TABLE ONLY public."FytoFormuleringen" DROP CONSTRAINT "FytoFormuleringen_pkey";
ALTER TABLE ONLY public."FytoFormHelp" DROP CONSTRAINT "FytoFormHelp_pkey";
ALTER TABLE ONLY public."FytoExtraWaardenPdtKenmerk" DROP CONSTRAINT "FytoExtraWaardenPdtKenmerk_pkey";
ALTER TABLE ONLY public."FytoExtraWaardenAtlKenmerk" DROP CONSTRAINT "FytoExtraWaardenAtlKenmerk_pkey";
ALTER TABLE ONLY public."FytoEenheden" DROP CONSTRAINT "FytoEenheden_pkey";
ALTER TABLE ONLY public."FytoDeelnemers" DROP CONSTRAINT "FytoDeelnemers_pkey";
ALTER TABLE ONLY public."FytoConcentraties" DROP CONSTRAINT "FytoConcentraties_pkey";
ALTER TABLE ONLY public."FytoConcentratieEenheden" DROP CONSTRAINT "FytoConcentratieEenheden_pkey";
ALTER TABLE ONLY public."FytoChemischeHoofdgroepen" DROP CONSTRAINT "FytoChemischeHoofdgroepen_pkey";
ALTER TABLE ONLY public."FytoChemischeGroepen" DROP CONSTRAINT "FytoChemischeGroepen_pkey";
ALTER TABLE ONLY public."FytoBestrMidHfdGroep" DROP CONSTRAINT "FytoBestrMidHfdGroep_pkey";
ALTER TABLE ONLY public."FytoBestrMidGroepen" DROP CONSTRAINT "FytoBestrMidGroepen_pkey";
ALTER TABLE ONLY public."FytoBestrMidGroepProduct" DROP CONSTRAINT "FytoBestrMidGroepProduct_pkey";
ALTER TABLE ONLY public."FytoArtikelkenmerken" DROP CONSTRAINT "FytoArtikelkenmerken_pkey";
ALTER TABLE ONLY public."FytoArtikelen" DROP CONSTRAINT "FytoArtikelen_pkey";
ALTER TABLE public."tempImpExpVersie" ALTER COLUMN "ID" DROP DEFAULT;
ALTER TABLE public."QsaaTabelAlias" ALTER COLUMN "TbaId" DROP DEFAULT;
ALTER TABLE public."Gvl_OA" ALTER COLUMN "ID" DROP DEFAULT;
ALTER TABLE public."FytoPeriodeAfzet" ALTER COLUMN "PatId" DROP DEFAULT;
ALTER TABLE public."FytoArtikelen" ALTER COLUMN autonumber DROP DEFAULT;
DROP SEQUENCE public."tempImpExpVersie_ID_seq";
DROP TABLE public."tempImpExpVersie";
DROP SEQUENCE public."QsaaTabelAlias_TbaId_seq";
DROP TABLE public."QsaaTabelAlias";
DROP TABLE public."QsaaSyscon";
DROP TABLE public."Paste Errors";
DROP SEQUENCE public."Gvl_OA_ID_seq";
DROP TABLE public."Gvl_OA";
DROP TABLE public."FytoWerkzameStoffen";
DROP TABLE public."FytoVormen";
DROP TABLE public."FytoVerkopersArtikelen";
DROP TABLE public."FytoVerbruiksplaatsen";
DROP TABLE public."FytoVarToepassingen";
DROP TABLE public."FytoToepassingsgebieden";
DROP TABLE public."FytoTeeltgroepenProduct";
DROP TABLE public."FytoTeeltgroepen";
DROP TABLE public."FytoStorlStatussen";
DROP TABLE public."FytoStandaardverpakkingen";
DROP TABLE public."FytoSZinnenProduct";
DROP TABLE public."FytoSZinnen";
DROP TABLE public."FytoRefCodes";
DROP TABLE public."FytoRapportcijfers";
DROP TABLE public."FytoRZinnenProduct";
DROP TABLE public."FytoRZinnen";
DROP TABLE public."FytoPublicaties";
DROP TABLE public."FytoProductkenmerken";
DROP TABLE public."FytoProducten";
DROP TABLE public."FytoProducentenProducten";
DROP TABLE public."FytoPrijzen";
DROP SEQUENCE public."FytoPeriodeAfzet_PatId_seq";
DROP TABLE public."FytoPeriodeAfzet";
DROP TABLE public."FytoOpslagcategorieen";
DROP TABLE public."FytoOmrekeningsfactoren";
DROP TABLE public."FytoOZinnenProduct";
DROP TABLE public."FytoOZinnen";
DROP TABLE public."FytoMutatieImport";
DROP TABLE public."FytoMilieucodesClm";
DROP TABLE public."FytoMilieucategorieen";
DROP TABLE public."FytoMilieuEffectenProduct";
DROP TABLE public."FytoMilieuEffecten";
DROP TABLE public."FytoMaterialenStdVerpak";
DROP TABLE public."FytoMaterialen";
DROP TABLE public."FytoKenmerkenProduct";
DROP TABLE public."FytoKenmerkenArtikel";
DROP TABLE public."FytoHoofdtoepassingsgebieden";
DROP TABLE public."FytoGevaarsymbolenProduct";
DROP TABLE public."FytoGevaarsymbolen";
DROP TABLE public."FytoFormuleringen";
DROP TABLE public."FytoFormHelp";
DROP TABLE public."FytoExtraWaardenPdtKenmerk";
DROP TABLE public."FytoExtraWaardenAtlKenmerk";
DROP TABLE public."FytoEenheden";
DROP TABLE public."FytoDomVeldType";
DROP TABLE public."FytoDomToelatingsnummerconstante";
DROP TABLE public."FytoDomRapportageEenheid";
DROP TABLE public."FytoDomPrijstype";
DROP TABLE public."FytoDomInhoudsmaat";
DROP TABLE public."FytoDomArtikelType";
DROP TABLE public."FytoDisclaimer";
DROP TABLE public."FytoDeelnemers";
DROP TABLE public."FytoDatVersiegegevens";
DROP TABLE public."FytoConcentraties";
DROP TABLE public."FytoConcentratieEenheden";
DROP TABLE public."FytoChemischeHoofdgroepen";
DROP TABLE public."FytoChemischeGroepen";
DROP TABLE public."FytoBestrMidHfdGroep";
DROP TABLE public."FytoBestrMidGroepen";
DROP TABLE public."FytoBestrMidGroepProduct";
DROP TABLE public."FytoArtikelkenmerken";
DROP SEQUENCE public."FytoArtikelen_autonumber_seq";
DROP TABLE public."FytoArtikelen";
DROP EXTENSION plpgsql;
DROP SCHEMA public;
--
-- Name: public; Type: SCHEMA; Schema: -; Owner: -
--

CREATE SCHEMA public;


--
-- Name: SCHEMA public; Type: COMMENT; Schema: -; Owner: -
--

COMMENT ON SCHEMA public IS 'standard public schema';


--
-- Name: plpgsql; Type: EXTENSION; Schema: -; Owner: -
--

CREATE EXTENSION IF NOT EXISTS plpgsql WITH SCHEMA pg_catalog;


--
-- Name: EXTENSION plpgsql; Type: COMMENT; Schema: -; Owner: -
--

COMMENT ON EXTENSION plpgsql IS 'PL/pgSQL procedural language';


SET search_path = public, pg_catalog;

SET default_tablespace = '';

SET default_with_oids = false;

--
-- Name: FytoArtikelen; Type: TABLE; Schema: public; Owner: -; Tablespace: 
--

CREATE TABLE "FytoArtikelen" (
    "AtlId" integer NOT NULL,
    "AtlType" character varying(1),
    "PdtId" integer NOT NULL,
    "SdgId" integer,
    "FytostatNummer" double precision,
    "Naam" character varying(60) NOT NULL,
    "Introductiedatum" date,
    "BestandsnaamVeiligheidsblad" character varying(12),
    "RapportageEenheid" integer,
    "AtlGvgId" integer,
    "VervoersvoorschriftJn" boolean NOT NULL,
    "SssId" integer,
    "AantalOnderliggendeNiveaus" double precision,
    "EanCode" double precision,
    "Inhoud" double precision,
    "Inhoudsmaat" integer,
    "UdhDatum" date,
    "Type" character varying(1),
    autonumber integer NOT NULL
);


--
-- Name: COLUMN "FytoArtikelen"."AtlType"; Type: COMMENT; Schema: public; Owner: -
--

COMMENT ON COLUMN "FytoArtikelen"."AtlType" IS 'P=Primaire verpakking,G=Grootverpakking';


--
-- Name: COLUMN "FytoArtikelen"."FytostatNummer"; Type: COMMENT; Schema: public; Owner: -
--

COMMENT ON COLUMN "FytoArtikelen"."FytostatNummer" IS '13pos';


--
-- Name: COLUMN "FytoArtikelen"."Introductiedatum"; Type: COMMENT; Schema: public; Owner: -
--

COMMENT ON COLUMN "FytoArtikelen"."Introductiedatum" IS 'Datum waarop het artikel in de handel geintroduceerd is of wordt';


--
-- Name: COLUMN "FytoArtikelen"."BestandsnaamVeiligheidsblad"; Type: COMMENT; Schema: public; Owner: -
--

COMMENT ON COLUMN "FytoArtikelen"."BestandsnaamVeiligheidsblad" IS 'Naam van het bestand waarin de integrale tekst van het veiligheidsblad is opgenomen';


--
-- Name: COLUMN "FytoArtikelen"."RapportageEenheid"; Type: COMMENT; Schema: public; Owner: -
--

COMMENT ON COLUMN "FytoArtikelen"."RapportageEenheid" IS '1pos;';


--
-- Name: COLUMN "FytoArtikelen"."VervoersvoorschriftJn"; Type: COMMENT; Schema: public; Owner: -
--

COMMENT ON COLUMN "FytoArtikelen"."VervoersvoorschriftJn" IS 'Geeft aan of er wel (J) of geen (N) ontheffing nodig is';


--
-- Name: COLUMN "FytoArtikelen"."AantalOnderliggendeNiveaus"; Type: COMMENT; Schema: public; Owner: -
--

COMMENT ON COLUMN "FytoArtikelen"."AantalOnderliggendeNiveaus" IS '4pos';


--
-- Name: COLUMN "FytoArtikelen"."EanCode"; Type: COMMENT; Schema: public; Owner: -
--

COMMENT ON COLUMN "FytoArtikelen"."EanCode" IS 'unieke code van een artikel 13pos';


--
-- Name: COLUMN "FytoArtikelen"."Inhoud"; Type: COMMENT; Schema: public; Owner: -
--

COMMENT ON COLUMN "FytoArtikelen"."Inhoud" IS 'Netto-gewicht of volume van het artikel 7pos';


--
-- Name: COLUMN "FytoArtikelen"."Inhoudsmaat"; Type: COMMENT; Schema: public; Owner: -
--

COMMENT ON COLUMN "FytoArtikelen"."Inhoudsmaat" IS '1pos;1=lt=liter,2=kg=kilogram';


--
-- Name: COLUMN "FytoArtikelen"."UdhDatum"; Type: COMMENT; Schema: public; Owner: -
--

COMMENT ON COLUMN "FytoArtikelen"."UdhDatum" IS 'Datum vanaf wanneer een artikel officieel uit de handel is';


--
-- Name: COLUMN "FytoArtikelen"."Type"; Type: COMMENT; Schema: public; Owner: -
--

COMMENT ON COLUMN "FytoArtikelen"."Type" IS 'Geeft aan of het record Nieuw,Origineel,Verwijderd of geMuteerd is';


--
-- Name: FytoArtikelen_autonumber_seq; Type: SEQUENCE; Schema: public; Owner: -
--

CREATE SEQUENCE "FytoArtikelen_autonumber_seq"
    START WITH 1
    INCREMENT BY 1
    NO MINVALUE
    NO MAXVALUE
    CACHE 1;


--
-- Name: FytoArtikelen_autonumber_seq; Type: SEQUENCE OWNED BY; Schema: public; Owner: -
--

ALTER SEQUENCE "FytoArtikelen_autonumber_seq" OWNED BY "FytoArtikelen".autonumber;


--
-- Name: FytoArtikelkenmerken; Type: TABLE; Schema: public; Owner: -; Tablespace: 
--

CREATE TABLE "FytoArtikelkenmerken" (
    "AtkId" integer NOT NULL,
    "Code" character varying(14) NOT NULL,
    "Omschr" character varying(60) NOT NULL,
    "Veldtype" double precision NOT NULL,
    "ToekenbaarJn" boolean NOT NULL,
    "AtkAtkId" integer,
    "MinimumWaarde" double precision,
    "MaximumWaarde" double precision,
    "Vervaldatum" date
);


--
-- Name: COLUMN "FytoArtikelkenmerken"."Code"; Type: COMMENT; Schema: public; Owner: -
--

COMMENT ON COLUMN "FytoArtikelkenmerken"."Code" IS 'Code van artikelkenmerk';


--
-- Name: COLUMN "FytoArtikelkenmerken"."Omschr"; Type: COMMENT; Schema: public; Owner: -
--

COMMENT ON COLUMN "FytoArtikelkenmerken"."Omschr" IS 'Omschrijving van artikelkenmerk';


--
-- Name: COLUMN "FytoArtikelkenmerken"."Veldtype"; Type: COMMENT; Schema: public; Owner: -
--

COMMENT ON COLUMN "FytoArtikelkenmerken"."Veldtype" IS 'Datatype van artikelkenmerk';


--
-- Name: COLUMN "FytoArtikelkenmerken"."ToekenbaarJn"; Type: COMMENT; Schema: public; Owner: -
--

COMMENT ON COLUMN "FytoArtikelkenmerken"."ToekenbaarJn" IS 'Is het kenmerk toekenbaar aan een artikel?';


--
-- Name: COLUMN "FytoArtikelkenmerken"."MinimumWaarde"; Type: COMMENT; Schema: public; Owner: -
--

COMMENT ON COLUMN "FytoArtikelkenmerken"."MinimumWaarde" IS 'Minimum numerieke waarde';


--
-- Name: COLUMN "FytoArtikelkenmerken"."MaximumWaarde"; Type: COMMENT; Schema: public; Owner: -
--

COMMENT ON COLUMN "FytoArtikelkenmerken"."MaximumWaarde" IS 'Maximum numerieke waarde';


--
-- Name: COLUMN "FytoArtikelkenmerken"."Vervaldatum"; Type: COMMENT; Schema: public; Owner: -
--

COMMENT ON COLUMN "FytoArtikelkenmerken"."Vervaldatum" IS 'Vervaldatum van dit artikelkenmerk';


--
-- Name: FytoBestrMidGroepProduct; Type: TABLE; Schema: public; Owner: -; Tablespace: 
--

CREATE TABLE "FytoBestrMidGroepProduct" (
    "BptId" integer NOT NULL,
    "BspId" integer,
    "PdtId" integer,
    "HoofdgroepJn" boolean NOT NULL,
    "Type" character varying(1)
);


--
-- Name: COLUMN "FytoBestrMidGroepProduct"."Type"; Type: COMMENT; Schema: public; Owner: -
--

COMMENT ON COLUMN "FytoBestrMidGroepProduct"."Type" IS 'Geeft aan of het record Nieuw,Origineel,Verwijderd of geMuteerd is';


--
-- Name: FytoBestrMidGroepen; Type: TABLE; Schema: public; Owner: -; Tablespace: 
--

CREATE TABLE "FytoBestrMidGroepen" (
    "BspId" integer NOT NULL,
    "Code" character varying(2) NOT NULL,
    "Omschr" character varying(60) NOT NULL,
    "BepId" integer NOT NULL,
    "Vervaldatum" timestamp without time zone
);


--
-- Name: FytoBestrMidHfdGroep; Type: TABLE; Schema: public; Owner: -; Tablespace: 
--

CREATE TABLE "FytoBestrMidHfdGroep" (
    "BepId" integer NOT NULL,
    "Code" character varying(2) NOT NULL,
    "Omschr" character varying(60) NOT NULL,
    "Vervaldatum" timestamp without time zone
);


--
-- Name: FytoChemischeGroepen; Type: TABLE; Schema: public; Owner: -; Tablespace: 
--

CREATE TABLE "FytoChemischeGroepen" (
    "CgpId" integer NOT NULL,
    "Code" integer NOT NULL,
    "ChpId" integer NOT NULL,
    "Omschr" character varying(60) NOT NULL,
    "Vervaldatum" timestamp without time zone
);


--
-- Name: FytoChemischeHoofdgroepen; Type: TABLE; Schema: public; Owner: -; Tablespace: 
--

CREATE TABLE "FytoChemischeHoofdgroepen" (
    "ChpId" integer NOT NULL,
    "Code" double precision NOT NULL,
    "Omschr" character varying(60) NOT NULL,
    "Vervaldatum" timestamp without time zone
);


--
-- Name: FytoConcentratieEenheden; Type: TABLE; Schema: public; Owner: -; Tablespace: 
--

CREATE TABLE "FytoConcentratieEenheden" (
    "CedId" integer NOT NULL,
    "Code" double precision NOT NULL,
    "Omschr" character varying(20) NOT NULL
);


--
-- Name: FytoConcentraties; Type: TABLE; Schema: public; Owner: -; Tablespace: 
--

CREATE TABLE "FytoConcentraties" (
    "CceId" integer NOT NULL,
    "WsfId" integer NOT NULL,
    "PdtId" integer NOT NULL,
    "Waarde" double precision NOT NULL,
    "Type" character varying(1)
);


--
-- Name: COLUMN "FytoConcentraties"."Waarde"; Type: COMMENT; Schema: public; Owner: -
--

COMMENT ON COLUMN "FytoConcentraties"."Waarde" IS 'Concentratie van de werkzame stof per product';


--
-- Name: COLUMN "FytoConcentraties"."Type"; Type: COMMENT; Schema: public; Owner: -
--

COMMENT ON COLUMN "FytoConcentraties"."Type" IS 'Geeft aan of het record Nieuw,Origineel,Verwijderd of geMuteerd is';


--
-- Name: FytoDatVersiegegevens; Type: TABLE; Schema: public; Owner: -; Tablespace: 
--

CREATE TABLE "FytoDatVersiegegevens" (
    "Titel" character varying(25),
    "Versienummer" character varying(5),
    "Versiedatum" date,
    "Rechthebbende" character varying(50),
    "Ontwikkelaar" character varying(50),
    "Omschrijving" text
);


--
-- Name: COLUMN "FytoDatVersiegegevens"."Titel"; Type: COMMENT; Schema: public; Owner: -
--

COMMENT ON COLUMN "FytoDatVersiegegevens"."Titel" IS 'Titel van het programma';


--
-- Name: COLUMN "FytoDatVersiegegevens"."Versienummer"; Type: COMMENT; Schema: public; Owner: -
--

COMMENT ON COLUMN "FytoDatVersiegegevens"."Versienummer" IS 'Versienummer';


--
-- Name: COLUMN "FytoDatVersiegegevens"."Versiedatum"; Type: COMMENT; Schema: public; Owner: -
--

COMMENT ON COLUMN "FytoDatVersiegegevens"."Versiedatum" IS 'Versiedatum';


--
-- Name: COLUMN "FytoDatVersiegegevens"."Rechthebbende"; Type: COMMENT; Schema: public; Owner: -
--

COMMENT ON COLUMN "FytoDatVersiegegevens"."Rechthebbende" IS 'Naam van de rechthebbende van het programma';


--
-- Name: COLUMN "FytoDatVersiegegevens"."Ontwikkelaar"; Type: COMMENT; Schema: public; Owner: -
--

COMMENT ON COLUMN "FytoDatVersiegegevens"."Ontwikkelaar" IS 'Naam van de ontwikkelaar';


--
-- Name: COLUMN "FytoDatVersiegegevens"."Omschrijving"; Type: COMMENT; Schema: public; Owner: -
--

COMMENT ON COLUMN "FytoDatVersiegegevens"."Omschrijving" IS 'Uitgebreide omschrijving van het programma';


--
-- Name: FytoDeelnemers; Type: TABLE; Schema: public; Owner: -; Tablespace: 
--

CREATE TABLE "FytoDeelnemers" (
    "DnrId" integer NOT NULL,
    "Code" integer NOT NULL,
    "Omschr" character varying(60) NOT NULL,
    "Afkorting" character varying(3) NOT NULL,
    "Vervaldatum" timestamp without time zone
);


--
-- Name: COLUMN "FytoDeelnemers"."Code"; Type: COMMENT; Schema: public; Owner: -
--

COMMENT ON COLUMN "FytoDeelnemers"."Code" IS 'Code van het deelnemende bedrijf';


--
-- Name: COLUMN "FytoDeelnemers"."Omschr"; Type: COMMENT; Schema: public; Owner: -
--

COMMENT ON COLUMN "FytoDeelnemers"."Omschr" IS 'Naam van het deelnemende bedrijf';


--
-- Name: COLUMN "FytoDeelnemers"."Afkorting"; Type: COMMENT; Schema: public; Owner: -
--

COMMENT ON COLUMN "FytoDeelnemers"."Afkorting" IS 'Afkorting van de naam van het bedrijf';


--
-- Name: FytoDisclaimer; Type: TABLE; Schema: public; Owner: -; Tablespace: 
--

CREATE TABLE "FytoDisclaimer" (
    "Text" text
);


--
-- Name: COLUMN "FytoDisclaimer"."Text"; Type: COMMENT; Schema: public; Owner: -
--

COMMENT ON COLUMN "FytoDisclaimer"."Text" IS 'disclaimertext';


--
-- Name: FytoDomArtikelType; Type: TABLE; Schema: public; Owner: -; Tablespace: 
--

CREATE TABLE "FytoDomArtikelType" (
    "Typeletter" character varying(1),
    "TypeAfkorting" character varying(18),
    "Type" character varying(22)
);


--
-- Name: FytoDomInhoudsmaat; Type: TABLE; Schema: public; Owner: -; Tablespace: 
--

CREATE TABLE "FytoDomInhoudsmaat" (
    "Domeinnummer" integer,
    "Afkorting" character varying(4),
    "Inhoudsmaat" character varying(50)
);


--
-- Name: COLUMN "FytoDomInhoudsmaat"."Domeinnummer"; Type: COMMENT; Schema: public; Owner: -
--

COMMENT ON COLUMN "FytoDomInhoudsmaat"."Domeinnummer" IS 'nummer zoals oracle die wil zien';


--
-- Name: COLUMN "FytoDomInhoudsmaat"."Inhoudsmaat"; Type: COMMENT; Schema: public; Owner: -
--

COMMENT ON COLUMN "FytoDomInhoudsmaat"."Inhoudsmaat" IS 'inhoudsmaat voor o.a.FytoArtikelen';


--
-- Name: FytoDomPrijstype; Type: TABLE; Schema: public; Owner: -; Tablespace: 
--

CREATE TABLE "FytoDomPrijstype" (
    "Waarde" character varying(1),
    "Afkorting" character varying(2),
    "Betekenis" character varying(20)
);


--
-- Name: FytoDomRapportageEenheid; Type: TABLE; Schema: public; Owner: -; Tablespace: 
--

CREATE TABLE "FytoDomRapportageEenheid" (
    "FisNummer" integer,
    "AfkortingEenheid" character varying(6),
    "BetekenisEenheid" character varying(20)
);


--
-- Name: FytoDomToelatingsnummerconstante; Type: TABLE; Schema: public; Owner: -; Tablespace: 
--

CREATE TABLE "FytoDomToelatingsnummerconstante" (
    "Waarde" character varying(1),
    "Afkorting" character varying(50),
    "Betekenis" character varying(50)
);


--
-- Name: FytoDomVeldType; Type: TABLE; Schema: public; Owner: -; Tablespace: 
--

CREATE TABLE "FytoDomVeldType" (
    "FisNummer" character varying(50),
    "Afkorting" character varying(50),
    "Waarde" character varying(50)
);


--
-- Name: FytoEenheden; Type: TABLE; Schema: public; Owner: -; Tablespace: 
--

CREATE TABLE "FytoEenheden" (
    "EhdId" integer NOT NULL,
    "Code" character varying(14) NOT NULL,
    "Omschr" character varying(60) NOT NULL,
    "Vervaldatum" date
);


--
-- Name: FytoExtraWaardenAtlKenmerk; Type: TABLE; Schema: public; Owner: -; Tablespace: 
--

CREATE TABLE "FytoExtraWaardenAtlKenmerk" (
    "EakId" integer NOT NULL,
    "KalId" integer,
    "EhdId" integer,
    "Nummer" double precision,
    "Character" character varying(240),
    "Datum" date,
    type character varying(1)
);


--
-- Name: COLUMN "FytoExtraWaardenAtlKenmerk"."Nummer"; Type: COMMENT; Schema: public; Owner: -
--

COMMENT ON COLUMN "FytoExtraWaardenAtlKenmerk"."Nummer" IS 'Numerieke waarde';


--
-- Name: COLUMN "FytoExtraWaardenAtlKenmerk"."Character"; Type: COMMENT; Schema: public; Owner: -
--

COMMENT ON COLUMN "FytoExtraWaardenAtlKenmerk"."Character" IS 'Character-waarde';


--
-- Name: COLUMN "FytoExtraWaardenAtlKenmerk"."Datum"; Type: COMMENT; Schema: public; Owner: -
--

COMMENT ON COLUMN "FytoExtraWaardenAtlKenmerk"."Datum" IS 'Datum-waarde';


--
-- Name: FytoExtraWaardenPdtKenmerk; Type: TABLE; Schema: public; Owner: -; Tablespace: 
--

CREATE TABLE "FytoExtraWaardenPdtKenmerk" (
    "EpkId" integer NOT NULL,
    "KptId" integer,
    "EhdId" integer,
    "Nummer" double precision,
    "Character" character varying(240),
    "Datum" date,
    type character varying(1)
);


--
-- Name: COLUMN "FytoExtraWaardenPdtKenmerk"."Nummer"; Type: COMMENT; Schema: public; Owner: -
--

COMMENT ON COLUMN "FytoExtraWaardenPdtKenmerk"."Nummer" IS 'Numerieke waarde';


--
-- Name: COLUMN "FytoExtraWaardenPdtKenmerk"."Character"; Type: COMMENT; Schema: public; Owner: -
--

COMMENT ON COLUMN "FytoExtraWaardenPdtKenmerk"."Character" IS 'Character-waarde';


--
-- Name: COLUMN "FytoExtraWaardenPdtKenmerk"."Datum"; Type: COMMENT; Schema: public; Owner: -
--

COMMENT ON COLUMN "FytoExtraWaardenPdtKenmerk"."Datum" IS 'Datum-waarde';


--
-- Name: FytoFormHelp; Type: TABLE; Schema: public; Owner: -; Tablespace: 
--

CREATE TABLE "FytoFormHelp" (
    "HlpAppln" character varying(30) NOT NULL,
    "HlpIndex" character varying(100) NOT NULL,
    "HlpModtabName" character varying(30) NOT NULL,
    "HlpGenerated" character varying(1),
    "HlpSeq" integer NOT NULL,
    "HlpText" character varying(70),
    "HlpType" character varying(1) NOT NULL
);


--
-- Name: FytoFormuleringen; Type: TABLE; Schema: public; Owner: -; Tablespace: 
--

CREATE TABLE "FytoFormuleringen" (
    "FmgId" integer NOT NULL,
    "Code" character varying(2) NOT NULL,
    "EcpaBenaming" character varying(80) NOT NULL,
    "VrmId" integer NOT NULL,
    "Vervaldatum" date
);


--
-- Name: FytoGevaarsymbolen; Type: TABLE; Schema: public; Owner: -; Tablespace: 
--

CREATE TABLE "FytoGevaarsymbolen" (
    "GvlId" integer NOT NULL,
    "Code" character varying(2) NOT NULL,
    "Omschr" character varying(150) NOT NULL,
    "Vervaldatum" date
);


--
-- Name: FytoGevaarsymbolenProduct; Type: TABLE; Schema: public; Owner: -; Tablespace: 
--

CREATE TABLE "FytoGevaarsymbolenProduct" (
    "GptId" integer NOT NULL,
    "PdtId" integer NOT NULL,
    "GvlId" integer NOT NULL,
    "Type" character varying(1)
);


--
-- Name: COLUMN "FytoGevaarsymbolenProduct"."Type"; Type: COMMENT; Schema: public; Owner: -
--

COMMENT ON COLUMN "FytoGevaarsymbolenProduct"."Type" IS 'Geeft aan of het record Nieuw,Origineel,Verwijderd of geMuteerd is';


--
-- Name: FytoHoofdtoepassingsgebieden; Type: TABLE; Schema: public; Owner: -; Tablespace: 
--

CREATE TABLE "FytoHoofdtoepassingsgebieden" (
    "HtdId" integer NOT NULL,
    "Code" double precision NOT NULL,
    "Omschr" character varying(25) NOT NULL,
    "Vervaldatum" date
);


--
-- Name: COLUMN "FytoHoofdtoepassingsgebieden"."Code"; Type: COMMENT; Schema: public; Owner: -
--

COMMENT ON COLUMN "FytoHoofdtoepassingsgebieden"."Code" IS 'Unieke code voor de classificatie hoofdgroep';


--
-- Name: COLUMN "FytoHoofdtoepassingsgebieden"."Omschr"; Type: COMMENT; Schema: public; Owner: -
--

COMMENT ON COLUMN "FytoHoofdtoepassingsgebieden"."Omschr" IS 'Eerste omschrijving voor de classificatie hoofdgroep';


--
-- Name: FytoKenmerkenArtikel; Type: TABLE; Schema: public; Owner: -; Tablespace: 
--

CREATE TABLE "FytoKenmerkenArtikel" (
    "KalId" integer NOT NULL,
    "AtkId" integer,
    "AtlId" integer,
    "Type" character varying(1)
);


--
-- Name: FytoKenmerkenProduct; Type: TABLE; Schema: public; Owner: -; Tablespace: 
--

CREATE TABLE "FytoKenmerkenProduct" (
    "KptId" integer NOT NULL,
    "PdtId" integer NOT NULL,
    "PdkId" integer NOT NULL,
    "Type" character varying(1)
);


--
-- Name: FytoMaterialen; Type: TABLE; Schema: public; Owner: -; Tablespace: 
--

CREATE TABLE "FytoMaterialen" (
    "MtlId" integer NOT NULL,
    "Code" character varying(3) NOT NULL,
    "Omschr" character varying(60) NOT NULL,
    "Vervaldatum" date
);


--
-- Name: FytoMaterialenStdVerpak; Type: TABLE; Schema: public; Owner: -; Tablespace: 
--

CREATE TABLE "FytoMaterialenStdVerpak" (
    "MsgId" integer NOT NULL,
    "MtlId" integer NOT NULL,
    "SdgId" integer NOT NULL,
    "Gewicht" double precision NOT NULL,
    "HoofdmateriaalJn" boolean NOT NULL,
    "Type" character varying(1)
);


--
-- Name: COLUMN "FytoMaterialenStdVerpak"."HoofdmateriaalJn"; Type: COMMENT; Schema: public; Owner: -
--

COMMENT ON COLUMN "FytoMaterialenStdVerpak"."HoofdmateriaalJn" IS 'J(a) of N(ee).';


--
-- Name: COLUMN "FytoMaterialenStdVerpak"."Type"; Type: COMMENT; Schema: public; Owner: -
--

COMMENT ON COLUMN "FytoMaterialenStdVerpak"."Type" IS 'Geeft aan of het record Nieuw,Origineel,Verwijderd of geMuteerd is';


--
-- Name: FytoMilieuEffecten; Type: TABLE; Schema: public; Owner: -; Tablespace: 
--

CREATE TABLE "FytoMilieuEffecten" (
    "MetId" integer NOT NULL,
    "Code" character varying(1) NOT NULL,
    "Omschr" character varying(200) NOT NULL,
    "Vervaldatum" date
);


--
-- Name: FytoMilieuEffectenProduct; Type: TABLE; Schema: public; Owner: -; Tablespace: 
--

CREATE TABLE "FytoMilieuEffectenProduct" (
    "MctId" integer NOT NULL,
    "PdtId" integer NOT NULL,
    "MetId" integer NOT NULL,
    "Type" character varying(1)
);


--
-- Name: COLUMN "FytoMilieuEffectenProduct"."Type"; Type: COMMENT; Schema: public; Owner: -
--

COMMENT ON COLUMN "FytoMilieuEffectenProduct"."Type" IS 'Geeft aan of het record Nieuw,Origineel,Verwijderd of geMuteerd is';


--
-- Name: FytoMilieucategorieen; Type: TABLE; Schema: public; Owner: -; Tablespace: 
--

CREATE TABLE "FytoMilieucategorieen" (
    "MieId" integer NOT NULL,
    "Code" double precision NOT NULL,
    "Omschr" character varying(25) NOT NULL,
    "Vervaldatum" date
);


--
-- Name: FytoMilieucodesClm; Type: TABLE; Schema: public; Owner: -; Tablespace: 
--

CREATE TABLE "FytoMilieucodesClm" (
    "McmId" integer NOT NULL,
    "Code" character varying(2) NOT NULL,
    "Omschr" character varying(60) NOT NULL,
    "Vervaldatum" date
);


--
-- Name: FytoMutatieImport; Type: TABLE; Schema: public; Owner: -; Tablespace: 
--

CREATE TABLE "FytoMutatieImport" (
    "MtiId" integer NOT NULL,
    "DnrId" integer NOT NULL,
    "Versie" double precision NOT NULL,
    "SubVersie" character varying(1) NOT NULL,
    "TabelAlias" character varying(3),
    "Importdatum" date,
    "HerimporterenJn" character varying(1) NOT NULL
);


--
-- Name: FytoOZinnen; Type: TABLE; Schema: public; Owner: -; Tablespace: 
--

CREATE TABLE "FytoOZinnen" (
    "OznId" integer NOT NULL,
    "Code" character varying(6),
    "Omschr" text NOT NULL,
    "Vervaldatum" date,
    "Type" character varying(1)
);


--
-- Name: COLUMN "FytoOZinnen"."Code"; Type: COMMENT; Schema: public; Owner: -
--

COMMENT ON COLUMN "FytoOZinnen"."Code" IS 'code wordt altijd voorafgegaan door ''O '' (= hoofdletter O + spati';


--
-- Name: COLUMN "FytoOZinnen"."Type"; Type: COMMENT; Schema: public; Owner: -
--

COMMENT ON COLUMN "FytoOZinnen"."Type" IS 'Geeft aan of het record Nieuw,Origineel,Verwijderd of geMuteerd is';


--
-- Name: FytoOZinnenProduct; Type: TABLE; Schema: public; Owner: -; Tablespace: 
--

CREATE TABLE "FytoOZinnenProduct" (
    "OptId" integer NOT NULL,
    "OznId" integer NOT NULL,
    "PdtId" integer NOT NULL,
    "Type" character varying(1)
);


--
-- Name: COLUMN "FytoOZinnenProduct"."Type"; Type: COMMENT; Schema: public; Owner: -
--

COMMENT ON COLUMN "FytoOZinnenProduct"."Type" IS 'Geeft aan of het record Nieuw,Origineel,Verwijderd of geMuteerd is';


--
-- Name: FytoOmrekeningsfactoren; Type: TABLE; Schema: public; Owner: -; Tablespace: 
--

CREATE TABLE "FytoOmrekeningsfactoren" (
    "OrrId" integer NOT NULL,
    "PdtId" integer NOT NULL,
    "Begindatum" date NOT NULL,
    "Factor" integer NOT NULL,
    "Einddatum" date,
    "Type" character varying(1)
);


--
-- Name: COLUMN "FytoOmrekeningsfactoren"."Type"; Type: COMMENT; Schema: public; Owner: -
--

COMMENT ON COLUMN "FytoOmrekeningsfactoren"."Type" IS 'Geeft aan of het record Nieuw,Origineel,Verwijderd of geMuteerd is';


--
-- Name: FytoOpslagcategorieen; Type: TABLE; Schema: public; Owner: -; Tablespace: 
--

CREATE TABLE "FytoOpslagcategorieen" (
    "OseId" integer NOT NULL,
    "Code" character varying(2) NOT NULL,
    "Omschr" character varying(40),
    "Vervaldatum" date
);


--
-- Name: FytoPeriodeAfzet; Type: TABLE; Schema: public; Owner: -; Tablespace: 
--

CREATE TABLE "FytoPeriodeAfzet" (
    "PatId" integer NOT NULL,
    "ValId" integer NOT NULL,
    "Begindatum" date NOT NULL,
    "Aantal" integer NOT NULL,
    "GewijzigdJn" character varying(1) NOT NULL,
    "PrintenJn" character varying(1) NOT NULL
);


--
-- Name: COLUMN "FytoPeriodeAfzet"."Begindatum"; Type: COMMENT; Schema: public; Owner: -
--

COMMENT ON COLUMN "FytoPeriodeAfzet"."Begindatum" IS 'kwartaal';


--
-- Name: COLUMN "FytoPeriodeAfzet"."Aantal"; Type: COMMENT; Schema: public; Owner: -
--

COMMENT ON COLUMN "FytoPeriodeAfzet"."Aantal" IS 'Hoeveelheid verkochte interne rekeneenheden';


--
-- Name: COLUMN "FytoPeriodeAfzet"."PrintenJn"; Type: COMMENT; Schema: public; Owner: -
--

COMMENT ON COLUMN "FytoPeriodeAfzet"."PrintenJn" IS 'Voor de analyse van afzetafwijkingendient aangegeven te kunnen worden';


--
-- Name: FytoPeriodeAfzet_PatId_seq; Type: SEQUENCE; Schema: public; Owner: -
--

CREATE SEQUENCE "FytoPeriodeAfzet_PatId_seq"
    START WITH 1
    INCREMENT BY 1
    NO MINVALUE
    NO MAXVALUE
    CACHE 1;


--
-- Name: FytoPeriodeAfzet_PatId_seq; Type: SEQUENCE OWNED BY; Schema: public; Owner: -
--

ALTER SEQUENCE "FytoPeriodeAfzet_PatId_seq" OWNED BY "FytoPeriodeAfzet"."PatId";


--
-- Name: FytoPrijzen; Type: TABLE; Schema: public; Owner: -; Tablespace: 
--

CREATE TABLE "FytoPrijzen" (
    "PrsId" integer NOT NULL,
    "ValId" integer NOT NULL,
    "Ingangsdatum" date NOT NULL,
    "Prijstype" character varying(1) NOT NULL,
    "Prijs" double precision NOT NULL,
    "Type" character varying(1)
);


--
-- Name: COLUMN "FytoPrijzen"."Prijstype"; Type: COMMENT; Schema: public; Owner: -
--

COMMENT ON COLUMN "FytoPrijzen"."Prijstype" IS 'Geeft aan: basis-adviesprijs of telers-adviesprijs';


--
-- Name: COLUMN "FytoPrijzen"."Type"; Type: COMMENT; Schema: public; Owner: -
--

COMMENT ON COLUMN "FytoPrijzen"."Type" IS 'Geeft aan of het record Nieuw,Origineel,Verwijderd of geMuteerd is';


--
-- Name: FytoProducentenProducten; Type: TABLE; Schema: public; Owner: -; Tablespace: 
--

CREATE TABLE "FytoProducentenProducten" (
    "PptId" integer NOT NULL,
    "DnrId" integer NOT NULL,
    "PdtId" integer NOT NULL,
    "Begindatum" date NOT NULL,
    "Type" character varying(1)
);


--
-- Name: FytoProducten; Type: TABLE; Schema: public; Owner: -; Tablespace: 
--

CREATE TABLE "FytoProducten" (
    "PdtId" integer NOT NULL,
    "VbsId" integer,
    "OseId" integer,
    "CedId" integer,
    "FmgId" integer,
    "Merknaam" character varying(60) NOT NULL,
    "Toelatingsnummer" integer NOT NULL,
    "Toelatingsnummerconstante" character varying(1) NOT NULL,
    "EvoKaartnummer" character varying(20),
    "GevaarsetiketADR" character varying(10),
    "BestandsnaamEtikettekst" character varying(12),
    "VervallenJn" boolean NOT NULL,
    "ToelatingsverlengingJn" boolean NOT NULL,
    "GevarenklasseTransport" character varying(10),
    "UnCode" character varying(6),
    "TpdId" integer,
    "McmId" integer,
    "Toelatingsexpiratie" date,
    "UitersteOpgebruikdatum" timestamp without time zone,
    "WNummer" double precision,
    "UitersteVerkoopdatum" date,
    "TekstVrachtbrief" character varying(255),
    "SoortelijkGewicht" double precision,
    "MinimumOpslagtemperatuur" integer,
    "MaximumOpslagtemperatuur" integer,
    "Type" character varying(1),
    "Omrekenfactor" integer
);


--
-- Name: COLUMN "FytoProducten"."Merknaam"; Type: COMMENT; Schema: public; Owner: -
--

COMMENT ON COLUMN "FytoProducten"."Merknaam" IS 'De naam waarmee het product in de toelatingsbeschikking wordt';


--
-- Name: COLUMN "FytoProducten"."Toelatingsnummer"; Type: COMMENT; Schema: public; Owner: -
--

COMMENT ON COLUMN "FytoProducten"."Toelatingsnummer" IS 'Het nummer waaronder het product bij het CTB is geregistreerd';


--
-- Name: COLUMN "FytoProducten"."EvoKaartnummer"; Type: COMMENT; Schema: public; Owner: -
--

COMMENT ON COLUMN "FytoProducten"."EvoKaartnummer" IS 'beheer EVO';


--
-- Name: COLUMN "FytoProducten"."GevaarsetiketADR"; Type: COMMENT; Schema: public; Owner: -
--

COMMENT ON COLUMN "FytoProducten"."GevaarsetiketADR" IS 'Het nummer van het gevaarsetiket volgens randnummer 3902';


--
-- Name: COLUMN "FytoProducten"."BestandsnaamEtikettekst"; Type: COMMENT; Schema: public; Owner: -
--

COMMENT ON COLUMN "FytoProducten"."BestandsnaamEtikettekst" IS 'naam van het bestand waarin de integrale etikettekst is opgenomen die op het product van toepassing is=[toelatingsnummer] & [toelatingnummerconstante]';


--
-- Name: COLUMN "FytoProducten"."ToelatingsverlengingJn"; Type: COMMENT; Schema: public; Owner: -
--

COMMENT ON COLUMN "FytoProducten"."ToelatingsverlengingJn" IS 'kenmerk waarmee wordt aangegeven of er bij expiratie van de toelating een verlenging is aangevraagd';


--
-- Name: COLUMN "FytoProducten"."GevarenklasseTransport"; Type: COMMENT; Schema: public; Owner: -
--

COMMENT ON COLUMN "FytoProducten"."GevarenklasseTransport" IS 'De klasse op grond van het ADR/VLG, inclusief het opsommingscijfer en de gevaaraanduiding (a, b of c), leeg=n.v.t.';


--
-- Name: COLUMN "FytoProducten"."UnCode"; Type: COMMENT; Schema: public; Owner: -
--

COMMENT ON COLUMN "FytoProducten"."UnCode" IS 'Nummer waaronder het product op grond van ADR/VLG wordt ingedeeld';


--
-- Name: COLUMN "FytoProducten"."Toelatingsexpiratie"; Type: COMMENT; Schema: public; Owner: -
--

COMMENT ON COLUMN "FytoProducten"."Toelatingsexpiratie" IS 'Expiratie datum van de toelating';


--
-- Name: COLUMN "FytoProducten"."UitersteOpgebruikdatum"; Type: COMMENT; Schema: public; Owner: -
--

COMMENT ON COLUMN "FytoProducten"."UitersteOpgebruikdatum" IS 'kan na toelatingsexpiratie liggen';


--
-- Name: COLUMN "FytoProducten"."WNummer"; Type: COMMENT; Schema: public; Owner: -
--

COMMENT ON COLUMN "FytoProducten"."WNummer" IS 'versienummer van het gebruiksvoorschrift';


--
-- Name: COLUMN "FytoProducten"."UitersteVerkoopdatum"; Type: COMMENT; Schema: public; Owner: -
--

COMMENT ON COLUMN "FytoProducten"."UitersteVerkoopdatum" IS 'uiterste datum waarop artikel van een product met vorige versienummer verkocht mag worden';


--
-- Name: COLUMN "FytoProducten"."TekstVrachtbrief"; Type: COMMENT; Schema: public; Owner: -
--

COMMENT ON COLUMN "FytoProducten"."TekstVrachtbrief" IS 'De omschrijving van de stof zoals die op grond van randnummer 2002(3) op het vervoersdocument moet worden vermeld';


--
-- Name: COLUMN "FytoProducten"."SoortelijkGewicht"; Type: COMMENT; Schema: public; Owner: -
--

COMMENT ON COLUMN "FytoProducten"."SoortelijkGewicht" IS 'rekeneenheid voor vloeistoffen: het soortelijk gewicht bij ca. 20 graden Celcius';


--
-- Name: COLUMN "FytoProducten"."MinimumOpslagtemperatuur"; Type: COMMENT; Schema: public; Owner: -
--

COMMENT ON COLUMN "FytoProducten"."MinimumOpslagtemperatuur" IS 'minimum temperatuur in graden Celsius voor opslag';


--
-- Name: COLUMN "FytoProducten"."MaximumOpslagtemperatuur"; Type: COMMENT; Schema: public; Owner: -
--

COMMENT ON COLUMN "FytoProducten"."MaximumOpslagtemperatuur" IS 'maximum temperatuur in graden Celsius voor opslag';


--
-- Name: COLUMN "FytoProducten"."Type"; Type: COMMENT; Schema: public; Owner: -
--

COMMENT ON COLUMN "FytoProducten"."Type" IS 'Geeft aan of het record Nieuw,Origineel,Verwijderd of geMuteerd is';


--
-- Name: FytoProductkenmerken; Type: TABLE; Schema: public; Owner: -; Tablespace: 
--

CREATE TABLE "FytoProductkenmerken" (
    "PdkId" integer NOT NULL,
    "Code" character varying(14) NOT NULL,
    "Omschr" character varying(60) NOT NULL,
    "Veldtype" double precision NOT NULL,
    "ToekenbaarJn" boolean NOT NULL,
    "PdkPdkId" integer,
    "MinimumWaarde" double precision,
    "MaximumWaarde" double precision,
    "Vervaldatum" date
);


--
-- Name: COLUMN "FytoProductkenmerken"."Code"; Type: COMMENT; Schema: public; Owner: -
--

COMMENT ON COLUMN "FytoProductkenmerken"."Code" IS 'Code van artikelkenmerk';


--
-- Name: COLUMN "FytoProductkenmerken"."Omschr"; Type: COMMENT; Schema: public; Owner: -
--

COMMENT ON COLUMN "FytoProductkenmerken"."Omschr" IS 'Omschrijving van artikelkenmerk';


--
-- Name: COLUMN "FytoProductkenmerken"."Veldtype"; Type: COMMENT; Schema: public; Owner: -
--

COMMENT ON COLUMN "FytoProductkenmerken"."Veldtype" IS 'Datatype van artikelkenmerk';


--
-- Name: COLUMN "FytoProductkenmerken"."ToekenbaarJn"; Type: COMMENT; Schema: public; Owner: -
--

COMMENT ON COLUMN "FytoProductkenmerken"."ToekenbaarJn" IS 'Is het kenmerk toekenbaar aan een artikel?';


--
-- Name: COLUMN "FytoProductkenmerken"."MinimumWaarde"; Type: COMMENT; Schema: public; Owner: -
--

COMMENT ON COLUMN "FytoProductkenmerken"."MinimumWaarde" IS 'Minimum numerieke waarde';


--
-- Name: COLUMN "FytoProductkenmerken"."MaximumWaarde"; Type: COMMENT; Schema: public; Owner: -
--

COMMENT ON COLUMN "FytoProductkenmerken"."MaximumWaarde" IS 'Maximum numerieke waarde';


--
-- Name: COLUMN "FytoProductkenmerken"."Vervaldatum"; Type: COMMENT; Schema: public; Owner: -
--

COMMENT ON COLUMN "FytoProductkenmerken"."Vervaldatum" IS 'Vervaldatum van dit artikelkenmerk';


--
-- Name: FytoPublicaties; Type: TABLE; Schema: public; Owner: -; Tablespace: 
--

CREATE TABLE "FytoPublicaties" (
    "PbsId" integer NOT NULL,
    "TbaId" integer NOT NULL,
    "Veldnaam" character varying(30) NOT NULL,
    "Status" character varying(1) NOT NULL
);


--
-- Name: FytoRZinnen; Type: TABLE; Schema: public; Owner: -; Tablespace: 
--

CREATE TABLE "FytoRZinnen" (
    "RznId" integer NOT NULL,
    "Code" character varying(14) NOT NULL,
    "Omschr" character varying(150) NOT NULL,
    "Vervaldatum" date
);


--
-- Name: FytoRZinnenProduct; Type: TABLE; Schema: public; Owner: -; Tablespace: 
--

CREATE TABLE "FytoRZinnenProduct" (
    "RptId" integer NOT NULL,
    "PdtId" integer NOT NULL,
    "RznId" integer NOT NULL,
    "Type" character varying(1)
);


--
-- Name: COLUMN "FytoRZinnenProduct"."Type"; Type: COMMENT; Schema: public; Owner: -
--

COMMENT ON COLUMN "FytoRZinnenProduct"."Type" IS 'Geeft aan of het record Nieuw,Origineel,Verwijderd of geMuteerd is';


--
-- Name: FytoRapportcijfers; Type: TABLE; Schema: public; Owner: -; Tablespace: 
--

CREATE TABLE "FytoRapportcijfers" (
    "RprId" integer NOT NULL,
    "TptId" integer NOT NULL,
    "MieId" integer NOT NULL,
    "Cijfer" integer NOT NULL,
    "Type" character varying(1)
);


--
-- Name: COLUMN "FytoRapportcijfers"."Type"; Type: COMMENT; Schema: public; Owner: -
--

COMMENT ON COLUMN "FytoRapportcijfers"."Type" IS 'Geeft aan of het record Nieuw,Origineel,Verwijderd of geMuteerd is';


--
-- Name: FytoRefCodes; Type: TABLE; Schema: public; Owner: -; Tablespace: 
--

CREATE TABLE "FytoRefCodes" (
    "RvLowValue" character varying(240) NOT NULL,
    "RvHighValue" character varying(240),
    "RvAbbreviation" character varying(240),
    "RvDomain" integer,
    "RvMeaning" character varying(240),
    "RvType" character varying(10)
);


--
-- Name: FytoSZinnen; Type: TABLE; Schema: public; Owner: -; Tablespace: 
--

CREATE TABLE "FytoSZinnen" (
    "SznId" integer NOT NULL,
    "Code" character varying(14) NOT NULL,
    "Omschr" character varying(200) NOT NULL,
    "VtgId" integer,
    "Vervaldatum" date
);


--
-- Name: FytoSZinnenProduct; Type: TABLE; Schema: public; Owner: -; Tablespace: 
--

CREATE TABLE "FytoSZinnenProduct" (
    "SptId" integer NOT NULL,
    "PdtId" integer NOT NULL,
    "SznId" integer NOT NULL,
    "Variabele" character varying(60),
    "Type" character varying(1)
);


--
-- Name: COLUMN "FytoSZinnenProduct"."Type"; Type: COMMENT; Schema: public; Owner: -
--

COMMENT ON COLUMN "FytoSZinnenProduct"."Type" IS 'Geeft aan of het record Nieuw,Origineel,Verwijderd of geMuteerd is';


--
-- Name: FytoStandaardverpakkingen; Type: TABLE; Schema: public; Owner: -; Tablespace: 
--

CREATE TABLE "FytoStandaardverpakkingen" (
    "SdgId" integer NOT NULL,
    "DnrId" integer NOT NULL,
    "Code" double precision NOT NULL,
    "Omschr" character varying(60) NOT NULL,
    "Vervaldatum" date,
    "Type" character varying(1)
);


--
-- Name: COLUMN "FytoStandaardverpakkingen"."Type"; Type: COMMENT; Schema: public; Owner: -
--

COMMENT ON COLUMN "FytoStandaardverpakkingen"."Type" IS 'Geeft aan of het record Nieuw,Origineel,Verwijderd of geMuteerd is';


--
-- Name: FytoStorlStatussen; Type: TABLE; Schema: public; Owner: -; Tablespace: 
--

CREATE TABLE "FytoStorlStatussen" (
    "SssId" integer NOT NULL,
    "Code" character varying(2) NOT NULL,
    "Omschr" character varying(200) NOT NULL,
    "Vervaldatum" date
);


--
-- Name: FytoTeeltgroepen; Type: TABLE; Schema: public; Owner: -; Tablespace: 
--

CREATE TABLE "FytoTeeltgroepen" (
    "TgpId" integer NOT NULL,
    "Code" integer NOT NULL,
    "Omschr" character varying(25) NOT NULL,
    "Vervaldatum" date,
    "Type" character varying(50)
);


--
-- Name: COLUMN "FytoTeeltgroepen"."Type"; Type: COMMENT; Schema: public; Owner: -
--

COMMENT ON COLUMN "FytoTeeltgroepen"."Type" IS 'Geeft aan of het record Nieuw,Origineel,Verwijderd of geMuteerd is';


--
-- Name: FytoTeeltgroepenProduct; Type: TABLE; Schema: public; Owner: -; Tablespace: 
--

CREATE TABLE "FytoTeeltgroepenProduct" (
    "TptId" integer NOT NULL,
    "PdtId" integer NOT NULL,
    "TgpId" integer NOT NULL,
    "Type" character varying(1)
);


--
-- Name: COLUMN "FytoTeeltgroepenProduct"."PdtId"; Type: COMMENT; Schema: public; Owner: -
--

COMMENT ON COLUMN "FytoTeeltgroepenProduct"."PdtId" IS 'foreign key naar producten';


--
-- Name: COLUMN "FytoTeeltgroepenProduct"."TgpId"; Type: COMMENT; Schema: public; Owner: -
--

COMMENT ON COLUMN "FytoTeeltgroepenProduct"."TgpId" IS 'foreign key naar teeltgroepen';


--
-- Name: FytoToepassingsgebieden; Type: TABLE; Schema: public; Owner: -; Tablespace: 
--

CREATE TABLE "FytoToepassingsgebieden" (
    "TpdId" integer NOT NULL,
    "TpdTpdId" integer,
    "HtdId" integer NOT NULL,
    "Code" integer NOT NULL,
    "Omschr" character varying(40) NOT NULL,
    "Vervaldatum" date
);


--
-- Name: COLUMN "FytoToepassingsgebieden"."TpdTpdId"; Type: COMMENT; Schema: public; Owner: -
--

COMMENT ON COLUMN "FytoToepassingsgebieden"."TpdTpdId" IS 'Subtoepassings Id';


--
-- Name: COLUMN "FytoToepassingsgebieden"."Code"; Type: COMMENT; Schema: public; Owner: -
--

COMMENT ON COLUMN "FytoToepassingsgebieden"."Code" IS 'Unieke code voor de classificatie groep';


--
-- Name: COLUMN "FytoToepassingsgebieden"."Omschr"; Type: COMMENT; Schema: public; Owner: -
--

COMMENT ON COLUMN "FytoToepassingsgebieden"."Omschr" IS 'Eerste omschrijving van de klassificatiegroep';


--
-- Name: FytoVarToepassingen; Type: TABLE; Schema: public; Owner: -; Tablespace: 
--

CREATE TABLE "FytoVarToepassingen" (
    "VtgId" integer NOT NULL,
    "Code" double precision NOT NULL,
    "Omschr" character varying(150) NOT NULL,
    "Vervaldatum" date
);


--
-- Name: FytoVerbruiksplaatsen; Type: TABLE; Schema: public; Owner: -; Tablespace: 
--

CREATE TABLE "FytoVerbruiksplaatsen" (
    "VbsId" integer NOT NULL,
    "Code" double precision NOT NULL,
    "Omschr" character varying(25) NOT NULL,
    "Vervaldatum" date
);


--
-- Name: FytoVerkopersArtikelen; Type: TABLE; Schema: public; Owner: -; Tablespace: 
--

CREATE TABLE "FytoVerkopersArtikelen" (
    "ValId" integer NOT NULL,
    "DnrId" integer NOT NULL,
    "AtlId" integer NOT NULL,
    "Begindatum" date NOT NULL,
    "Nummer" integer NOT NULL,
    "Type" character varying(1)
);


--
-- Name: COLUMN "FytoVerkopersArtikelen"."Nummer"; Type: COMMENT; Schema: public; Owner: -
--

COMMENT ON COLUMN "FytoVerkopersArtikelen"."Nummer" IS 'Artikelnummer door verkoper toegekend';


--
-- Name: FytoVormen; Type: TABLE; Schema: public; Owner: -; Tablespace: 
--

CREATE TABLE "FytoVormen" (
    "VrmId" integer NOT NULL,
    "Code" double precision NOT NULL,
    "Omschr" character varying(10) NOT NULL,
    "Vervaldatum" date
);


--
-- Name: COLUMN "FytoVormen"."Code"; Type: COMMENT; Schema: public; Owner: -
--

COMMENT ON COLUMN "FytoVormen"."Code" IS 'Code van de productvorm';


--
-- Name: COLUMN "FytoVormen"."Omschr"; Type: COMMENT; Schema: public; Owner: -
--

COMMENT ON COLUMN "FytoVormen"."Omschr" IS 'Omschrijving van de productvorm';


--
-- Name: COLUMN "FytoVormen"."Vervaldatum"; Type: COMMENT; Schema: public; Owner: -
--

COMMENT ON COLUMN "FytoVormen"."Vervaldatum" IS 'Vervaldatum van de productvorm';


--
-- Name: FytoWerkzameStoffen; Type: TABLE; Schema: public; Owner: -; Tablespace: 
--

CREATE TABLE "FytoWerkzameStoffen" (
    "WsfId" integer NOT NULL,
    "CgpId" integer,
    "Code" double precision,
    "Omschr" character varying(40) NOT NULL,
    "PrintIndicatorJN" boolean NOT NULL,
    "Type" character varying(1)
);


--
-- Name: COLUMN "FytoWerkzameStoffen"."CgpId"; Type: COMMENT; Schema: public; Owner: -
--

COMMENT ON COLUMN "FytoWerkzameStoffen"."CgpId" IS 'Kan niet toegewezen worden door deelnemers';


--
-- Name: COLUMN "FytoWerkzameStoffen"."Code"; Type: COMMENT; Schema: public; Owner: -
--

COMMENT ON COLUMN "FytoWerkzameStoffen"."Code" IS 'Code van de werkzame stof (3 posities, niet toegewezen door deelnemers)';


--
-- Name: COLUMN "FytoWerkzameStoffen"."Omschr"; Type: COMMENT; Schema: public; Owner: -
--

COMMENT ON COLUMN "FytoWerkzameStoffen"."Omschr" IS 'Omschrijving van de werkzame stof';


--
-- Name: COLUMN "FytoWerkzameStoffen"."PrintIndicatorJN"; Type: COMMENT; Schema: public; Owner: -
--

COMMENT ON COLUMN "FytoWerkzameStoffen"."PrintIndicatorJN" IS 'geeft aan of de werkzame stof  moet worden weergegeven op de samenvatting van de jaarlijkse afzet van werkzame stoffen';


--
-- Name: COLUMN "FytoWerkzameStoffen"."Type"; Type: COMMENT; Schema: public; Owner: -
--

COMMENT ON COLUMN "FytoWerkzameStoffen"."Type" IS 'Geeft aan of het record Nieuw,Origineel,Verwijderd of geMuteerd is';


--
-- Name: Gvl_OA; Type: TABLE; Schema: public; Owner: -; Tablespace: 
--

CREATE TABLE "Gvl_OA" (
    "ID" integer NOT NULL,
    "Field1" integer,
    "Field2" integer,
    "Field3" double precision,
    "Field4" character varying(40),
    "Field5" integer,
    "Field6" character varying(2)
);


--
-- Name: Gvl_OA_ID_seq; Type: SEQUENCE; Schema: public; Owner: -
--

CREATE SEQUENCE "Gvl_OA_ID_seq"
    START WITH 1
    INCREMENT BY 1
    NO MINVALUE
    NO MAXVALUE
    CACHE 1;


--
-- Name: Gvl_OA_ID_seq; Type: SEQUENCE OWNED BY; Schema: public; Owner: -
--

ALTER SEQUENCE "Gvl_OA_ID_seq" OWNED BY "Gvl_OA"."ID";


--
-- Name: Paste Errors; Type: TABLE; Schema: public; Owner: -; Tablespace: 
--

CREATE TABLE "Paste Errors" (
    "Tpd Id" integer,
    "TpdTpdId" integer,
    "Htd Id" integer,
    "Code" integer,
    "Omschrijving" character varying(255),
    "Vervaldatum" timestamp without time zone
);


--
-- Name: QsaaSyscon; Type: TABLE; Schema: public; Owner: -; Tablespace: 
--

CREATE TABLE "QsaaSyscon" (
    "SysconNaam" character varying(30) NOT NULL,
    "ZichtbaarJn" character varying(1) NOT NULL,
    "SysconOmschr" character varying(60),
    "NumberWaarde" double precision,
    "Varchar2Waarde" text,
    "DateWaarde" timestamp without time zone
);


--
-- Name: COLUMN "QsaaSyscon"."SysconNaam"; Type: COMMENT; Schema: public; Owner: -
--

COMMENT ON COLUMN "QsaaSyscon"."SysconNaam" IS 'Naam van de systeemconstante.';


--
-- Name: COLUMN "QsaaSyscon"."ZichtbaarJn"; Type: COMMENT; Schema: public; Owner: -
--

COMMENT ON COLUMN "QsaaSyscon"."ZichtbaarJn" IS 'Is deze systeemconstante zichtbaar voor de gebruiker?';


--
-- Name: COLUMN "QsaaSyscon"."SysconOmschr"; Type: COMMENT; Schema: public; Owner: -
--

COMMENT ON COLUMN "QsaaSyscon"."SysconOmschr" IS 'Omschrijving van de systeemconstante.';


--
-- Name: COLUMN "QsaaSyscon"."NumberWaarde"; Type: COMMENT; Schema: public; Owner: -
--

COMMENT ON COLUMN "QsaaSyscon"."NumberWaarde" IS 'Numerieke waarde van de systeemconstante.';


--
-- Name: COLUMN "QsaaSyscon"."Varchar2Waarde"; Type: COMMENT; Schema: public; Owner: -
--

COMMENT ON COLUMN "QsaaSyscon"."Varchar2Waarde" IS 'Tekstuele code van de systeemcontante.';


--
-- Name: COLUMN "QsaaSyscon"."DateWaarde"; Type: COMMENT; Schema: public; Owner: -
--

COMMENT ON COLUMN "QsaaSyscon"."DateWaarde" IS 'Datumwaarde van de systeemconstante.';


--
-- Name: QsaaTabelAlias; Type: TABLE; Schema: public; Owner: -; Tablespace: 
--

CREATE TABLE "QsaaTabelAlias" (
    "TbaId" integer NOT NULL,
    "Tabelnaam" character varying(30),
    "Alias" character varying(10)
);


--
-- Name: COLUMN "QsaaTabelAlias"."TbaId"; Type: COMMENT; Schema: public; Owner: -
--

COMMENT ON COLUMN "QsaaTabelAlias"."TbaId" IS 'Uniek nummer voor tabel alias.';


--
-- Name: COLUMN "QsaaTabelAlias"."Tabelnaam"; Type: COMMENT; Schema: public; Owner: -
--

COMMENT ON COLUMN "QsaaTabelAlias"."Tabelnaam" IS 'Naam van de tabel.';


--
-- Name: COLUMN "QsaaTabelAlias"."Alias"; Type: COMMENT; Schema: public; Owner: -
--

COMMENT ON COLUMN "QsaaTabelAlias"."Alias" IS 'De alias van de tabel.';


--
-- Name: QsaaTabelAlias_TbaId_seq; Type: SEQUENCE; Schema: public; Owner: -
--

CREATE SEQUENCE "QsaaTabelAlias_TbaId_seq"
    START WITH 1
    INCREMENT BY 1
    NO MINVALUE
    NO MAXVALUE
    CACHE 1;


--
-- Name: QsaaTabelAlias_TbaId_seq; Type: SEQUENCE OWNED BY; Schema: public; Owner: -
--

ALTER SEQUENCE "QsaaTabelAlias_TbaId_seq" OWNED BY "QsaaTabelAlias"."TbaId";


--
-- Name: tempImpExpVersie; Type: TABLE; Schema: public; Owner: -; Tablespace: 
--

CREATE TABLE "tempImpExpVersie" (
    "ID" integer NOT NULL,
    "tempImpVersie" character varying(3),
    "TempImpDate" date,
    "Munteenheid" integer
);


--
-- Name: COLUMN "tempImpExpVersie"."tempImpVersie"; Type: COMMENT; Schema: public; Owner: -
--

COMMENT ON COLUMN "tempImpExpVersie"."tempImpVersie" IS 'de importversie deze wordt gebruikt voor het aanmaken van het exportbestand';


--
-- Name: COLUMN "tempImpExpVersie"."TempImpDate"; Type: COMMENT; Schema: public; Owner: -
--

COMMENT ON COLUMN "tempImpExpVersie"."TempImpDate" IS 'de datum van de laatste import';


--
-- Name: COLUMN "tempImpExpVersie"."Munteenheid"; Type: COMMENT; Schema: public; Owner: -
--

COMMENT ON COLUMN "tempImpExpVersie"."Munteenheid" IS '1=euro, 2=gulden';


--
-- Name: tempImpExpVersie_ID_seq; Type: SEQUENCE; Schema: public; Owner: -
--

CREATE SEQUENCE "tempImpExpVersie_ID_seq"
    START WITH 1
    INCREMENT BY 1
    NO MINVALUE
    NO MAXVALUE
    CACHE 1;


--
-- Name: tempImpExpVersie_ID_seq; Type: SEQUENCE OWNED BY; Schema: public; Owner: -
--

ALTER SEQUENCE "tempImpExpVersie_ID_seq" OWNED BY "tempImpExpVersie"."ID";


--
-- Name: autonumber; Type: DEFAULT; Schema: public; Owner: -
--

ALTER TABLE ONLY "FytoArtikelen" ALTER COLUMN autonumber SET DEFAULT nextval('"FytoArtikelen_autonumber_seq"'::regclass);


--
-- Name: PatId; Type: DEFAULT; Schema: public; Owner: -
--

ALTER TABLE ONLY "FytoPeriodeAfzet" ALTER COLUMN "PatId" SET DEFAULT nextval('"FytoPeriodeAfzet_PatId_seq"'::regclass);


--
-- Name: ID; Type: DEFAULT; Schema: public; Owner: -
--

ALTER TABLE ONLY "Gvl_OA" ALTER COLUMN "ID" SET DEFAULT nextval('"Gvl_OA_ID_seq"'::regclass);


--
-- Name: TbaId; Type: DEFAULT; Schema: public; Owner: -
--

ALTER TABLE ONLY "QsaaTabelAlias" ALTER COLUMN "TbaId" SET DEFAULT nextval('"QsaaTabelAlias_TbaId_seq"'::regclass);


--
-- Name: ID; Type: DEFAULT; Schema: public; Owner: -
--

ALTER TABLE ONLY "tempImpExpVersie" ALTER COLUMN "ID" SET DEFAULT nextval('"tempImpExpVersie_ID_seq"'::regclass);


--
-- Data for Name: FytoArtikelen; Type: TABLE DATA; Schema: public; Owner: -
--

COPY "FytoArtikelen" ("AtlId", "AtlType", "PdtId", "SdgId", "FytostatNummer", "Naam", "Introductiedatum", "BestandsnaamVeiligheidsblad", "RapportageEenheid", "AtlGvgId", "VervoersvoorschriftJn", "SssId", "AantalOnderliggendeNiveaus", "EanCode", "Inhoud", "Inhoudsmaat", "UdhDatum", "Type", autonumber) FROM stdin;
110204	P	103361	100487	20592141	TOPSIN M ULTRA 1 liter	2013-01-01	E7211NA.PDF	1	\N	t	1	\N	8717545251782	1	1	\N	I	67043
109720	P	104072	101406	20591677	VLIEGEN EN MUGGENSPRAY 400ML 4000680063063	2009-01-01	E12391NA.PDF	3	\N	f	100001	\N	\N	0.400000000000000022	2	\N	I	67044
109441	P	104209	101321	20591433	CRUISER SB 200 ltr vat	2007-01-01	E12863NA.PDF	1	\N	f	6	\N	\N	200	1	\N	I	67045
109445	P	103224	100925	20591437	KUMULUS S (1 X 15 KG)	2007-01-01	E6147NA.PDF	2	\N	f	2	\N	4014348523752	15	2	\N	I	67046
109447	P	104211	100261	20591439	PROSARO 5 LTR	2006-10-27	E12843NA.PDF	1	\N	t	1	\N	4000680073956	5	1	\N	I	67047
110201	P	104465	100574	20592138	LUNA PRIVILEGE 12x1ltr	2013-01-01	E13832NA.PDF	1	\N	f	1	\N	4000680074779	1	1	\N	I	67048
109438	P	104152	101470	20591430	ALLEGRO PLUS (1 liter) OV	2007-01-01	E12747NA.PDF	1	\N	t	1	\N	4014348516105	1	1	\N	I	67049
110203	P	104467	100751	20592140	NISSODIUM 1 liter	2012-08-01	E13775NA.PDF	1	\N	t	1	\N	8717545251836	1	1	\N	I	67050
109435	P	103466	101600	20591427	SUPERCAID 1000kg	2007-01-01	E7830NA.PDF	2	\N	f	7	\N	\N	1000	2	\N	I	67051
110205	P	103361	100496	20592142	TOPSIN M ULTRA 10 liter	2013-01-01	E7211NA.PDF	1	\N	t	1	\N	8717545251805	10	1	\N	I	67052
109457	P	104214	100270	20591449	KONTAKT 320 SC, 5 L	2007-05-01	E12899Na.pdf	1	\N	t	1	\N	8718077000367	5	1	\N	I	67053
109459	P	104123	101603	20591451	SIGNUM (1 kg)	2007-05-01	E12630NA.PDF	2	\N	t	2	\N	4014348379403	1	2	\N	I	67054
109464	P	102695	100968	20591456	SHIRLAN FLOW 10 LTR	2007-03-01	E12205Na.pdf	1	\N	t	1	\N	8717545041369	10	1	\N	I	67055
109467	P	104154	100500	20591458	KARATE ZEON 5 LTR	2007-03-01	E12698Na.pdf	1	\N	t	1	\N	8717545041185	5	1	\N	I	67056
109474	P	104050	101658	20591466	STEWARD 30WG 1 KG	2007-03-01	E12371NA.PDF	2	\N	t	1	\N	\N	1	2	\N	I	67057
110202	P	104280	101391	20592139	EXEMPTOR 10kg	2013-01-01	E13138NA.PDF	2	\N	f	\N	\N	\N	10	2	\N	I	67058
109359	P	102865	100720	20591403	MIRAGE PLUS 570 SC, 10 L VERPAKKING	2007-01-01	E11529Na.pdf	1	\N	t	1	\N	8718077000220	10	1	\N	I	67059
108868	P	103940	101458	20590944	POKON PLANTSTICK DISPLAY INHOUD 528 x10x2 gram	2003-01-01	E11998NA.PDF	3	\N	f	1	\N	\N	10.5600000000000005	2	\N	I	67060
109724	P	103857	101677	20591680	DIMANIN COMBI DP (36X500ML, 60X 1000ML) NG	2009-01-01	E9984NA.PDF	3	\N	f	100001	\N	8712171016316	78	1	2013-10-01	I	67061
109692	P	104201	101424	20591681	CLEAR-UP SPRAY N 1 liter	2005-12-16	E12769NA.PDF	3	\N	f	100001	\N	4000680057574	1	1	\N	I	67062
109693	P	104201	101440	20591682	CLEAR-UP POWERSPRAY REFILL 5 LTR	2009-01-01	E12769NA.PDF	3	\N	f	100001	\N	\N	5	1	\N	I	67063
109696	P	104158	101420	20591683	CLEAR-UP 360 N 250ml (sleeve)	2009-01-01	E12593NA.PDF	3	\N	f	100001	\N	4000680063094	0.25	1	2013-10-01	I	67064
109440	P	104208	101601	20591432	CRUISER 70 WS 20 kg	2007-01-01	E12852Na.pdf	2	\N	t	3	\N	8717545041178	20	2	\N	I	67065
109350	P	103236	101573	20591386	JEPOLINEX 10 LT	2006-05-01	E6215NA.PDF	1	\N	t	1	\N	\N	10	1	\N	I	67066
109488	P	104218	100451	20591483	BELLIS (5 kg) OV	2007-07-01	E12845Na.pdf	2	\N	t	2	\N	4014348540780	5	2	\N	I	67067
109361	P	102917	100270	16013566	MIRAGE ELAN (5LT)	1997-07-01	E11824NA.PDF	1	\N	t	1	\N	8718077002040	5	1	\N	I	67068
109364	P	104199	101425	20591408	CALYPSO VLOEIBAAR 100 ml	2007-01-01	E12835NA.PDF	3	\N	f	100001	\N	4000680063551	0.100000000000000006	1	\N	I	67069
109366	P	104200	101424	20591410	CALYPSO SPRAY 1000 ml	2007-01-01	E12813NB.PDF	3	\N	f	100001	\N	4000680063575	1	1	\N	I	67070
109338	P	104198	100587	20591399	ZANDAL WG 25 KG BAG	2007-01-01	E12866Na.PDF	2	\N	t	1	\N	\N	25	2	\N	I	67071
109369	P	104202	101417	20591412	LIZETAN PLANTENSPRAY 400ML(12823)	2007-01-01	E12832NA.PDF	3	\N	f	7	\N	\N	0.400000000000000022	2	2013-12-31	I	67072
109370	P	104202	101431	20591413	LIZETAN PLANTENSPRAY 250ML (12832N)	2007-01-01	E12832NA.PDF	3	\N	f	7	\N	\N	0.25	2	2013-12-31	I	67073
109698	P	104158	101668	20591684	CLEAR-UP CONC COMBI Display (49x100ml,36x250ml,36x500ml	2009-01-01	E12593NA.PDF	3	\N	f	100001	\N	8712171016248	31.8999999999999986	1	2013-10-01	I	67074
109703	P	102921	101396	20591689	MASAI 10g	2009-01-01	E11833Na.pdf	3	\N	f	100001	\N	\N	0.0100000000000000002	2	\N	I	67075
109575	P	104244	101381	20591556	TOKI (1 kg)	2008-01-01	E12968NA.PDF	2	\N	t	2	\N	4014348565080	1	2	\N	I	67076
109577	P	104245	101642	20591558	PIRON MIERENMIDDEL 200gram	2008-01-01	DUMMY.PDF	3	\N	f	7	\N	4000680063728	0.200000000000000011	2	\N	I	67077
109578	P	104245	101643	20591559	PIRON MIERENMIDDEL 400gr	2008-01-01	DUMMY.PDF	3	\N	f	7	\N	4000680063735	0.400000000000000022	2	\N	I	67078
109580	P	104217	100959	20591561	CRUISER 350 FS 200 LT	2007-01-01	E12913NA.PDF	1	\N	t	6	\N	8717545041451	200	1	\N	I	67079
109700	P	104199	101419	20591686	CALYPSO VLOEIBAAR 400ml	2009-01-01	E12835NA.PDF	3	\N	f	100001	\N	\N	0.400000000000000022	1	\N	I	67080
109478	P	102886	101606	20591470	ROYAL MH SPUITKORREL 20 KG	2007-05-14	E11599NA.PDF	2	\N	f	2	\N	8717545250822	20	2	\N	I	67081
109702	P	104070	101406	20591688	PYRETHRUM SPRAY 400ml  4000680063124	2009-01-01	E12389Na.pdf	3	\N	f	100001	\N	\N	0.400000000000000022	2	\N	I	67082
109549	P	104227	101633	20591530	ADMIRE N 50 g	2008-01-01	DUMMY.PDF	3	\N	f	7	\N	4000680063711	0.0500000000000000028	2	2013-12-31	I	67083
109707	P	103837	101396	20591693	STEKMIDDEL 25G	2009-01-01	E9874NA.PDF	3	\N	f	100001	\N	\N	0.0200000000000000004	2	\N	I	67084
109708	P	103857	101670	20591694	DIMANIN 500ML ean4000680009238	2009-01-01	E9984NA.PDF	3	\N	f	100001	\N	\N	0.5	1	\N	I	67085
109694	P	104158	101423	20591695	CLEAR-UP 360 N 750ml sleeve 4000680063421	2009-01-01	E12593Na.pdf	3	\N	f	100001	\N	\N	0.75	1	2013-10-01	I	67086
109695	P	104158	101418	20591696	CLEAR-UP 360 N 500ml (sleeve)4000680063100	2009-01-01	E12593NA.PDF	3	\N	f	100001	\N	\N	0.5	1	2013-10-01	I	67087
109697	P	104158	101426	20591697	CLEAR-UP 360 N 100ml 4000680063087	2009-01-01	E12593Na.pdf	3	\N	f	100001	\N	\N	0.100000000000000006	1	2013-10-01	I	67088
109725	P	104268	101470	20591698	FIESTA (1 liter) OV	2009-02-01	E13137NA.PDF	1	\N	t	1	\N	4014348496209	1	1	2013-12-31	I	67089
109701	P	103940	101409	20591687	ADMIRE INSECTENPIN (krt 20st)	2009-01-01	E11998NA.PDF	3	\N	f	100001	\N	\N	0.0400000000000000008	2	2013-12-31	I	67090
109510	P	102643	101600	20591496	FRAP HAVERKORRELS 1000KG	2007-06-01	E10423NG.PDF	2	\N	f	7	\N	\N	1000	2	\N	I	67091
109719	P	104073	101467	20591676	WESPENPOEDER N 75 gr	2009-01-01	E12151NA.PDF	3	\N	f	\N	\N	4000680063131	0.0749999999999999972	2	\N	I	67092
109498	P	104221	101329	20591490	INFINITO 10 LTR	2007-06-01	E12927Na.pdf	1	\N	t	1	\N	4000680074076	10	1	\N	I	67093
109499	P	104222	101327	20591491	CANTACK 1 LTR	2007-07-01	E12939NA.PDF	1	\N	f	1	\N	4000680073673	10	1	\N	I	67094
109429	P	104207	100501	20591421	CALARIS 10 LTR	2007-01-01	E12878Na.pdf	1	\N	t	1	\N	8717545041260	10	1	\N	I	67095
109500	P	104223	101429	20591492	GAZON INSECT 30gr	2007-06-01	E12919Na.pdf	3	\N	f	7	\N	4000680063650	0.0299999999999999989	2	2013-12-31	I	67096
109505	P	102770	101608	14210251	CAREX 1 ltr	2007-05-01	E11101NA.PDF	1	\N	t	1	\N	4260100288692	1	1	\N	I	67097
109552	P	104218	101603	20591533	BELLIS (1 kg) OV	2008-01-01	E12845NA.PDF	2	\N	t	2	\N	4014348541176	1	2	\N	I	67098
109507	P	104065	101610	20590874	NEEMAZAL-T/S  5 lt	2007-06-01	E12455NA.PDF	1	\N	f	1	\N	\N	5	1	\N	I	67099
109550	P	104225	101406	20591531	MIEREN EN KRUIPEND ONGEDIERTESPRAY 400ml	2008-01-01	DUMMY.PDF	3	\N	f	7	\N	4000680063704	0.400000000000000022	2	\N	I	67100
109539	P	104236	100500	20591521	REVUS 5 LTR	2008-01-01	E12969Na.pdf	1	\N	f	1	\N	8717545041468	5	1	\N	I	67101
109541	P	104236	100501	20591522	REVUS 10 LTR	2008-01-01	E12969Na.pdf	1	\N	f	1	\N	8717545041482	10	1	\N	I	67102
109546	P	104237	100261	20591527	RUDIS 5 lt	2008-01-01	E12970NA.PDF	1	\N	f	1	\N	4000680074175	5	1	\N	I	67103
109547	P	104238	100826	20591528	MESUROL FS 50L	2008-01-01	E12964NA.PDF	1	\N	f	3	\N	4000680071822	50	1	\N	I	67104
109548	P	104238	100826	20591529	MESUROL FS 1000L	2008-01-01	E12964NA.PDF	1	\N	f	6	\N	\N	1000	1	\N	I	67105
109490	P	104168	101470	20591480	MUNDIAL (1 liter) OV	2007-07-01	E12802Na.pdf	1	\N	t	1	\N	4014348547307	1	1	\N	I	67106
109506	P	103212	101609	14393960	FRUITONE 12x1L	2007-06-01	E6083NA.PDF	1	\N	f	1	\N	\N	12	1	\N	I	67107
109414	P	102741	101591	20590763	PROSEED 20 liter	2002-08-01	E10918NA.PDF	1	\N	t	1	\N	8717545251218	20	1	\N	I	67108
109721	P	102644	101675	20591678	FRAP MUIZENKORRELS 2X25G	2009-01-01	E10424NA.PDF	3	\N	f	100001	\N	4000680063964	0.0500000000000000028	2	2013-12-31	I	67109
109402	P	104193	101588	20591389	GRO-STOP INNOVATOR 10 LITER	2006-01-01	E12638NA.PDF	1	\N	f	1	\N	\N	10	1	\N	I	67110
109403	P	104145	101584	20591218	GRO-STOP READY 10LT	2005-07-01	E12637NA.PDF	1	\N	f	1	\N	\N	10	1	\N	I	67111
109408	P	103268	101590	20590691	MONAM GECONC. 200 Lt	2002-04-19	DUMMY.PDF	1	\N	t	4	\N	\N	200	1	\N	I	67112
109409	P	103289	101591	16005440	OLIE-H 20 liter	1987-10-01	E6598NA.PDF	1	\N	t	1	\N	8717545251157	20	1	\N	I	67113
109399	P	103047	101598	16013427	GRO-STOP FOG 5 Lt	1996-10-01	E4563NA.PDF	1	\N	t	3	\N	\N	5	1	\N	I	67114
109413	P	103289	101583	1001786	OLIE-H 1000 liter	1997-04-01	E6598NA.PDF	1	\N	t	6	\N	8717545251171	1000	1	\N	I	67115
109397	P	102889	101586	16013419	GRO-STOP BASIS 5 Lt	1995-11-17	E11631NA.PDF	1	\N	f	1	\N	\N	5	1	\N	I	67116
109415	P	102741	101626	20590756	PROSEED 900 liter	2002-08-01	E10918NA.PDF	1	\N	t	6	\N	8717545251232	900	1	\N	I	67117
109422	P	103021	101594	16013590	GRO-STOP POEDER 5 Kg	1988-06-04	E4285NA.PDF	2	\N	f	3	\N	8717545251058	5	2	\N	I	67118
109639	P	104232	101656	20591619	FINION FRAP 200g	2008-04-01	DUMMY.PDF	3	\N	f	7	\N	\N	0.200000000000000011	2	2013-12-31	I	67119
109640	P	103466	101433	20591620	SUPERCAID-HAVERKORRELS 800g	2008-04-01	E7830NA.PDF	3	\N	f	100001	\N	\N	0.800000000000000044	2	\N	I	67120
109641	P	102643	101433	20591621	FRAP HAVERKORRELS 800gr	2008-04-01	E10423NF.PDF	3	\N	f	100001	\N	\N	0.800000000000000044	2	\N	I	67121
109642	P	104260	101642	20591622	POKON MIERENSTOP 200 gr	2008-01-01	E12980NA.PDF	3	\N	f	100001	\N	\N	0.200000000000000011	2	\N	I	67122
109410	P	103289	101590	16005432	OLIE-H 200 liter	1987-10-01	E6598NA.PDF	1	\N	t	6	\N	8717545251164	200	1	\N	I	67123
109628	P	104245	101642	20591608	HG MIERENPOEDER  200g	2008-01-01	DUMMY.PDF	2	\N	f	7	\N	\N	0.200000000000000011	2	\N	I	67124
110388	P	104534	101768	20592325	VIVENDI 100 1 ltr	2013-05-14	E13531NA.PDF	1	\N	f	7	\N	\N	1	1	\N	I	67125
108870	P	102643	101441	20590946	FINION FRAP 800 gram	2003-01-01	DUMMY.PDF	3	\N	f	2	\N	\N	0.800000000000000044	2	2013-10-01	I	67126
109621	P	102600	101650	20591601	METALD N SLAKKENKORRELS 400g sleeve	2008-01-01	E10163NA.PDF	3	\N	f	7	\N	\N	0.400000000000000022	2	\N	I	67127
109622	P	102600	101651	20591602	METALD N SLAKKENKORRELS 800g sleeve	2008-01-01	E10163NA.PDF	3	\N	f	7	\N	\N	0.800000000000000044	2	\N	I	67128
109624	P	102949	101652	20591604	AA MIX VLOEIBAAR 1 ltr	2000-01-01	E12346NA.PDF	3	\N	f	1	\N	\N	1	1	\N	I	67129
109401	P	103047	101597	20590884	GRO-STOP FOG 10 Lt	1996-10-01	E4563NA.PDF	1	\N	t	3	\N	\N	10	1	\N	I	67130
109627	P	104245	101654	20591607	ROXASECT MIERENPOEDER 200g tegen tuinmieren	2008-01-01	DUMMY.PDF	3	\N	f	7	\N	\N	0.200000000000000011	2	2013-12-31	I	67131
109647	P	104166	100494	20591626	GAZELLE 1 kg	2008-05-01	E12809NA.PDF	2	\N	f	1	\N	8717545251492	1	2	\N	I	67132
109629	P	104157	101655	20591609	ROXASECT MUIZENKORRELS 200 gram	2008-01-01	E12754NA.PDF	3	\N	f	7	\N	\N	0.200000000000000011	2	\N	I	67133
109631	P	104257	100261	20591611	FOLICUR SC 5 ltr	2008-04-04	E13057NA.PDF	1	\N	f	1	\N	4000680074274	5	1	\N	I	67134
109632	P	104096	100261	20591612	CALYPSO 5 LTR	2008-03-01	E12452NB.PDF	1	\N	t	1	\N	4000680074243	5	1	\N	I	67135
109633	P	104169	100567	20591613	ATLANTIS 2 KG	2008-01-01	E12748NA.PDF	2	\N	t	1	\N	4000680074083	2	2	\N	I	67136
109389	P	102992	101586	20590974	CHLOOR-IPC 40% VLB 5 LITER	2004-02-01	E3992NA.PDF	1	\N	t	1	\N	\N	5	1	\N	I	67137
109393	P	102992	101588	16012722	CHLOOR-IPC 40% VLB 10 LITER	1987-10-01	E3992NA.PDF	1	\N	t	1	\N	\N	10	1	\N	I	67138
109625	P	102949	101390	20591605	AA MIX VLOEIBAAR 5 ltr	2008-01-01	E12346NB.PDF	1	\N	f	1	\N	\N	5	1	\N	I	67139
110196	P	103988	101328	20592133	TRAMAT 200  EC (5 Ltr)	2013-01-01	E12873NA.PDF	1	\N	t	1	\N	4000680074045	5	1	\N	I	67140
109710	P	102820	101670	20591667	DIMANIN ULTRA 500 ML 4000680046042	2009-01-01	E11302NA.PDF	3	\N	f	100001	\N	\N	0.5	1	\N	I	67141
109711	P	102820	101671	20591668	DIMANIN ULTRA 1000ML  4000680010340	2009-01-01	E11302NA.PDF	3	\N	f	100001	\N	\N	1	1	\N	I	67142
109712	P	102604	101427	20591669	VERIGAL 30 ML 4000680010104	2009-01-01	E10191NA.PDF	3	\N	f	100001	\N	\N	0.0299999999999999989	1	2013-12-31	I	67143
109713	P	103916	101426	20591670	GAZON NET N 100 ML 4000680035480 3691504	2009-01-01	E11997NA.PDF	3	\N	f	100001	\N	\N	0.100000000000000006	1	2014-08-01	I	67144
109714	P	103721	101408	20591671	MOSMIDDEL 1KG+250G GRATIS	2009-01-01	E9327NA.PDF	3	\N	f	100001	\N	\N	1.25	2	\N	I	67145
109643	P	104261	101585	20591623	MAXCEL 5 liter	2008-12-17	E13147NA.PDF	1	\N	f	1	\N	8717545251539	5	1	\N	I	67146
109716	P	104266	101672	20591673	SMART BAYT 400G	2008-12-01	DUMMY.PDF	3	\N	f	7	\N	4000680063988	0.400000000000000022	2	\N	I	67147
109659	P	104264	100500	20591638	MILAGRO EXTRA 5 LTR	2008-12-01	E13043Na.pdf	1	\N	t	1	\N	\N	5	1	\N	I	67148
110197	P	102678	101333	20592134	VONDAC  DG (10 kg)	2013-01-01	E10602NA.PDF	2	\N	t	2	\N	3596110007949	10	2	\N	I	67149
110198	P	102670	101333	20592135	TRIDEX DG (10 KG)	2013-01-01	E10560NA.PDF	2	\N	t	1	\N	\N	10	2	\N	I	67150
110199	P	104464	100968	20592136	REGLONE BOLD 10 Liter	2013-02-08	E13944NA.PDF	1	\N	t	3	\N	\N	10	1	\N	I	67151
110200	P	104463	100517	20592137	BONTIMA 5 Liter	2012-12-20	E13883NA.PDF	1	\N	t	1	\N	\N	5	1	\N	I	67152
109717	P	104266	101673	20591674	SMART BAYT 800G+25% GRATIS	2008-12-01	DUMMY.PDF	3	\N	f	100001	\N	4000680063995	1	2	\N	I	67153
109718	P	104266	101674	20591675	SMART BAYT COMBI DP (84X400G+20 X 800G+25%)	2009-01-01	DUMMY.PDF	3	\N	f	100001	\N	\N	49.6000000000000014	2	\N	I	67154
109715	P	103721	101407	20591672	MOSMIDDEL 5 KG 4000680010067	2009-01-01	E9327NA.PDF	3	\N	f	100001	\N	\N	5	2	\N	I	67155
109653	P	104259	101415	20591632	PIRON MIERENLOKDOOS 2 stuks	2008-06-01	DUMMY.PDF	3	\N	f	100001	\N	4000680063933	0.00600000000000000012	2	2013-12-31	I	67156
109675	P	104233	101663	20591652	MAXFORCE LN 2,5 kg	2008-08-01	E12974NA.PDF	2	\N	f	7	\N	\N	2.5	2	\N	I	67157
109648	P	104166	100758	20591627	GAZELLE 5 kg	2008-05-01	E12809NA.PDF	2	\N	f	1	\N	8717545251522	5	2	\N	I	67158
109649	P	103840	100493	20591628	LATE-VAL VLB 250 ml	2008-06-18	E9887NA.PDF	3	\N	f	1	\N	8717545251126	0.25	1	\N	I	67159
109651	P	104262	101392	20591630	MS SOMITROL PASTA 5KG (500X10G)	2008-03-01	E13053NA.PDF	2	\N	f	7	\N	\N	5	2	\N	I	67160
109664	P	103307	100482	20591642	MALVIN WG 5 KG	2008-07-25	E6782NA.PDF	2	\N	f	1	\N	8717545250884	5	2	\N	I	67161
109665	P	104265	100499	20591643	VERTIMEC GOLD 1 LTR	2008-08-01	E13087Na.pdf	1	\N	t	1	\N	8717545041666	1	1	\N	I	67162
109689	P	104267	100501	20591664	GARDO GOLD 10 LTR	2009-01-01	E13145Na.pdf	1	\N	t	1	\N	8717545041840	10	1	\N	I	67163
109671	P	104265	100513	20591645	VERTIMEC GOLD 0.25 LTR	2008-08-01	E13087Na.pdf	1	\N	t	1	\N	8717545041628	0.25	1	\N	I	67164
109677	P	103990	100496	20591653	JET 5 10 LITER	2008-10-01	E12134NC.PDF	1	\N	t	1	\N	8717545251591	10	1	\N	I	67165
109654	P	104263	101661	20591633	MAXFORCE LN MIERENLOKDOOS	2008-06-01	E13073NA.PDF	3	\N	f	100001	\N	\N	0.00700000000000000015	2	\N	I	67166
109655	P	104245	101642	20591634	FINION MIERENPOEDER 200g	2008-05-01	DUMMY.PDF	3	\N	f	7	\N	\N	0.200000000000000011	2	\N	I	67167
109656	P	104258	101660	20591635	MAXFORCE QUANTUM 30 g	2008-06-01	E13074NA.PDF	3	\N	f	7	\N	\N	0.0299999999999999989	2	\N	I	67168
109657	P	104224	101420	20591636	ROSACUR PRO 250g	2008-01-01	E12931NA.PDF	3	\N	f	7	\N	\N	0.25	2	\N	I	67169
109658	P	104264	100499	20591637	MILAGRO EXTRA  1 LTR	2008-12-01	E13043Na.pdf	1	\N	t	1	\N	\N	1	1	\N	I	67170
109646	P	103952	101665	20591625	FUNGAFLOR ROOK GENERATOR 1ST	2008-01-01	E9657NA.PDF	3	\N	t	3	\N	\N	0.0050000000000000001	2	\N	I	67171
109668	P	104265	100500	20591644	VERTIMEC GOLD 5 LTR	2008-08-01	E13087Na.pdf	1	\N	t	1	\N	8717545041642	5	1	\N	I	67172
110368	P	104543	101849	20592305	BRABANT MIXTURE 10 ltr	2013-05-14	E5089NB.PDF	1	\N	f	7	\N	\N	10	1	\N	I	67173
109727	P	104268	101471	20591699	FIESTA (5 liter) OV	2009-02-01	E13137NA.PDF	1	\N	t	1	\N	4014348886574	5	1	2013-05-01	I	67174
109828	P	104295	100720	20591802	PYRISTAR 250 CF, 10 l can	2009-12-23	E13274Na.pdf	1	\N	t	3	\N	8718077002699	10	1	\N	I	67175
109829	P	104295	100904	20591803	PYRISTA,R 200 ltr drum	2009-12-23	E13274Na.pdf	1	\N	t	3	\N	8718077002682	200	1	\N	I	67176
109831	P	104296	101495	20591805	BASAMID CLEANSTART 20 kg	2010-01-01	E13213NA.PDF	2	\N	f	1	\N	8717545250068	20	2	\N	I	67177
109832	P	104297	101387	20591806	BOTANIGARD WP 500 gram	2010-01-01	E12612NA.PDF	2	\N	f	1	\N	8717545251676	0.5	2	\N	I	67178
109813	P	102797	101402	20591789	EXACT VLOEIBAAR 50 ml	2009-06-01	E11223NA.PDF	3	\N	f	7	\N	\N	0.0500000000000000028	1	\N	I	67179
110367	P	104285	101408	20592304	QUICK BAYT SPRAY 10x1kg	2013-05-06	E13116NA.PDF	2	\N	f	\N	\N	\N	1	2	\N	I	67180
109851	P	104168	101690	20591826	MUNDIAL (1 x 200 liter)	2010-01-01	E12802NA.PDF	1	\N	t	1	\N	4014348639392	200	1	\N	I	67181
110369	P	104535	101768	20592306	ETNA 1 ltr	2013-05-14	E13424NA.PDF	1	\N	f	7	\N	\N	1	1	\N	I	67182
110370	P	104532	101768	20592307	SEMPRA 1 ltr	2013-05-14	E13680NA.PDF	1	\N	f	7	\N	\N	1	1	\N	I	67183
110078	P	104220	100261	20592027	TOTRIL 5LT	2012-01-01	E12926NA.PDF	1	\N	f	2	\N	4000680074700	5	1	\N	I	67184
110081	P	104065	101462	20592029	NEEMAZAL-T/S 2x10L	2012-01-01	E12455NA.PDF	1	\N	t	1	\N	\N	10	1	\N	I	67185
110089	P	104389	100270	20592034	TRIMAXX, 3 ltr	2012-02-03	E13575Na.pdf	1	\N	f	\N	\N	8718077004549	3	1	\N	I	67186
110087	P	104388	100266	20592035	LEGACY 500 SC, 1 ltr	2012-01-01	E13553Na.pdf	1	\N	t	1	\N	8718077004488	1	1	\N	I	67187
109834	P	104298	100488	20591807	QUICKDOWN 5 liter	2010-01-01	E13246NA.PDF	1	\N	f	1	\N	8717545251645	5	1	\N	I	67188
109256	P	103455	101328	20591319	DECIS EC 4x5 l	2005-09-02	E7774NB.PDF	1	\N	t	1	\N	4000680073833	20	1	\N	I	67189
109223	P	104164	100447	20591292	VENTURE (1 liter) OV	2006-04-15	E12781NA.PDF	1	\N	f	1	\N	4014348495998	1	1	2013-12-31	I	67190
109231	P	104086	101406	20591300	POKON KRUIPENDE INSECTEN & WESPENSTOP 400ml	2006-03-01	E12501NA.PDF	3	\N	f	100001	\N	\N	0.400000000000000022	2	\N	I	67191
109232	P	104072	101406	20591301	POKON VLIEGENDE INSECTEN STOP 400ml	2006-03-01	E12391NA.PDF	3	\N	f	100001	\N	\N	0.400000000000000022	2	\N	I	67192
109235	P	102736	101293	20591304	ALLY SX 10 x 100 gr	2006-02-01	E10903NA.PDF	2	\N	t	1	\N	\N	1	2	\N	I	67193
109241	P	104153	101470	20591308	CARAMBA (1 liter) OV	2006-04-01	E12746Na.pdf	1	\N	t	1	\N	4014348512220	1	1	\N	I	67194
109814	P	104291	101400	20591790	FICAM W WP80 500 GR	2009-06-01	DUMMY.PDF	3	\N	f	100001	\N	\N	0.5	2	\N	I	67195
109255	P	103455	101327	20591318	DECIS EC (12 X 1LT)	2005-09-02	E7774NA.PDF	1	\N	t	1	\N	4000680073826	12	1	\N	I	67196
110101	P	104394	101738	20592049	CORAGEN SC 1lt	2012-01-03	E13555NA.PDF	1	\N	t	1	\N	\N	1	1	\N	I	67197
109257	P	104172	100261	20591320	FANDANGO (4 x 5 l)	2005-07-29	E12723NA.PDF	1	\N	t	1	\N	4000680073741	20	1	\N	I	67198
109258	P	104173	100261	20591321	PROLINE (4 X 5 L)	2005-07-29	E12725NA.PDF	1	\N	f	1	\N	4000680073758	20	1	\N	I	67199
109811	P	104163	100758	20591787	FUNGAFLOR 100 EC 5 LITER	2009-01-07	E7119NA.PDF	1	\N	f	1	\N	8717545251607	5	1	\N	I	67200
109823	P	104294	101470	20591797	BORNEO (1 liter) OV	2009-09-29	E13227NA.PDF	1	\N	t	1	\N	4014348632805	1	1	\N	I	67201
109825	P	102644	101405	20591799	FRAP MUIZENKORRELS  200g (8x25g)	2009-09-01	E10424NA.PDF	3	\N	f	7	\N	\N	0.200000000000000011	2	\N	I	67202
109826	P	104244	101686	20591800	TOKI (4 x 30 gr)	2010-01-01	E12968NA.PDF	3	\N	t	2	\N	4014348584395	0.119999999999999996	2	\N	I	67203
109254	P	104170	100261	20591317	BETANAL QUATTRO (4 x 5 l)	2005-04-29	E12697Na.pdf	1	\N	t	1	\N	4000680073710	20	1	\N	I	67204
110381	P	104523	101844	20592318	CORZAL 5 ltr	2013-05-14	E12433NA.PDF	1	\N	f	7	\N	\N	5	1	\N	I	67205
110374	P	104526	101566	20592311	FUSSA 12 x 600gr (NL)	2013-05-06	E13970NA.PDF	3	\N	t	\N	\N	\N	0.599999999999999978	2	\N	I	67206
110375	P	104055	101867	20592312	VYDATE 10G ECOLITE 15KG CNT	2013-05-08	E12409NA.PDF	2	\N	f	6	\N	357696005642	15	2	\N	I	67207
110376	P	104522	101863	20592313	AGRICHEM PIRIMICARB 1 kg	2013-05-13	E12236NA.PDF	2	\N	f	100001	\N	\N	1	2	\N	I	67208
110377	P	104527	101845	20592314	BETA-TEAM 5 ltr	2013-05-13	E13266NA.PDF	1	\N	f	100001	\N	\N	5	1	\N	I	67209
110378	P	104538	101846	20592315	BRABANT CHLOOR-IPC VLOEIBAAR 5 ltr	2013-05-13	E5134NA.PDF	1	\N	f	7	\N	\N	5	1	\N	I	67210
110086	P	104387	100905	20592036	TAIFUN 360, 20 ltr	2012-01-01	E13479Na.pdf	1	\N	f	1	\N	8718077004075	20	1	\N	I	67211
110380	P	104543	101770	20592317	BRABANT MIXTURE 5 ltr	2013-05-14	E5089NB.PDF	1	\N	f	7	\N	\N	5	1	\N	I	67212
110371	P	104536	101328	20592308	BETANAL POWER 5L	2013-03-01	E13853NA.PDF	1	\N	f	\N	\N	4000680074861	5	1	\N	I	67213
110382	P	104542	101845	20592319	FLUXYR 200 EC 5 ltr	2013-05-14	E13416NA.PDF	1	\N	f	7	\N	\N	5	1	\N	I	67214
110383	P	104533	101848	20592320	TUBERPROP BASIC 5 ltr	2013-05-14	E12468NA.PDF	1	\N	f	7	\N	\N	5	1	\N	I	67215
110384	P	103597	101722	20592321	BUTISAN S (1 liter)	2013-05-06	E8660NA.PDF	1	\N	t	1	\N	4014348677790	1	1	\N	I	67216
110385	P	104538	101764	20592322	BRABANT CHLOOR-IPC VLOEIBAAR 1 ltr	2013-05-13	E5134NA.PDF	1	\N	f	7	\N	\N	1	1	\N	I	67217
110386	P	104530	101861	20592323	BRABANT MANCOZEB FLOWABLE 10 ltr	2013-05-14	E10274NA.PDF	1	\N	f	7	\N	\N	10	1	\N	I	67218
105469	P	103197	101470	4801034	BASAGRAN (1 liter) OV	1983-07-01	E6034NA.PDF	1	\N	f	1	\N	4014348886291	1	1	\N	I	67219
110379	P	104543	101764	20592316	BRABANT MIXTURE 1 ltr	2013-05-14	E5089NA.PDF	1	\N	f	7	\N	\N	1	1	\N	I	67220
110173	P	104413	101576	20592110	TRI-BUT TURBO 100ML	2012-12-01	E13863NA.PDF	1	\N	f	100001	\N	8712171018938	1.19999999999999996	1	\N	I	67221
109610	P	104128	100267	20591590	PANIC 5L	2008-02-17	E12639NA.PDF	1	\N	t	1	\N	\N	5	1	\N	I	67222
110102	P	104393	101741	20592050	ALTACOR 500gr	2012-04-06	E13643NA.PDF	2	\N	f	1	\N	\N	0.5	2	\N	I	67223
110103	P	104392	101731	20592051	TRATON 100gr	2012-03-16	E13576NA.PDF	2	\N	f	1	\N	\N	0.100000000000000006	2	\N	I	67224
110164	P	104411	101381	20592103	PLEDGE (1 kg)	2012-12-01	E13591Na.pdf	2	\N	t	2	\N	4014348934060	1	2	\N	I	67225
110176	P	104200	101748	20592108	CALYPSO SPRAY 400ML	2012-12-01	E12813NA.PDF	3	\N	f	7	\N	\N	0.400000000000000022	1	\N	I	67226
110166	P	104352	101675	20592106	MIERENLOKDOOS BIO 20x1 (x2)	2012-01-01	E13391NA.PDF	3	\N	f	\N	\N	\N	0.200000000000000011	2	\N	I	67227
110373	P	104525	101634	20592310	KOHINOR 700 WG, 400 gram	2013-05-06	E13831NA.PDF	2	\N	t	2	\N	\N	0.400000000000000022	2	\N	I	67228
110172	P	104412	101397	20592109	BAYTHION KO 150GR	2012-12-01	E13521NB.PDF	3	\N	f	2	\N	8712171018723	0.149999999999999994	2	\N	I	67229
110372	P	102874	101722	20592309	SCALA (1 liter)	2013-05-06	E11555NA.PDF	1	\N	f	1	\N	4014348686327	1	1	\N	I	67230
110174	P	104364	101421	20592111	FLITSER CONCENTRAAT 255ML	2012-12-01	E13396NA.PDF	3	\N	f	7	\N	\N	0.25	1	\N	I	67231
110175	P	104364	101416	20592112	FLITSER CONCENTRAAT 510ML	2012-12-01	E13396NB.PDF	3	\N	f	7	\N	\N	0.510000000000000009	1	\N	I	67232
110171	P	104412	101397	20592113	BAYTHION KO 75GR	2012-12-01	E13521NA.PDF	3	\N	f	2	\N	8712171018587	0.0700000000000000067	2	\N	I	67233
110177	P	102838	101390	20592114	SUPER CAID BLOCK 250X20GR	2012-03-01	E11424NA.PDF	2	\N	f	2	\N	\N	5	2	\N	I	67234
110178	P	102838	101391	20592115	SUPER CAID BLOCK 65X100GR	2012-03-01	E11424NA.PDF	2	\N	f	\N	\N	\N	6.5	2	\N	I	67235
110100	P	104391	100500	20592048	AXIAL 50 5 LTR	2012-01-01	E13422Na.pdf	1	\N	t	1	\N	\N	5	1	\N	I	67236
110168	P	104353	101728	20592107	FICAM D 3KG	2012-01-01	E13395N.PDF	3	\N	t	\N	\N	\N	3	2	\N	I	67237
109787	P	104135	101690	20591762	FENDONA  (1 x 185 liter)	2009-01-01	E12635NA.PDF	1	\N	t	2	\N	4014348286657	185	1	\N	I	67238
109776	P	104282	101367	20591752	MISTRAL 70 WG 5 kg	2008-03-14	E13040Na.pdf	2	\N	t	2	\N	8718077001470	5	2	\N	I	67239
109778	P	104282	101365	20591753	MISTRAL 70 WG 1 kg	2008-03-14	E13040Na.pdf	2	\N	t	2	\N	8718077001494	1	2	\N	I	67240
109780	P	102644	101678	20591757	FRAP MUIZENKORRELS Display 54x200g+56 x 50gr	2009-01-01	E10424NA.PDF	3	\N	f	7	\N	\N	13.5999999999999996	2	2013-10-01	I	67241
109781	P	104259	101413	20591758	HG MIERENLOKDOOS 2X3,3G	2009-01-01	DUMMY.PDF	3	\N	f	7	\N	\N	0.00600000000000000012	2	\N	I	67242
109782	P	104158	101668	20591759	CLEAR-UP CONC COMBI Display 121pce (49x100,36x250,36x500)	2009-01-01	E12593NA.PDF	3	\N	f	7	\N	\N	31.8999999999999986	1	2013-10-01	I	67243
109800	P	103466	101391	20591776	SUPERCAID-HAVERKORRELS 10kg	2009-05-01	E7830NA.PDF	2	\N	f	7	\N	\N	10	2	\N	I	67244
109786	P	104135	101689	20591761	FENDONA (0,5 liter)	2009-01-01	E12635NA.PDF	1	\N	t	2	\N	4014348547109	0.5	1	\N	I	67245
109769	P	104259	101413	20591746	POKON MIERENLOKDOOS 2 ST	2009-01-01	DUMMY.PDF	3	\N	f	100001	\N	\N	0.00600000000000000012	2	\N	I	67246
109783	P	104044	101687	20591763	STORM BB 20G (1 x 10 kg)	2009-01-01	E12370NA.PDF	2	\N	f	2	\N	4014348263429	10	2	2013-05-01	I	67247
109788	P	104283	101629	20591765	ACCENT 75 DF 250G	2009-01-01	E13129Na.pdf	2	\N	f	1	\N	\N	0.25	2	\N	I	67248
109792	P	104285	101420	20591768	QUICK BAYT SPRAY 250 g	2009-05-25	DUMMY.PDF	3	\N	f	7	\N	\N	0.25	2	\N	I	67249
109793	P	104136	100500	20591769	FUSILADE MAX  5 LTR	2009-01-01	E12519Na.pdf	1	\N	t	1	\N	8717545041826	5	1	\N	I	67250
109796	P	104286	100500	20591770	AMISTAR TOP 5 LTR	2009-06-12	E13197Na.pdf	1	\N	t	1	\N	8717545041871	5	1	\N	I	67251
109227	P	104165	100500	20591296	OLYMPUS 5 LTR	2006-03-01	E12787NA.PDF	1	\N	t	1	\N	8717545041024	5	1	\N	I	67252
109784	P	104044	101688	20591760	STORM SECURE 20 G (1 x 20 kg)	2009-01-01	E12370NA.PDF	2	\N	f	2	\N	4014348254359	20	2	2013-05-01	I	67253
109753	P	104217	101308	20591731	CRUISER 350 FS 20 LT	2009-01-01	E12913Na.pdf	1	\N	f	3	\N	8717545041895	20	1	\N	I	67254
110195	P	102769	101329	20592132	RIZOLEX VLOEIBAAR (10 Ltr)	2013-02-07	E11098NA.PDF	1	\N	t	1	\N	4000680073185	10	1	\N	I	67255
109734	P	103033	101495	20591712	CARAGOAL GR 20 Kg	2009-01-01	E4379NA.PDF	2	\N	f	1	\N	8717545251621	20	2	\N	I	67256
109735	P	103857	101671	20591714	DIMANIN 1000 ML 40000680010272	2009-01-01	E9984NA.PDF	3	\N	f	100001	\N	\N	1	1	\N	I	67257
109736	P	103527	101676	20591715	SUPERCAID-MUIZENKORRELS 200 gr	2009-01-01	E8170NA.PDF	3	\N	f	100001	\N	\N	0.200000000000000011	2	\N	I	67258
109737	P	104270	101679	20591716	CURZATE PARTNER 1.5 KG	2009-01-01	E12755NA.PDF	2	\N	f	1	\N	\N	1.5	2	\N	I	67259
109740	P	104271	101308	20591719	FORCE 20 LTR	2009-01-01	E13135Na.pdf	1	\N	t	3	\N	8717545041864	20	1	\N	I	67260
109773	P	103312	100723	20591749	NIMROD VLOEIBAAR 5 l	2009-02-01	E6834Na.pdf	1	\N	t	1	\N	8718077001241	5	1	\N	I	67261
109742	P	102853	100570	20591721	ADMIRE 1200 gr.	2009-03-01	E11483NC.PDF	3	\N	t	2	\N	4000680074342	1.19999999999999996	2	\N	I	67262
109770	P	104259	101413	20591747	ROXASECT MIERENLOKDOOS 2ST	2009-01-01	DUMMY.PDF	3	\N	f	100001	\N	\N	0.0599999999999999978	2	2013-12-31	I	67263
109754	P	103958	100500	20591732	MODDUS 5 LTR	2009-01-01	E12063Na.pdf	1	\N	f	1	\N	8717545041741	5	1	\N	I	67264
109750	P	104275	101566	20591728	PILOT 1L	2009-01-01	E12279NA.PDF	1	\N	f	1	\N	4260100288906	1	1	\N	I	67265
109751	P	104275	101565	20591729	PILOT 5L	2009-01-01	E12279NA.PDF	1	\N	f	1	\N	\N	5	1	\N	I	67266
109757	P	104114	100501	20591734	TOUCHDOWN QUATTRO 10 LTR	2009-01-01	E12552Na.pdf	1	\N	f	1	\N	8717545041765	10	1	\N	I	67267
109768	P	104259	101413	20591745	FINION MIERENLOKDOOS 2 STUKS	2009-01-01	DUMMY.PDF	3	\N	f	100001	\N	\N	0.0599999999999999978	2	\N	I	67268
109801	P	104287	100267	20591777	KERB FLO 5 liter	2009-06-01	E13152NA.PDF	1	\N	t	1	\N	3362130094791	5	1	\N	I	67269
109741	P	104201	101390	20591720	CLEAR-UP POWERSPRAY 5 ltr	2009-01-01	E12769NA.PDF	3	\N	f	100001	\N	\N	5	1	2013-10-01	I	67270
110160	P	104409	101746	20592102	RODILON TRIO 2,5KG	2012-08-01	E13583NA.PDF	2	\N	f	7	\N	\N	2.5	2	\N	I	67271
110209	P	102922	101722	20592146	KENBYO FL (1 liter)	2013-01-01	E11841NA.PDF	1	\N	t	1	\N	4014348684286	1	1	\N	I	67272
110156	P	104410	101390	20592096	CHIPCO GREEN 5L	2012-09-01	E13818NA.PDF	1	\N	f	1	\N	8712171018433	5	1	\N	I	67273
110157	P	104234	101392	20592097	RODILON SOFT BLOCK 800gr	2012-08-01	E12966NA.PDF	2	\N	f	7	\N	\N	0.800000000000000044	2	2013-09-02	I	67274
110159	P	104408	101747	20592098	RODILON BLOCK 2X4KG	2012-08-01	E13515NA.PDF	2	\N	f	7	\N	\N	4	2	\N	I	67275
110163	P	104378	101392	20592099	FRAP LOKSTATION RB 2x10gr Box NL	2012-10-01	E13338NA.PDF	3	\N	f	\N	\N	8712171017238	0.0200000000000000004	2	\N	I	67276
109799	P	103251	101625	20591775	MONAM CLEANSTART 1000 liter	2009-01-06	E6321NA.PDF	1	\N	t	4	\N	8717545250280	1000	1	\N	I	67277
110162	P	104232	101615	20592101	FINION FRAP RB 2X25GR	2012-01-01	DUMMY.PDF	3	\N	f	\N	\N	\N	0.0500000000000000028	2	\N	I	67278
110206	P	103361	100488	20592143	TOPSIN M ULTRA 5 liter	2013-01-01	E7211NA.PDF	1	\N	t	\N	\N	8717545251799	5	1	\N	I	67279
110056	P	104375	100454	20592003	RAK 3 + 4 (252 ampullen)	2012-01-01	E12467NA.PDF	3	\N	t	2	\N	4014348886871	0.0500000000000000028	2	\N	I	67280
109592	P	104248	100261	20591573	BASTA 200  5l	2008-02-01	E8906NA.PDF	1	\N	f	3	\N	4000680074205	5	1	\N	I	67281
109594	P	104249	100261	20591575	SUBLIEM 10 ltr	2008-02-01	E12988NA.PDF	1	\N	f	1	\N	4000680074199	10	1	\N	I	67282
109602	P	103334	101400	20591582	DIMANIN-ALGENDODER 1 liter	2008-01-01	E5699NA.PDF	1	\N	f	1	\N	\N	1	1	\N	I	67283
109607	P	104251	100561	20591587	BIO 1020 10 KG	2008-03-01	E12589NA.PDF	2	\N	f	1	\N	4000680074311	10	2	\N	I	67284
109729	P	104269	101470	20591700	BIATHLON (0,35 kg)	2009-02-01	E13142NA.PDF	2	\N	t	2	\N	4014348560900	0.349999999999999978	2	\N	I	67285
110161	P	104232	101656	20592100	FINION FRAP RB  8X25GR	2012-01-01	DUMMY.PDF	3	\N	f	\N	\N	\N	0.200000000000000011	2	\N	I	67286
109211	P	104162	101444	20591278	POKON ONKRUIDSTOP GEBRUIKSKLAAR 7,2gr/l 1000 LTR	2006-01-01	DUMMY.PDF	1	\N	f	100001	\N	\N	1000	1	\N	I	67287
109802	P	104288	100720	20591778	MERPAN FLOWABLE 10 LT	2007-03-02	E12892Na.pdf	1	\N	t	1	\N	8718077001579	10	1	\N	I	67288
109804	P	102853	100569	20591780	ADMIRE 100 gr	2009-07-01	E11483NA.PDF	3	\N	f	2	\N	4000680033592	0.100000000000000006	2	\N	I	67289
109805	P	104221	100838	20591781	INFINITO 15 ltr	2009-07-01	E12927NA.PDF	1	\N	f	1	\N	4000680074359	15	1	\N	I	67290
109807	P	102853	100570	20591783	ADMIRE 400 gr.	2009-07-01	E11483NB.PDF	3	\N	f	2	\N	4000680033615	0.400000000000000022	2	\N	I	67291
109808	P	104289	100561	20591784	NATIVO 1KG	2009-07-01	E13211NA.PDF	2	\N	f	1	\N	4000680074380	1	2	\N	I	67292
109809	P	104290	100451	20591785	PHILABUSTER 400 SC (10 liter) OV	2009-06-01	E12983NA.PDF	1	\N	t	1	\N	4014348593717	10	1	\N	I	67293
110208	P	104324	101702	20592145	RATAK MUIZENKORRELS 1000 KG	2013-01-01	E7967NA.PDF	2	\N	f	2	\N	4014348948906	1000	2	\N	I	67294
109210	P	102643	101391	20591277	FRAP 10KG	2006-01-01	E10423NC.PDF	2	\N	f	2	\N	\N	10	2	\N	I	67295
110207	P	102883	101715	20592144	ALLURE VLOEIBAAR (10 liter)	2013-01-01	E11585NA.PDF	1	\N	t	1	\N	4014348948074	10	1	\N	I	67296
109306	P	104185	100507	20591369	SWITCH  1KG	2006-07-01	E12819Na.pdf	2	\N	t	2	\N	8717545041079	1	2	\N	I	67297
109311	P	104187	101360	20591374	BARITON 50 liter	2006-05-29	E12814NA.PDF	1	\N	t	1	\N	4000680073932	50	1	\N	I	67298
109312	P	104187	101360	20591375	BARITON 1000 liter	2006-05-29	E12814NA.PDF	1	\N	t	1	\N	4000680073819	1000	1	\N	I	67299
109313	P	104188	100257	20591376	MATCH 1 LTR	2006-07-10	E12821Na.pdf	1	\N	t	1	\N	8717545041116	1	1	\N	I	67300
109319	P	104191	101569	20591382	EMBLEM  5 kg	2005-04-29	E12695NA.PDF	2	\N	f	1	\N	\N	5	2	\N	I	67301
109613	P	104254	101647	20591593	VIKANE 56.7 kg	2008-01-01	E13003NA.PDF	2	\N	t	6	\N	\N	56.7000000000000028	2	\N	I	67302
109208	P	104157	101410	20591275	POKON MUIZENSTOP 8x25gr	2006-01-01	E12754NA.PDF	3	\N	f	100001	\N	\N	0.200000000000000011	2	\N	I	67303
107839	P	103951	100723	1003096	TOMAHAWK 200 EC, 5 ltr	2000-01-01	E12059Na.pdf	1	\N	t	1	\N	8718077000558	5	1	\N	I	67304
110358	P	104540	101768	20592295	TROY 480 1 ltr	2013-05-14	E13386NA.PDF	1	\N	f	7	\N	\N	1	1	\N	I	67305
108038	P	103979	100263	1003943	ROUNDUP EVOLUTION 1L	2001-01-01	E11228NA.PDF	1	\N	f	1	\N	\N	1	1	\N	I	67306
108039	P	103979	100575	1003944	ROUNDUP EVOLUTION 5L	2001-01-01	E11228NB.PDF	1	\N	f	1	\N	\N	5	1	\N	I	67307
108041	P	102872	101006	1003946	ROUNDUP ECON 400 20 ltr	2001-01-01	E11553NA.PDF	1	\N	f	1	\N	\N	20	1	\N	I	67308
108042	P	104011	100967	1003958	ORTIVA 1 liter	2001-04-01	E12169NA.PDF	1	\N	f	1	\N	8717545040157	1	1	\N	I	67309
110334	P	104511	101768	20592271	AGRICHEM GLYFOSAAT 2 1ltr	2013-03-27	E10945NA.PDF	1	\N	t	1	\N	8717185520866	1	1	\N	I	67310
107831	P	103950	100451	1002662	LADDOK N (10 liter) OV	2000-03-01	E10792NA.PDF	1	\N	t	1	\N	401434888363	10	1	\N	I	67311
110333	P	104520	101715	20592270	ADEXAR (10 liter)	2013-03-28	E13978NA.PDF	1	\N	t	1	\N	4014348948888	10	1	\N	I	67312
107841	P	102801	100720	1003097	GLYPHOGAN, 10 liter	1995-10-01	E11230Na.PDF	1	\N	f	1	\N	\N	10	1	\N	I	67313
106035	P	102730	101477	4891712	FOCUS PLUS (1 liter) OV	1992-01-01	E10866NA.PDF	1	\N	f	1	\N	4014348886390	1	1	\N	I	67314
107222	P	103901	100500	1000874	MILAGRO 5 liter	1999-05-01	E11996Na.pdf	1	\N	f	1	\N	8717545040867	5	1	\N	I	67315
107987	P	103998	100573	1003844	TELDOR 1kg	2001-01-01	E12130NA.PDF	2	\N	f	7	\N	4000680053903	1	2	\N	I	67316
105524	P	103133	100500	8221058	REGLONE 5 liter	1983-07-01	E5581Na.pdf	1	\N	t	3	\N	8717545041000	5	1	\N	I	67317
107902	P	103197	101471	1003491	BASAGRAN (5 liter) OV	2000-05-01	E6034NA.PDF	1	\N	f	1	\N	4014348121552	5	1	\N	I	67318
108072	P	104013	101016	1004023	PRIMUS 0.5 LT	2001-02-01	E12175NA.PDF	1	\N	t	1	\N	\N	0.5	1	\N	I	67319
107218	P	103899	100500	1000870	DACONIL 500 vloeibaar 5 liter	1999-01-01	E7827NA.PDF	1	\N	t	1	\N	8717545040256	5	1	\N	I	67320
108869	P	102644	101438	20590945	FINION FRAP MUIZENKORRELS 200 gram	2003-01-01	E10424NA.PDF	3	\N	f	100001	\N	\N	0.200000000000000011	2	2013-12-31	I	67321
106568	P	102905	100581	18088664	SAFARI 120 GR JAR	1997-01-01	E11754NA.PDF	3	\N	f	1	\N	3576960013437	0.119999999999999996	2	\N	I	67322
107866	P	103958	100499	1003265	MODDUS 250 EC (1 LT)	2000-03-20	E12063NA.PDF	1	\N	t	1	\N	8717545040065	1	1	\N	I	67323
110345	P	104518	100266	20592282	BROMOTRIL 250 SC, 1 ltr	2013-04-02	E13949NA.PDF	1	\N	t	1	\N	\N	1	1	\N	I	67324
110346	P	102670	101333	20592283	HF MANCOZEB DG 10KG	2013-02-01	E10560NA.PDF	2	\N	f	\N	\N	3596110008236	10	2	\N	I	67325
110335	P	104518	100270	20592272	BROMOTRIL 250 SC, 5 ltr	2013-04-02	E13949NA.PDF	1	\N	t	1	\N	\N	5	1	\N	I	67326
109924	P	103362	101710	20591890	RATAK PELLETS (1 X 2.5 KG)	2010-01-01	E7224NA.PDF	2	\N	f	7	\N	4014348599634	2.5	2	\N	I	67327
108013	P	103676	100447	1003902	PROMOTOR (1 liter)	2001-02-06	E90014FA.PDF	1	\N	t	1	\N	4014348148696	1	1	2013-04-01	I	67328
110328	P	104517	101866	20592265	AGRICHEM KIEMREMMER 1% 25kg	2013-03-27	E11003NA.PDF	2	\N	t	2	\N	8717185520965	25	2	\N	I	67329
110329	P	104521	100720	20592266	BANJO FORTE 10 L	2013-03-27	E13815NA.PDF	1	\N	t	1	\N	8718077005577	10	1	\N	I	67330
110330	P	104515	101843	20592267	AGRICHEM ETHOFUMESAAT/FENMEDIFAM 5 ltr	2012-01-01	E10572NA.PDF	1	\N	t	1	\N	8717185520279	5	1	\N	I	67331
110331	P	104516	101845	20592268	AGRICHEM FENMEDIFAM 5ltr	2012-01-01	E9390NA.PDF	1	\N	t	1	\N	8717185520316	5	1	\N	I	67332
106516	P	102904	100574	15224407	MESUROL 500 SC 1 liter	1996-07-01	E11720NA.PDF	1	\N	t	3	\N	4000680034278	1	1	\N	I	67333
110332	P	104511	101862	20592269	AGRICHEM GLYFOSAAT 2 20ltr	2013-03-27	E10945NA.PDF	1	\N	t	1	\N	8717185520910	20	1	\N	I	67334
110347	P	104142	100253	20592284	RUNNER 1ltr	2013-04-09	E12696NA.PDF	1	\N	t	1	\N	\N	1	1	\N	I	67335
108449	P	103616	101327	1010888	AA TERRA ME (1 LT)	1983-12-01	E8766Na.pdf	3	\N	t	3	\N	4000680073086	1	1	\N	I	67336
110240	P	103597	101703	20592177	BUTISAN S (5 liter)	2013-03-01	E8660NA.PDF	1	\N	t	1	\N	4014348677783	5	1	\N	I	67337
110241	P	104268	101703	20592178	FIESTA (5 liter)	2013-03-01	E13137NA.PDF	1	\N	t	1	\N	4014348669528	5	1	\N	I	67338
110242	P	104477	100720	20592179	MIRADOR 10ltr	2013-02-01	E13864NA.PDF	1	\N	t	1	\N	8718077005164	10	1	\N	I	67339
110243	P	104476	101715	20592180	RETENGO PLUS (10 liter)	2013-03-01	E13947NA.PDF	1	\N	t	1	\N	4014348944700	10	1	\N	I	67340
110244	P	104475	100270	20592181	LINUREX 50SC 5ltr	2013-03-11	E12557NA.PDF	1	\N	t	3	\N	\N	5	1	\N	I	67341
108010	P	103847	101470	1003899	NOMOLT (1 liter) OV	2001-02-06	E9914NA.PDF	1	\N	t	1	\N	4014348156172	1	1	\N	I	67342
108442	P	104046	100253	20590765	CONSERVE 1 Ltr	2002-09-16	E12363NA.PDF	1	\N	t	1	\N	\N	1	1	\N	I	67343
108658	P	102874	100447	20590872	SCALA (1 liter) OV	2003-01-01	E11555NA.PDF	1	\N	f	1	\N	4014348502542	1	1	2013-06-01	I	67344
110245	P	104474	101769	20592182	AGRICHEM DIQUAT 5ltr	2012-01-01	E7862NA.PDF	1	\N	t	3	\N	8717185520774	5	1	\N	I	67345
108468	P	103653	101355	2390299	CHALLENGE (5 LT)	1990-01-01	E8950NA.PDF	1	\N	t	1	\N	4000680073321	5	1	\N	I	67346
108476	P	103260	101341	2020250	ETHREL-A (1 LT)	1991-10-01	E6355NA.PDF	1	\N	t	1	\N	4000680073512	1	1	\N	I	67347
106738	P	103648	100560	15035214	MONCEREEN VLOEIBAAR 10 liter	1986-10-01	E8935NA.PDF	1	\N	f	1	\N	4000680034391	10	1	\N	I	67348
108421	P	103990	101313	20590689	JET 5 20 LITER	2002-05-01	E12134NB.PDF	1	\N	t	1	\N	8717545250204	20	1	\N	I	67349
108552	P	104050	100264	20590777	STEWARD 30WG 500GR	2003-01-01	E12371NA.PDF	2	\N	t	1	\N	3576960028318	0.5	2	\N	I	67350
108756	P	102643	101436	2023656	FRAP (2,5 KG)	1994-10-01	E10423NB.PDF	2	\N	f	2	\N	\N	2.5	2	\N	I	67351
108652	P	104064	101328	20590860	PUMA S EW (5 LTR)	2003-01-01	E12379NA.PDF	1	\N	t	1	\N	4000680073031	5	1	\N	I	67352
110357	P	104545	101861	20592294	MASTANA SC 10 ltr	2013-05-14	E13489NA.PDF	1	\N	f	7	\N	\N	10	1	\N	I	67353
108017	P	102703	100447	1003906	STOMP 400 SC (1 liter) OV	2001-02-06	E10766NA.PDF	1	\N	t	1	\N	4014348156189	1	1	\N	I	67354
108019	P	102610	101477	1003908	SUMICIDIN SUPER (1 liter)	2001-02-06	E10211NA.PDF	1	\N	t	1	\N	4014348156134	1	1	\N	I	67355
108020	P	102610	101478	1003909	SUMICIDIN SUPER (5 liter)	2001-02-06	E10211NA.PDF	1	\N	t	1	\N	4014348156141	5	1	\N	I	67356
108024	P	103579	100494	1003914	ALAR 64 SP 1 kg	2001-01-01	E8589NA.PDF	2	\N	f	1	\N	8717545250013	1	2	\N	I	67357
107961	P	102579	100985	1003703	TURBAT (1 X 10 kg)	1984-04-01	E10002NA.PDF	2	\N	t	2	\N	\N	10	2	\N	I	67358
110239	P	104051	101487	20592176	DELAN DF (5 kg)	2013-03-01	E10001NA.PDF	2	\N	t	2	\N	4014348935968	5	2	\N	I	67359
108648	P	103500	101360	20590857	SENCOR WG (2 KG)	2003-01-01	E8024NA.PDF	2	\N	t	1	\N	4000680000006	2	2	\N	I	67360
110238	P	103646	101722	20592175	ROVRAL AQUAFLO (1 liter)	2013-03-01	E8928NA.PDF	1	\N	t	1	\N	4014348686037	1	1	\N	I	67361
108656	P	103646	101470	20590862	ROVRAL-AQUAFLO (1 liter) OV	2003-01-01	E8928NA.PDF	1	\N	t	1	\N	4014348492157	1	1	2013-04-01	I	67362
108666	P	104044	101385	20590865	STORM BB (3 kg)	2003-01-01	E12370NA.PDF	2	\N	f	2	\N	4014348342759	3	2	2013-05-01	I	67363
108665	P	104044	101389	20590866	STORM BB (1 kg)	2003-01-01	E12370NA.PDF	2	\N	f	2	\N	4014348342735	1	2	2013-05-01	I	67364
108664	P	102878	101378	20590867	SPORTAK EW (1 liter) OV	2003-01-01	E11567NA.PDF	1	\N	t	1	\N	4014348505932	1	1	\N	I	67365
108660	P	103571	101381	20590870	SPORGON 50 WP (1 kg)	2003-01-01	E8555NA.PDF	2	\N	t	2	\N	4014348502702	1	2	\N	I	67366
108012	P	103676	100992	1003901	PROMOTOR (5 liter)	2001-02-06	E90014FA.PDF	1	\N	t	1	\N	4014348148702	5	1	\N	I	67367
108644	P	102930	101387	2025925	MERLIN 500 GRAM	1998-04-01	E11894NA.PDF	3	\N	t	2	\N	8717545250266	0.5	2	\N	I	67368
105854	P	103361	100488	6000600	TOPSIN M VLOEIBAAR 5 LITER	1983-07-01	E7211NA.PDF	1	\N	t	1	\N	8717545250396	5	1	\N	I	67369
109923	P	103362	101709	20591889	RATAK PELLETS (1 X 25 KG)	2010-01-01	E7224NA.PDF	2	\N	f	7	\N	4014348643030	25	2	2013-06-01	I	67370
106100	P	103133	100968	8044139	REGLONE 10 liter	1992-07-01	E5581Na.pdf	1	\N	t	3	\N	8717545040409	10	1	\N	I	67371
106106	P	102934	100499	9900312	TRIGARD 100 SL 1 Ltr	1992-10-01	E12014NA.PDF	1	\N	f	1	\N	8717545041093	1	1	\N	I	67372
106110	P	102764	100485	6000919	ROCKET EC 1 LITER	1992-10-01	E13378NA.PDF	1	\N	f	1	\N	8717545250310	1	1	\N	I	67373
106157	P	102693	100968	8012807	BOXER 10 LTR	1993-04-01	E10701Na.pdf	1	\N	f	1	\N	8717545040744	10	1	\N	I	67374
105935	P	102679	100497	6000846	DIMILIN VLOEIBAAR 500 ML	1990-07-01	E10604NA.PDF	3	\N	t	1	\N	8717545250136	0.5	1	\N	I	67375
106414	P	102892	100506	9900516	INSEGAR 25 WG 0,6KG	1996-01-01	E11643NA.PDF	2	\N	t	2	\N	8717545040041	0.599999999999999978	2	\N	I	67376
106334	P	102848	100832	15222277	GAUCHO TUINBOUW  5 kg	1995-01-01	E12341Na.pdf	2	\N	t	1	\N	4000680034049	20	2	\N	I	67377
105897	P	102637	100493	6000812	NISSORUN VLOEIBAAR 250 ml	1990-01-01	E10379NA.PDF	3	\N	f	1	\N	8717545250303	0.25	1	\N	I	67378
105533	P	103089	100499	8451043	BERELEX GA4/7 1 Ltr	1983-07-01	E5132Na.pdf	1	\N	f	1	\N	8717545040768	1	1	\N	I	67379
105534	P	103001	100975	8457007	BERELEX GA3 10 GR	1983-07-01	E4075Na.pdf	3	\N	f	2	\N	\N	0.0100000000000000002	2	\N	I	67380
105535	P	103784	100967	8600008	BONZI 1 LTR	1987-01-01	E9611Na.pdf	1	\N	f	1	\N	8717545040232	1	1	\N	I	67381
106081	P	102736	100579	18823307	ALLY 20 DF 100 gr jar	1992-01-01	E10903NA.PDF	2	\N	f	1	\N	3576960013413	0.100000000000000006	2	\N	I	67382
106016	P	102730	101478	4800533	FOCUS PLUS (5 liter) OV	1991-07-01	E10866NA.PDF	1	\N	f	1	\N	4014348886383	5	1	\N	I	67383
106185	P	102835	100579	18693150	TITUS 25 DF 100 GR JAR	1994-01-01	E11393NA.PDF	2	\N	f	1	\N	3576960013420	0.100000000000000006	2	\N	I	67384
105519	P	103273	100967	8011047	ACTELLIC 50 1 LTR	1983-07-01	E6469Na.pdf	1	\N	t	1	\N	8717545040317	1	1	\N	I	67385
105471	P	103780	100471	4801018	PYRAMIN DF (1 kg)	1988-01-01	E12228NA.PDF	2	\N	t	2	\N	4014348886550	1	2	\N	I	67386
105476	P	103084	101477	4801238	MELTATOX (1 liter) OV	1983-07-01	E5076NA.PDF	1	\N	t	1	\N	4014348886642	1	1	\N	I	67387
105477	P	103524	101477	4801220	CORBEL (1 liter) OV	1983-07-01	E8158NA.PDF	1	\N	t	1	\N	4014348886604	1	1	2013-12-31	I	67388
105478	P	103524	101478	4801733	CORBEL (5 liter) OV	1988-04-01	E8158NA.PDF	1	\N	t	1	\N	4014348886611	5	1	\N	I	67389
105491	P	103597	101471	4801068	BUTISAN S (5 liter) OV	1984-01-01	E8660NA.PDF	1	\N	t	1	\N	4014348886406	5	1	2013-04-01	I	67390
105816	P	102594	100500	9502415	LIROTECT SUPER 375 SC 4 LTR	1988-07-01	E10098NA.PDF	1	\N	t	3	\N	8717545040270	4	1	\N	I	67391
105514	P	103803	100492	6000723	NISSORUN SPUITPOEDER 500 gram	1987-10-01	E9704NA.PDF	3	\N	f	1	\N	8717545250297	0.5	2	\N	I	67392
106533	P	103744	100267	5000097	STARANE 200 5lt	1997-01-01	E9401Na.pdf	1	\N	f	1	\N	\N	5	1	\N	I	67393
105522	P	103155	100974	8065193	PIRIMOR ROOKONTWIKKELAAR 100 Gr	1986-10-01	E5793Na.pdf	3	\N	t	3	\N	\N	0.100000000000000006	2	\N	I	67394
105553	P	103587	100505	9400516	TILT 250 EC 1LTR	1983-07-01	E8627NA.PDF	1	\N	t	1	\N	8717545040027	1	1	\N	I	67395
105562	P	103733	100505	9401910	TOPAZ 100 EC 1 lt	1986-04-01	E9364NA.PDF	1	\N	t	1	\N	8717545040195	1	1	\N	I	67396
106220	P	102633	100504	9900388	THIRAM GRANUFLO 5kg	1994-01-01	E10172NA.PDF	2	\N	t	2	\N	8717545040119	5	2	\N	I	67397
106222	P	102695	100500	8177526	SHIRLAN FLOW 5 liter	1994-01-01	E12205NA.PDF	1	\N	t	1	\N	8717545040171	5	1	\N	I	67398
106246	P	102837	101712	4801903	OPUS TEAM (5 liter)	2012-08-01	E11407NA.PDF	1	\N	t	1	\N	4014348636346	5	1	\N	I	67399
105492	P	103597	101470	4801199	BUTISAN S (1 liter) OV	1985-04-01	E8660NA.PDF	1	\N	t	1	\N	4014348886413	1	1	2013-06-01	I	67400
106649	P	102801	100906	20590601	GLYPHOGAN, 5 liter	1995-10-01	E11230Na.PDF	1	\N	f	1	\N	8718077001722	5	1	\N	I	67401
110353	P	104537	101852	20592290	BRABANT 2,4-D/DICAMBA 10 ltr	2013-05-13	E5582NA.PDF	1	\N	f	100001	\N	\N	10	1	\N	I	67402
110354	P	104528	101768	20592291	BRABANT LINURON FLOWABLE 1 ltr	2013-05-13	E10372NA.PDF	1	\N	f	7	\N	\N	1	1	\N	I	67403
110355	P	104528	101847	20592292	BRABANT LINURON FLOWABLE 5 ltr	2013-05-13	E10372NA.PDF	1	\N	f	7	\N	\N	5	1	\N	I	67404
110356	P	104539	101845	20592293	CONQUEROR 5 ltr	2013-05-14	E11651NA.PDF	1	\N	f	7	\N	\N	5	1	\N	I	67405
106626	P	102915	101470	4802357	STROBY WG (0,5 kg) OV	1997-04-01	E11818NA.PDF	2	\N	t	2	\N	4014348886741	0.5	2	\N	I	67406
106531	P	102863	100253	5000071	LONTREL 100 1lt	1997-01-01	E11526Na.pdf	1	\N	f	1	\N	\N	1	1	\N	I	67407
106648	P	102801	100907	20190605	GLYPHOGAN, 1 liter	1995-10-01	E11230Na.pdf	1	\N	f	1	\N	\N	1	1	\N	I	67408
106737	P	103687	100847	15035167	MONCEREEN DS 5 kg	1986-10-01	E9102NA.PDF	2	\N	f	2	\N	4000680034377	5	2	\N	I	67409
106650	P	102801	100905	20209064	GLYPHOGAN, 20 liter	1995-10-01	E11230Na.PDF	1	\N	f	1	\N	8718077002033	20	1	\N	I	67410
106668	P	102922	101470	4802381	KENBYO FL (1 liter) OV	1997-07-01	E11841NA.PDF	1	\N	t	1	\N	4014348886758	1	1	\N	I	67411
106693	P	103156	100972	8041929	PIRIMOR 1 kg MAATBEKERDOP	1997-04-01	E5794Na.pdf	2	\N	t	3	\N	8717545040782	1	2	\N	I	67412
106694	P	103156	100973	8041937	PIRIMOR 3 kg MAATBEKERDOP	1997-04-01	E5794Na.pdf	2	\N	t	3	\N	8717545040805	3	2	\N	I	67413
106704	P	103361	100487	6001062	TOPSIN M VLOEIBAAR 1 LITER	1998-07-01	E7211NA.PDF	1	\N	t	1	\N	8717545250389	1	1	\N	I	67414
106706	P	103644	100488	6001070	DIABOLO SL 5 LITER	1998-07-01	E8921NA.PDF	1	\N	f	1	\N	8717545250129	5	1	\N	I	67415
106628	P	102919	101470	4802488	ALLEGRO (1 liter) OV	1997-04-01	E11826NA.PDF	1	\N	t	1	\N	4014348886734	1	1	\N	I	67416
110340	P	104519	101864	20592277	AGRICHEM KIEMREMMER HN 5ltr	2013-03-27	E11004NA.PDF	1	\N	t	3	\N	8717185520330	5	1	\N	I	67417
108577	P	104055	101725	20590788	VYDATE 10G 10 KG	2003-01-01	E12409NA.PDF	2	\N	f	3	\N	3576960017633	10	2	\N	I	67418
106540	P	102818	100499	9900663	BANVEL 4S 1 Ltr	1994-10-01	E11291NA.PDF	1	\N	f	1	\N	8717545040546	1	1	\N	I	67419
106546	P	103120	100257	9900728	THIOVIT JET 10 KG	1990-01-01	E5395NA.PDF	2	\N	f	2	\N	8717545040010	10	2	\N	I	67420
106562	P	102907	100500	8021408	AMISTAR 5 LTR	1997-01-01	e11767Na.pdf	1	\N	t	1	\N	8717545040683	5	1	\N	I	67421
110336	P	104514	100270	20592273	SULCOGAN, 5 ltr	2013-03-27	E13582NA.PDF	1	\N	t	1	\N	8718077004582	5	1	\N	I	67422
110337	P	104516	101768	20592274	AGRICHEM FENMEDIFAM 1 ltr	2013-03-27	E9390NA.PDF	1	\N	t	1	\N	8717185520293	1	1	\N	I	67423
105472	P	103780	100460	4801204	PYRAMIN DF (5 kg)	1988-01-01	E12228NA.PDF	2	\N	t	2	\N	4014348886567	5	2	\N	I	67424
110339	P	104511	101851	20592276	AGRICHEM GLYFOSAAT 2 10ltr	2012-01-01	E10945NA.PDF	1	\N	t	1	\N	8717185520903	10	1	\N	I	67425
106797	P	103487	100451	1000260	CECECE (10 liter) OV	1999-01-01	E7938NA.PDF	1	\N	t	1	\N	4014348886826	10	1	\N	I	67426
106604	P	102935	100261	15230165	MATADOR 5 liter	1997-04-01	E12015NA.PDF	1	\N	t	1	\N	4000680034186	5	1	\N	I	67427
110341	P	104512	101569	20592278	RIZOLEX 10 DS 1x5kg (NL)	2013-03-01	E13893NA.PDF	2	\N	f	2	\N	4260100287039	5	2	\N	I	67428
110342	P	102863	100267	20592279	LONTREL 100 5LTR	2013-04-08	E11526NA.PDF	1	\N	t	1	\N	\N	5	1	\N	I	67429
110343	P	104513	101698	20592280	CAPRI 1 KG	2013-04-08	DUMMY.PDF	2	\N	f	1	\N	\N	1	2	\N	I	67430
110344	P	104517	101856	20592281	AGRICHEM KIEMREMMER 1% 5kg	2013-03-27	E11003NA.PDF	2	\N	t	2	\N	8717185520958	5	2	\N	I	67431
106532	P	103744	100253	5000089	STARANE 200 1lt	1997-01-01	E9401Na.pdf	1	\N	f	1	\N	\N	1	1	\N	I	67432
110338	P	104511	101766	20592275	AGRICHEM GLYFOSAAT 2 5ltr	2013-03-27	E10945NA.PDF	1	\N	t	1	\N	\N	5	1	\N	I	67433
109117	P	102843	101494	20591183	PARAAT (1 X 10 kg)	2005-04-01	E11432NA.PDF	2	\N	f	2	\N	4014348621823	10	2	\N	I	67434
108563	P	103589	101365	15051422	GOLTIX WG 1 kg	1986-10-01	E8629Na.PDF	2	\N	t	1	\N	8718077002224	1	2	\N	I	67435
109065	P	104104	100500	20591133	TECTO 5 LTR	2004-03-25	E12290NA.PDF	1	\N	t	3	\N	8717545040966	5	1	\N	I	67436
109105	P	102835	100264	20591173	TITUS 25 DF 500 GR JAR	1994-01-01	E11393NA.PDF	2	\N	f	1	\N	3576960031387	0.5	2	\N	I	67437
109069	P	103979	101006	20591137	ROUNDUP EVOLUTION 20L	2005-02-01	E11228NC.PDF	1	\N	f	1	\N	\N	20	1	\N	I	67438
109100	P	104133	100751	20591165	BOTANIGARD VLOEIBAAR 1 L	2005-04-01	E12611NA.PDF	1	\N	f	1	\N	8717545250075	1	1	\N	I	67439
109060	P	104128	101486	20591128	PANIC 20 LTR	2005-02-03	E12639NA.PDF	1	\N	t	1	\N	\N	20	1	\N	I	67440
109097	P	104131	100486	20591167	VALBON 10 KG	2005-04-01	E12667NA.PDF	2	\N	t	2	\N	8717545250426	10	2	\N	I	67441
109053	P	104126	100270	20591121	GOLTIX SC, 5 L	2005-01-01	E12629NA.PDF	1	\N	t	1	\N	8718077002149	5	1	\N	I	67442
109118	P	104135	101470	20591184	FENDONA 60 SC, 1 x 1 liter	2005-03-01	E12635NA.PDF	1	\N	t	1	\N	4014348488143	1	1	2013-06-01	I	67443
109125	P	104137	100257	20591188	AGRAL GOLD 1 LTR	2005-04-01	E90064FA.PDF	1	\N	f	1	\N	8717545040348	1	1	\N	I	67444
109128	P	104138	100972	20591189	ACTARA 1 KG	2005-05-01	E12679Na.pdf	2	\N	f	2	\N	8717545041949	1	2	\N	I	67445
110186	P	103982	101335	20592123	11E OLIE (20 ltr)	2013-02-06	E5952NA.PDF	1	\N	f	1	\N	4000680073604	20	1	\N	I	67446
110187	P	103982	101337	20592124	11E OLIE (210 ltr)	2013-02-06	E5952NA.PDF	1	\N	f	6	\N	4000680073611	210	1	\N	I	67447
110188	P	103982	101334	20592125	11E OLIE (1000 Ltr)	2013-02-06	E5952NA.PDF	1	\N	f	6	\N	4000680073635	1000	1	\N	I	67448
109098	P	104132	101616	20591166	ALAR 85 SG 2 KG	2005-04-01	E12610NA.PDF	2	\N	f	1	\N	8717545250020	2	2	\N	I	67449
109040	P	104075	101392	20591109	MAXFORCE WHITE IC 30 GR	2004-01-01	E12094NA.PDF	2	\N	f	100001	\N	\N	0.0299999999999999989	2	2013-12-31	I	67450
108876	P	104082	100450	20590949	COMET DUO (OPUS) (2 x 4,8 liter) OV	2004-03-01	E11408NA.PDF	3	\N	t	1	\N	4014348523721	9.59999999999999964	1	2013-04-01	I	67451
108875	P	104083	100450	20590950	COMET DUO (COMET) (2 x 4,2 liter) OV	2004-03-01	E12411NA.PDF	3	\N	t	1	\N	4014348466356	8.40000000000000036	1	2013-04-01	I	67452
108879	P	104085	100502	20590955	FUBOL GOLD 10KG	2004-03-26	E12537NA.PDF	2	\N	t	2	\N	8717545040089	10	2	\N	I	67453
108909	P	104095	100574	20590985	ENVIDOR (1LT)	2004-01-01	E12477NA.PDF	1	\N	f	1	\N	4000680059189	1	1	\N	I	67454
108910	P	104096	100574	20590986	CALYPSO (1LT)	2004-01-01	E12452NA.PDF	1	\N	t	1	\N	4000680073840	1	1	\N	I	67455
109061	P	104129	100267	20591129	PRIMSTAR 5 LT	2005-01-01	E12585NA.PDF	1	\N	t	1	\N	\N	5	1	\N	I	67456
109035	P	104120	101341	20591104	OBERON (1 Ltr)	2004-10-15	E12588NA.PDF	1	\N	t	1	\N	4000680073253	1	1	\N	I	67457
109324	P	104192	100906	20591387	MAGNATE 100 SL, 5 LTR	2006-09-01	E12836Na.pdf	1	\N	t	1	\N	8718077002422	5	1	\N	I	67458
109041	P	104066	101442	20591110	GOLIATH GEL CARTOUCHE 20  X 35 gram	2004-11-01	E12120NA.PDF	3	\N	f	1	\N	4014348536868	0.699999999999999956	2	\N	I	67459
109043	P	103466	101439	20591112	SUPERCAID-HAVERKORRELS 25 KG NL	2004-01-01	E7830NA.PDF	2	\N	f	100001	\N	\N	25	2	\N	I	67460
109044	P	103312	100266	8321044	NIMROD VLOEIBAAR 1 LT	1983-10-01	E6834NA.PDF	1	\N	t	1	\N	8718077002019	1	1	\N	I	67461
109048	P	104123	100459	20591115	SIGNUM (5 kg)	2005-02-01	E12630NA.PDF	2	\N	t	2	\N	4014348379434	5	2	\N	I	67462
109207	P	104158	101444	20591274	POKON ONKRUIDSTOP GECONCENTREERD 360g/l 1000 LTR	2006-01-01	E12593NA.PDF	1	\N	f	7	\N	\N	1000	1	\N	I	67463
109052	P	104125	100509	20591120	HERITAGE 500 gr	2005-01-01	E12553Na.pdf	2	\N	t	2	\N	\N	0.5	2	\N	I	67464
108914	P	103251	101312	4801385	MONAM CLEANSTART 200 liter	1983-07-01	E6321NA.PDF	1	\N	f	4	\N	8717545250273	200	1	\N	I	67465
109557	P	104240	100500	20591536	SPYRALE 5LTR	2008-01-01	E12975Na.pdf	1	\N	t	1	\N	8717545041581	5	1	\N	I	67466
109522	P	104130	101316	20591507	SPHERE SC - 3 ltr	2007-06-01	E12602NA.PDF	1	\N	f	1	\N	4000680073925	3	1	\N	I	67467
109525	P	104191	101564	20591510	EMBLEM 10 X 1KG	2005-05-01	E12695NA.PDF	2	\N	f	1	\N	\N	10	2	\N	I	67468
109530	P	103072	100561	20591512	MESUROL PRO 5 kg	2007-09-01	E4859NA.PDF	2	\N	t	1	\N	\N	5	2	\N	I	67469
109534	P	104232	101615	20591516	FINION FRAP MUIZENKORRELS 2x25g	2004-06-25	DUMMY.PDF	3	\N	f	7	\N	\N	0.0500000000000000028	2	2013-12-31	I	67470
109535	P	104086	101406	20591517	WESPEN-SCHUIMSPRAY 400ml	2007-10-10	E12501NA.PDF	3	\N	f	100001	\N	4000680063889	0.400000000000000022	2	\N	I	67471
110189	P	102867	101328	20592126	BETANAL EXPERT (5 Ltr)	2013-02-06	E11533NA.PDF	1	\N	t	1	\N	4000680072928	5	1	\N	I	67472
109554	P	104239	100500	20591535	FOLIO GOLD 5 LTR	2008-01-01	E12994Na.pdf	1	\N	t	1	\N	8717545041505	5	1	\N	I	67473
109515	P	104228	100906	20591501	POTAZIL 100 SL, 5 LT	2007-01-01	E12862Na.pdf	1	\N	t	1	\N	8718077002712	5	1	\N	I	67474
109560	P	104185	100504	20591537	SWITCH 5 KG	2008-01-01	E12819Na.pdf	2	\N	t	2	\N	8717545041543	5	2	\N	I	67475
109563	P	104023	100959	20591538	APRON XL 200 LTR	2008-01-01	E12280Na.pdf	1	\N	f	6	\N	8717545041444	200	1	\N	I	67476
110191	P	103739	101335	20592128	OVIREX VS (20 Ltr)	2013-02-06	dummy.pdf	1	\N	f	1	\N	4000680074601	20	1	\N	I	67477
110192	P	103739	101337	20592129	OVIREX VS (210 Ltr)	2013-02-06	E9388NA.PDF	1	\N	f	1	\N	4000680074618	210	1	\N	I	67478
110193	P	103739	101334	20592130	OVIREX VS (1000 Ltr)	2013-02-06	dummy.pdf	1	\N	f	1	\N	4000680074625	1000	1	\N	I	67479
110194	P	102769	101328	20592131	RIZOLEX VLOEIBAAR (5 Ltr)	2013-02-06	E11098NA.PDF	1	\N	t	1	\N	4000680073178	5	1	\N	I	67480
109536	P	102737	101329	20591518	JAVELIN (10L)	2007-01-01	E10904NA.PDF	1	\N	t	1	\N	4000680074090	10	1	\N	I	67481
108373	P	104030	100465	20590701	REGALIS (5 kg)	2002-04-17	E12317NA.PDF	2	\N	f	2	\N	4014348265713	5	2	\N	I	67482
108784	P	103466	101436	2023559	SUPERCAID-HAVERKORRELS 2,5 KG	1994-10-01	E7830NB.PDF	2	\N	f	2	\N	\N	2.5	2	\N	I	67483
109327	P	104194	100499	20591390	PRIMO MAXX 1 lt	2007-01-01	E12706Na.pdf	1	\N	f	1	\N	\N	1	1	\N	I	67484
109329	P	104195	101470	20591392	CLIO (1 liter) OV	2006-12-01	E12849NA.PDF	1	\N	t	1	\N	4014348512060	1	1	\N	I	67485
109331	P	104195	101471	20591393	CLIO (5 liter) OV	2006-12-01	E12849NA.PDF	1	\N	t	1	\N	4014348512121	5	1	\N	I	67486
109333	P	103678	101570	20591394	MOTTO (1 x 200 liter)	2006-10-01	E90016FA.PDF	1	\N	t	1	\N	4014348531887	200	1	\N	I	67487
109337	P	104197	100562	20591398	FENOMENAL 5kg	2006-08-18	E12824NA.PDF	2	\N	t	1	\N	4000680073789	5	2	\N	I	67488
109521	P	104121	101331	20591506	MOGETON 1 kg	2004-11-05	E12599NA.PDF	2	\N	f	1	\N	4000680074144	1	2	\N	I	67489
108375	P	104030	100455	20590698	REGALIS (1 kg)	2002-04-17	E12317NA.PDF	2	\N	f	2	\N	4014348265690	1	2	\N	I	67490
109517	P	104194	100500	20591503	PRIMO MAXX 5 LTR	2007-01-01	E12706Na.pdf	1	\N	t	1	\N	8717545041222	5	1	\N	I	67491
108380	P	104033	100573	20590716	FLINT 1 kg	2002-04-01	E12289Na.pdf	3	\N	t	1	\N	4000680073574	1	2	\N	I	67492
108393	P	102909	101470	20590721	MASAI 25 WG  (0.5 kg) OV	2002-05-13	E11781NA.PDF	2	\N	t	2	\N	4014348264907	0.5	2	2013-12-31	I	67493
109372	P	104205	101326	20591416	HUSSAR VLOEIBAAR (500 ml)	2007-01-19	E12869NA.PDF	3	\N	t	3	\N	4000680073901	0.5	1	\N	I	67494
109373	P	104204	100261	20591417	DELARO 5 LT	2007-01-19	E12877NA.PDF	1	\N	f	2	\N	4000680073963	5	1	\N	I	67495
109512	P	103084	101478	20591498	MELTATOX (5 liter) OV	2007-05-01	E5076Na.pdf	1	\N	t	1	\N	4014348126045	5	1	\N	I	67496
110190	P	102683	101329	20592127	FINALE SL 14 (10 Ltr)	2013-02-06	E10645NA.PDF	1	\N	t	3	\N	4000680072980	10	1	\N	I	67497
108362	P	102901	100254	20590690	TUREX SPUITPOEDER 1 KG	2002-01-01	E11702NA.PDF	2	\N	f	1	\N	8717545250419	1	2	\N	I	67498
109162	P	104149	101406	20591228	ROSACUR SPRAY 400ML	2006-01-01	e12693na.pdf	3	\N	f	100001	\N	4000680063384	0.400000000000000022	2	\N	I	67499
109073	P	102843	101487	20591139	PARAAT (1 kg)	2005-03-01	E11432NA.PDF	2	\N	f	2	\N	4014348155977	1	2	\N	I	67500
109140	P	104141	101498	20591206	QUICK BAYT 2KG	2005-04-01	DUMMY.PDF	2	\N	f	7	\N	\N	2	2	\N	I	67501
109141	P	104141	101432	20591207	QUICK BAYT 350GR	2005-04-01	DUMMY.PDF	3	\N	f	7	\N	\N	0.349999999999999978	2	\N	I	67502
109145	P	104144	100499	20591211	RIDOMIL GOLD SL 1 LTR	2005-08-04	E12281NA.PDF	1	\N	f	1	\N	8717545040362	1	1	\N	I	67503
109159	P	104146	101427	20591225	PYRETHRUM VLOEIBAAR 30 ML (12390)	2003-01-01	E12390NA.PDF	3	\N	f	100001	\N	\N	0.0299999999999999989	1	\N	I	67504
108583	P	104057	100488	20590800	ARAMO 5 ltr	2003-03-01	E12394NA.PDF	1	\N	t	1	\N	8717545250051	5	1	\N	I	67505
109161	P	104148	101504	20591227	ROSACUR CONCENTRAAT 75ML	2006-01-01	e12728na.PDF	3	\N	f	100001	\N	4000680063391	0.0700000000000000067	1	\N	I	67506
109135	P	102883	100451	20591201	ALLURE VLOEIBAAR (10 liter) OV	2005-04-01	E11585NA.PDF	1	\N	t	1	\N	4014348617543	10	1	2013-03-01	I	67507
109163	P	104150	101505	20591229	CLEAR-UP FOAM 500ML	2006-01-01	E12730NA.PDF	3	\N	f	100001	\N	\N	0.5	1	2013-12-31	I	67508
109172	P	104154	100499	20591238	KARATE ZEON 1 Ltr	2006-01-01	E12698NA.PDF	1	\N	t	1	\N	8717545040829	1	1	\N	I	67509
109178	P	104155	101369	20591244	NICANOR 20 SX, 100 g	2006-01-01	E12739Na.pdf	2	\N	t	1	\N	\N	0.100000000000000006	2	\N	I	67510
109184	P	103142	100723	20591250	LEGURAME VLOEIBAAR 5 LTR	2004-01-01	E5634NB.PDF	1	\N	t	1	\N	\N	5	1	\N	I	67511
109186	P	104157	101410	20591253	MUIZENKORRELS 8 x 25gr	2006-01-01	E12754NA.PDF	3	\N	f	100001	\N	\N	0.200000000000000011	2	\N	I	67512
110215	P	104466	100482	20592152	KARMA 5 kg	2012-11-02	E13854NA.PDF	2	\N	f	1	\N	8717545251867	5	2	\N	I	67513
109160	P	104147	101422	20591226	MICROSULFO SPUITZWAVEL 300gr (12390)	2003-01-01	E12397NA.PDF	3	\N	f	100001	\N	\N	0.299999999999999989	2	\N	I	67514
108284	P	103623	101290	20590607	APOLLO, 500 ml	2001-02-23	E8794Na.pdf	1	\N	f	1	\N	\N	0.5	1	\N	I	67515
110389	P	104534	101766	20592326	VIVENDI 100 5 ltr	2013-05-14	E13531NA.PDF	1	\N	f	7	\N	\N	5	1	\N	I	67516
108571	P	104054	100583	20590789	TREND 90 (5 LT)	2003-01-01	DUMMY.PDF	1	\N	f	1	\N	\N	5	1	\N	I	67517
108574	P	104053	100583	20590790	ALL CLEAR EXTRA 5ltr	2003-01-01	E90054Fa.pdf	1	\N	f	1	\N	3576960002509	5	1	\N	I	67518
108579	P	104056	100502	20590796	NEMATHORIN  10KG	2003-03-01	E12417NA.PDF	2	\N	f	2	\N	8717545040669	10	2	\N	I	67519
108582	P	104057	100751	20590799	ARAMO 1 ltr	2003-03-01	E12394NA.PDF	1	\N	t	1	\N	8717545250044	1	1	\N	I	67520
108263	P	104016	100501	1004251	CALLISTO 10 L	2001-05-07	E12204NA.PDF	1	\N	f	1	\N	8717545041307	10	1	\N	I	67521
109070	P	102922	101471	20591138	KENBYO FL (5 liter) OV	2005-03-01	E11841NA.PDF	1	\N	t	1	\N	4014348616331	5	1	\N	I	67522
108278	P	103154	101289	6001046	KERB 50 W SPUITPOEDER 5 KG	1998-01-01	E5785NA.PDF	2	\N	f	1	\N	\N	5	2	\N	I	67523
109137	P	103678	101471	20591202	MOTTO (5 liter)	2005-04-01	E90016FA.PDF	1	\N	t	1	\N	4014348490344	5	1	\N	I	67524
108291	P	104019	100751	20590618	FRUPICA SC 1 Liter	2002-01-01	E12229NA.PDF	1	\N	t	1	\N	8717545250167	1	1	\N	I	67525
108308	P	103961	100500	20590635	DUAL GOLD 960 EC 5 Ltr	2002-01-01	E12096NA.PDF	1	\N	t	1	\N	8717545041789	5	1	\N	I	67526
108311	P	102906	100261	20590638	FOLICUR 3 KG	2002-01-01	E11765Na.pdf	2	\N	t	1	\N	4000680057772	3	2	\N	I	67527
108327	P	104023	101308	20590654	APRON XL 20 LTR	2002-01-14	E12280Na.pdf	1	\N	f	3	\N	8717545040539	20	1	\N	I	67528
109122	P	104136	100257	20591190	FUSILADE MAX 1 LTR	2005-05-01	E12519NA.PDF	1	\N	t	1	\N	8717545040645	1	1	\N	I	67529
108600	P	104060	100487	20590814	FLORAMITE 240 SC 1 ltr	2003-04-01	E12421NB.PDF	1	\N	t	1	\N	8717545250150	1	1	\N	I	67530
108277	P	103154	101288	6000333	KERB 50 W SPUITPOEDER 1 kg	1983-07-01	E5785NA.PDF	2	\N	f	1	\N	\N	1	2	\N	I	67531
109030	P	104119	101016	20591099	TRACER 0.5 LT	2004-07-01	E12567NA.PDF	1	\N	f	1	\N	\N	0.5	1	\N	I	67532
108871	P	104080	101459	20590947	MERPAN SPUITKORREL,5 KG	2004-01-01	E11462Na.pdf	2	\N	t	1	\N	8718077000572	5	2	\N	I	67533
108925	P	104104	100517	20590996	TECTO 4x5 LTR	2004-03-25	E12290NA.PDF	1	\N	t	3	\N	8717545040973	20	1	\N	I	67534
108940	P	104111	100261	20591012	TRAMAT 500 SC (5 LTR)	2004-02-27	E12521NA.PDF	1	\N	t	1	\N	4000680073598	5	1	\N	I	67535
108981	P	104051	101481	20591051	DELAN DF  (5 KG)	2004-06-01	E10001NA.PDF	2	\N	t	2	\N	4014348346887	5	2	2013-04-01	I	67536
108980	P	104051	101479	20591052	DELAN DF  (1 KG)	2004-06-01	E10001NA.PDF	2	\N	t	2	\N	4014348346900	1	2	2013-12-31	I	67537
109198	P	104159	100500	20591259	PRIORI XTRA 5 LTR	2006-01-01	E12762NA.PDF	1	\N	t	1	\N	8717545040942	5	1	\N	I	67538
109021	P	104116	100586	20591093	CURZATE M WG 10 KG	2004-01-01	E8708NA.PDF	2	\N	t	1	\N	\N	10	2	\N	I	67539
108816	P	104019	100488	20590903	FRUPICA SC 5 liter	2001-11-27	E12229NC.PDF	1	\N	t	1	\N	8717545250174	5	1	\N	I	67540
109022	P	103663	101444	20591094	HG ONKRUIDWEG 2g/l 1000 ltr container	2004-04-01	DUMMY.PDF	1	\N	f	7	\N	\N	1000	1	\N	I	67541
109027	P	104118	100575	20591096	ROUNDUP MAX 5L	2004-06-01	E12545NA.PDF	1	\N	f	1	\N	\N	5	1	\N	I	67542
109028	P	104118	101006	20591097	ROUNDUP MAX 20L	2004-06-01	E12545Na.PDF	1	\N	f	1	\N	\N	20	1	\N	I	67543
109029	P	104118	101005	20591098	ROUNDUP MAX 200L	2004-06-01	E12545Na.PDF	1	\N	f	1	\N	\N	200	1	\N	I	67544
108783	P	103756	101440	2854049	SUPERCAID-CONCENTRAAT 5 LT ES	1986-07-01	E11579NA.PDF	1	\N	t	3	\N	\N	5	1	\N	I	67545
108564	P	103589	101367	15051414	GOLTIX WG 5 kg	1986-10-01	E8629Na.pdf	2	\N	t	1	\N	8718077000534	5	2	\N	I	67546
108974	P	102926	100985	20591054	ACROBAT DF 1 x 10 KG	2004-06-01	E12518NA.PDF	2	\N	t	2	\N	4014348467179	10	2	\N	I	67547
108809	P	104074	101400	20590896	SOLFAC VLOEIBAAR 1 ltr	2003-09-01	E9701NA.PDF	3	\N	f	100001	\N	\N	1	1	\N	I	67548
108611	P	103989	100266	20590824	AFALON FLOW 1 LTR	2003-03-01	E11019Na.PDF	1	\N	t	3	\N	8718077000343	1	1	\N	I	67549
108612	P	103989	100270	20590825	AFALON FLOW 5 LTR	2003-03-01	E11019Na.pdf	1	\N	t	3	\N	8718077000763	5	1	\N	I	67550
110210	P	104469	100575	20592147	ROUNDUP ULTIMATE 5L	2013-02-28	E13865NA.PDF	1	\N	f	1	\N	\N	5	1	\N	I	67551
110211	P	104469	101006	20592148	ROUNDUP ULTIMATE 15L	2013-02-28	E13865NA.PDF	1	\N	f	1	\N	\N	15	1	\N	I	67552
110212	P	104469	101005	20592149	ROUNDUP ULTIMATE 200L	2013-02-28	E13865NA.PDF	1	\N	f	1	\N	\N	200	1	\N	I	67553
110213	P	104047	101339	20592150	MILBEKNOCK (5 Ltr)	2013-01-01	E12364NA.PDF	1	\N	t	1	\N	4000680073147	5	1	\N	I	67554
108824	P	102846	100500	20590911	SCORE 250 EC 5LTR	2003-09-25	E11453NA.PDF	1	\N	t	1	\N	8717545040218	5	1	\N	I	67555
108791	P	102846	100499	20590878	SCORE 250 EC 1LTR	2003-09-25	E11453NA.PDF	1	\N	t	1	\N	8717545040881	1	1	\N	I	67556
108821	P	103361	100496	20590906	TOPSIN M VLOEIBAAR 10 liter	1998-07-01	E7211NA.PDF	1	\N	t	1	\N	8717545250402	10	1	\N	I	67557
108813	P	104076	100498	20590900	PLENUM 50 WG 1KG	2003-12-01	E12491NA.PDF	2	\N	t	1	\N	8717545041529	1	2	\N	I	67558
108831	P	103667	101426	1003153	POKON ONKRUIDSTOP in gazons 100 ML	2000-03-01	DUMMY.PDF	3	\N	f	100001	\N	\N	0.100000000000000006	1	2014-07-31	I	67559
108855	P	102605	100270	2480044	VERIGAL D (5 LT)	1992-01-01	E10194Na.pdf	1	\N	t	1	\N	8718077002064	5	1	\N	I	67560
108857	P	102596	100720	9501516	CAPTOSAN 500 SC 10L	1988-07-01	E10104Na.pdf	1	\N	t	1	\N	8718077002446	10	1	\N	I	67561
108858	P	102596	101452	9900427	CAPTOSAN 500 SC 100L	1994-07-01	E10104NA.PDF	1	\N	t	6	\N	\N	100	1	\N	I	67562
108785	P	103466	101441	2754867	SUPERCAID-HAVERKORRELS (800 GRAM)	1983-07-01	E7830NA.PDF	3	\N	f	2	\N	\N	0.800000000000000044	2	\N	I	67563
110214	P	104468	101334	20592151	REDIGO PRO (1000 Ltr)	2013-02-07	E13548NA.PDF	1	\N	f	6	\N	4000680074762	1000	1	\N	I	67564
110126	P	104399	100261	20592073	HEROLD SC 4 x 5 L	2012-06-01	E13579Na.pdf	1	\N	f	1	\N	4000680074748	5	1	\N	I	67565
110363	P	104318	101688	20592300	STORM SECURE 1 x 20 kg	2013-05-02	E13337KA.PDF	2	\N	f	2	\N	4014348595216	20	2	\N	I	67566
110109	P	104382	100560	20592056	MONCEREEN PRO 10ltr	2012-03-01	E13490NA.PDF	1	\N	f	1	\N	\N	10	1	\N	I	67567
110108	P	104360	100574	20592057	MOVENTO 1L	2012-04-01	E13404NA.PDF	1	\N	f	1	\N	4000680074731	1	1	\N	I	67568
110110	P	103212	101733	20592058	FRUITONE 250ml	2012-05-01	E6083NA.PDF	3	\N	f	2	\N	\N	0.25	1	\N	I	67569
110113	P	104395	101573	20592059	CANVAS 2x10L NL	2012-04-01	E13530NB.PDF	1	\N	f	1	\N	\N	10	1	\N	I	67570
110112	P	104395	101565	20592060	CANVAS 4x5L NL	2012-04-01	E13530NA.PDF	1	\N	f	1	\N	\N	5	1	\N	I	67571
110115	P	104396	101734	20592061	PEAK 100GR	2012-04-24	E13587NA.pdf	2	\N	t	2	\N	\N	0.100000000000000006	2	\N	I	67572
110114	P	104397	100498	20592062	CASPER 1KG	2012-04-26	E13589NA.pdf	2	\N	t	2	\N	\N	1	2	\N	I	67573
110118	P	104394	101735	20592063	CORAGEN SC 200 ML	2012-03-01	E13555NA.PDF	1	\N	f	\N	\N	\N	0.200000000000000011	1	\N	I	67574
110121	P	104361	101719	20592068	MEDAX TOP EN TURBO (Turbo 1 x 5 kg)	2012-01-01	E90070FA.PDF	3	\N	f	2	\N	4014348564090	5	2	\N	I	67575
110122	P	103646	101703	20592069	ROVRAL-AQUAFLO (5 liter)	2012-04-01	E8928NA.PDF	1	\N	t	1	\N	4014348686044	5	1	\N	I	67576
109618	P	102867	100560	20591598	BETANAL EXPERT 10L	2008-03-01	E11533NB.PDF	1	\N	f	1	\N	4000680074212	10	1	\N	I	67577
110125	P	104398	100844	20592072	LAUDIS WG 1 X 3 KG	2012-05-01	E13514Na.pdf	2	\N	f	1	\N	4000680074694	3	2	\N	I	67578
110096	P	102874	101703	20592040	SCALA (5 liter)	2012-02-01	E11555NA.PDF	1	\N	f	1	\N	4014348686341	5	1	\N	I	67579
109969	P	104231	101715	20591916	SECURO (10 liter)	2010-11-01	E12955NA.PDF	1	\N	t	1	\N	4014348654999	10	1	\N	I	67580
109987	P	104357	101565	20591933	NOCTURN 4x5L (NL)	2011-01-01	E13359NA.PDF	1	\N	f	1	\N	\N	5	1	\N	I	67581
109990	P	104358	101634	20591935	KOHINO,R 400 gram verpakking	2010-06-18	E13363Na.pdf	2	\N	f	1	\N	8718077003085	0.400000000000000022	2	\N	I	67582
109988	P	104358	101636	20591936	KOHINOR 70 WG, 2 kg	2010-06-18	E13363Na.pdf	2	\N	f	1	\N	8718077003283	2	2	\N	I	67583
109992	P	103959	100504	20591939	CHORUS 50 WG 5 KG	2011-01-01	E12097Na.pdf	2	\N	f	1	\N	8717545041680	5	2	\N	I	67584
109995	P	102920	100447	20591941	ADMIRAL (1 liter)	2011-02-01	E11828NA.PDF	1	\N	t	1	\N	4014348688338	1	1	\N	I	67585
109997	P	104317	101706	20591942	ENZICUR (300 gram)	2011-01-01	E12940NA.PDF	3	\N	t	2	\N	4014348646451	0.299999999999999989	2	\N	I	67586
109999	P	104317	101707	20591943	ENZICUR (1,5 kg)	2011-01-01	E12940NA.PDF	3	\N	t	2	\N	4014348593847	1.5	2	\N	I	67587
110025	P	104366	101006	20591971	ROUNDUP+ 20 LTR	2011-01-01	E12960NA.PDF	1	\N	t	1	\N	\N	20	1	\N	I	67588
110060	P	103156	100967	20592006	PIRIMOR 1 KG (nog niet)	2012-01-01	E5794Na.pdf	2	\N	t	3	\N	\N	1	2	\N	I	67589
110059	P	103156	101727	20592007	PIRIMOR 5 KG	2012-01-01	E5794Na.pdf	2	\N	t	3	\N	\N	5	2	\N	I	67590
110154	P	104031	101715	20592092	FRONTIER OPTIMA (10 liter)	2012-04-01	E12283NA.PDF	1	\N	t	1	\N	4014348906425	10	1	\N	I	67591
109982	P	104354	101390	20591929	MERIT TURF GR0,5 1X5KG 79881606	2010-06-01	DUMMY.PDF	2	\N	f	7	\N	\N	5	2	\N	I	67592
109619	P	104255	100450	20591599	COMET STAR (COMET 1 x 5 liter) OV	2008-04-01	E12411NA.PDF	3	\N	t	1	\N	4014348466370	5	1	2013-04-01	I	67593
109909	P	104315	100493	20591878	CYD-X XTRA 250 ml	2010-01-08	E13329NA.PDF	3	\N	f	1	\N	8717545250907	0.25	1	\N	I	67594
109932	P	104325	101565	20591896	WEEDAZOL 4 x 5L (NL) 6049N	2010-06-01	E6049NA.PDF	1	\N	f	1	\N	\N	5	1	\N	I	67595
109933	P	104325	101575	20591897	WEEDAZOL 1 x 20L (NL) 6049N	2010-06-01	E6049NA.PDF	1	\N	f	1	\N	\N	20	1	\N	I	67596
109956	P	102886	100482	20591904	ROYAL MH SPUITKORREL 5 kg	2010-07-01	E11599NA.PDF	2	\N	f	2	\N	8717545250334	5	2	\N	I	67597
109959	P	104349	101714	20591906	ISOMEXX 100gr (NL)	2010-05-01	DUMMY.PDF	3	\N	f	1	\N	\N	0.100000000000000006	2	\N	I	67598
109974	P	102907	100501	20591918	AMISTAR 10 LTR	2011-01-01	E11767Na.pdf	1	\N	t	1	\N	\N	10	1	\N	I	67599
109972	P	103273	100500	20591919	ACTELLIC 50 5 LTR	2011-01-01	E6469Na.pdf	1	\N	t	1	\N	\N	5	1	\N	I	67600
110036	P	104078	101722	20591972	COLLIS (1 liter)	2011-04-01	E12504NA.PDF	1	\N	t	1	\N	4014348654210	1	1	\N	I	67601
109975	P	102703	101715	20591923	STOMP 400 SC (10 liter)	2010-12-01	E10766NA.PDF	1	\N	t	1	\N	4014348672610	10	1	\N	I	67602
109979	P	102643	101436	20591926	FRAP 2,5KG artnr 7995210	1994-10-01	E10423NA.PDF	2	\N	f	7	\N	\N	2.5	2	\N	I	67603
110362	P	104544	101861	20592299	TUBERPROP ULTRA 10 ltr	2013-05-14	E13542NA.PDF	1	\N	f	7	\N	\N	10	1	\N	I	67604
109981	P	104354	101391	20591928	MERIT TURF GR0,5 1X10KG 05860988	2010-06-01	DUMMY.PDF	2	\N	f	7	\N	\N	10	2	\N	I	67605
110093	P	104359	101471	20592041	MEDAX TOP en TURBO (Medax Top 1 x 5 liter)	2012-01-01	E13401NA.PDF	3	\N	f	1	\N	4014348688475	5	1	\N	I	67606
109980	P	103466	101433	20591930	SUPERCAID-HAVERKORRELS 800g (80024142)	2010-01-01	E7830NA.PDF	3	\N	f	7	\N	\N	0.800000000000000044	2	\N	I	67607
110034	P	104151	101722	20591973	FLEXITY (1 liter)	2011-04-01	E12737NA.PDF	1	\N	f	1	\N	4014348652025	1	1	2013-12-31	I	67608
110030	P	104164	101703	20591975	VENTURE (5 liter)	2011-04-01	E12781NA.PDF	1	\N	f	1	\N	4014348652070	5	1	\N	I	67609
110028	P	104151	101703	20591976	FLEXITY (5 liter)	2011-04-01	E12737NA.PDF	1	\N	f	1	\N	4014348652032	5	1	\N	I	67610
110026	P	104319	101715	20591977	ORVEGO (1 x 10 liter)	2011-04-01	E13317NA.PDF	1	\N	f	1	\N	4014348672634	10	1	\N	I	67611
110038	P	104367	100826	20591984	PONCHO ROOD 50 L	2011-01-01	E13276NA.PDF	1	\N	f	2	\N	4000680074434	50	1	\N	I	67612
110082	P	104384	101715	20592030	AKRIS (1 x 10 liter)	2012-03-01	E13580NA.PDF	1	\N	t	1	\N	4014348925419	10	1	\N	I	67613
110085	P	104386	101729	20592031	IMTREX DUO (IMTREX)	2012-04-01	E13578NA.PDF	3	\N	t	1	\N	4014348920179	10	1	2013-04-01	I	67614
110084	P	104385	101712	20592032	IMTREX DUO (OPUS)	2012-04-01	E11408FA.PDF	3	\N	t	1	\N	4014348913928	5	1	2013-04-01	I	67615
110083	P	104384	101703	20592033	AKRIS (1 x 5 liter)	2012-03-01	E13580NA.PDF	1	\N	t	1	\N	4014348579742	5	1	\N	I	67616
110098	P	104390	100459	20592039	SIGNUM S (5 KG)	2012-02-01	E13477NA.PDF	2	\N	t	2	\N	4014348929479	5	2	\N	I	67617
110135	P	102643	101600	20592080	RODILON WHEAT TECH 1000kg	2012-01-01	E10423Na.pdf	2	\N	f	100001	\N	\N	1000	2	\N	I	67618
109983	P	104223	101717	20591927	GAZON INSECT 30gr 79001517	2006-06-01	E12919NA.PDF	3	\N	f	100001	\N	\N	0.0299999999999999989	2	2013-12-31	I	67619
110428	P	104157	101410	20592365	POKON MUIZENKORRELS RB 8X25GR	2013-09-09	E12754NA.PDF	3	\N	f	\N	\N	\N	0.200000000000000011	2	\N	I	67620
110062	P	104377	100501	20592008	BRAVO PREMIUM  10 LTR	2012-01-01	E13549Na.pdf	1	\N	t	1	\N	\N	10	1	\N	I	67621
110939	P	104378	101728	20592876	FRAP SOFT BLOCK (20x 10gr)	2013-12-09	E13338NA.PDF	3	\N	f	\N	\N	\N	0.200000000000000011	2	\N	I	67622
110421	P	103847	101470	20592358	NOMOLT (1 liter)	2013-07-29	E9914NA.PDF	1	\N	t	1	\N	4014348686150	1	1	\N	I	67623
110422	P	104558	101915	20592359	MALIBU (1 x 5 liter)	2013-07-29	E14123NA.PDF	1	\N	t	1	\N	4014348904995	5	1	\N	I	67624
110977	P	104649	100751	20592914	SETANTA FLO 1 ltr	2013-12-18	E14233NA.PDF	1	\N	t	1	\N	8717545251898	1	1	\N	I	67625
110978	P	104645	101385	20592915	STORM PELLETS (1 KG)	2014-01-07	E14134NA.PDF	2	\N	f	1	\N	4014348983877	1	2	\N	I	67626
110979	P	104649	100488	20592916	SETANTA FLO 5 ltr	2013-12-18	E14233NA.PDF	1	\N	t	1	\N	8717545251874	5	1	\N	I	67627
110980	P	104646	100504	20592917	CHESS 5 KG	2014-01-07	E14324NA.PDF	2	\N	t	2	\N	\N	5	2	\N	I	67628
110981	P	104648	100500	20592918	SEGURIS 5 LITER	2014-01-07	E14245NA.PDF	1	\N	t	1	\N	\N	5	1	\N	I	67629
110982	P	104645	101385	20592919	STORM PELLETS (1 x 3 kg)	2014-01-07	E14134NA.PDF	2	\N	f	1	\N	4014348981378	3	2	\N	I	67630
110425	P	104409	101728	20592362	RODILON TRIO 700 KG	2013-09-09	E13583NA.PDF	2	\N	f	\N	\N	\N	700	2	\N	I	67631
110937	P	104200	101923	20592874	CALYPSO SPRAY 1000 ml	2013-12-03	E12813NB.PDF	3	\N	f	\N	\N	\N	1	1	\N	I	67632
110427	P	102644	101728	20592364	FRAP GRANENMIX 2x25gr	2013-09-09	E10424NA.PDF	3	\N	f	\N	\N	\N	0.0500000000000000028	2	\N	I	67633
110936	P	102820	101728	20592873	DIMANIN ULTRA EYD 500ML	2013-11-28	E11302NA.PDF	3	\N	f	\N	\N	\N	0.5	1	\N	I	67634
110429	P	104560	101308	20592366	MAXIM 480 FS 20LTR	2013-10-01	E14184NA.PDF	1	\N	t	\N	\N	\N	20	1	\N	I	67635
110430	P	104560	101662	20592367	MAXIM 480 FS 12x1LTR	2013-10-01	E14184NA.PDF	1	\N	t	3	\N	\N	1	1	\N	I	67636
110431	P	104234	101392	20592368	RODILON SOFT BLOCK  800 GRAM	2013-10-08	E12966NA.PDF	3	\N	f	7	\N	8712171016835	0.800000000000000044	2	\N	I	67637
110883	P	104412	101397	20592820	BAYTHION KO 35gr	2013-11-01	E13521NA.PDF	3	\N	f	\N	\N	8712171017610	0.0350000000000000033	2	\N	I	67638
110884	P	104075	101392	20592821	MAXFORCE WHITE IC 30gr	2013-11-08	E12094NA.PDF	3	\N	f	\N	\N	\N	0.0299999999999999989	2	\N	I	67639
110885	P	104262	101747	20592822	MS SOMITROL PASTA 500x10gr	2013-11-01	E13053NA.PDF	3	\N	f	\N	\N	\N	5	2	\N	I	67640
110886	P	104363	101397	20592823	CLEAR-UP CONCENTRAAT SL 40ml	2013-11-01	E13291NA.PDF	3	\N	f	\N	\N	8712171017689	0.0400000000000000008	1	\N	I	67641
110887	P	102600	101392	20592824	METALD-SLAKKENKORRELS RB 100gr	2013-11-01	E10163NA.PDF	3	\N	f	\N	\N	8712171017825	0.100000000000000006	2	\N	I	67642
110888	P	104370	101915	20592825	SPECTRUM (5 liter)	2013-11-04	E13456NA.PDF	1	\N	t	1	\N	4014348964319	5	1	\N	I	67643
110889	P	102820	101425	20592826	DIMANIN ULTRA  SL 100ml	2013-11-01	E11302NA.PDF	3	\N	f	\N	\N	8712171017759	0.100000000000000006	1	\N	I	67644
110890	P	104268	101722	20592827	FIESTA (1 Liter)	2013-10-31	E13137NA.PDF	1	\N	t	1	\N	4014348669535	1	1	2013-12-31	I	67645
110387	P	104541	101861	20592324	TUBERPROP EASY 10 ltr	2013-05-14	E13420NA.PDF	1	\N	f	7	\N	\N	10	1	\N	I	67646
110426	P	104197	100564	20592363	FENOMENAL 6 kg	2013-09-09	E12824NA.PDF	2	\N	t	\N	\N	4000680075325	6	2	\N	I	67647
110365	P	104531	101853	20592302	BRABANT CAPTAN FLOWABLE 10 ltr	2013-05-13	E10331NA.PDF	1	\N	f	7	\N	\N	10	1	\N	I	67648
110149	P	104407	101745	20592089	ER 11 5 LITER	2009-01-01	E90071FA.PDF	1	\N	t	1	\N	\N	5	1	\N	I	67649
110136	P	102643	101436	20592077	RODILON WHEAT TECH 2,5 KG	2012-01-01	E10423Na.pdf	2	\N	f	100001	\N	\N	2.5	2	\N	I	67650
110137	P	102643	101433	20592078	RODILON WHEAT TECH 800 GR	2012-01-01	E10423Na.pdf	3	\N	f	100001	\N	\N	0.800000000000000044	2	\N	I	67651
110138	P	104402	101390	20592074	K-OTHRINE WG250 40gr	2012-01-01	DUMMY.PDF	3	\N	f	100001	\N	\N	0.0400000000000000008	2	\N	I	67652
110139	P	104400	101390	20592075	K-OBIOL EC 25 12x1L	2012-01-01	DUMMY.PDF	1	\N	f	100001	\N	\N	1	1	\N	I	67653
110140	P	104401	101390	20592079	K-OBIOL ULV 15L	2012-01-01	DUMMY.PDF	1	\N	f	100001	\N	\N	15	1	\N	I	67654
110141	P	104153	101703	20592081	CARAMBA (5 liter)	2012-05-01	E12746NA.PDF	1	\N	t	1	\N	4014348685023	5	1	\N	I	67655
110143	P	104403	101313	20592083	MASTERJET 20 LTR	2012-08-01	E13595NA.PDF	1	\N	t	1	\N	\N	20	1	\N	I	67656
110145	P	102878	101712	20592085	SPORTAK EW (5 liter)	2012-08-01	E11567NA.PDF	1	\N	t	1	\N	4014348690683	5	1	\N	I	67657
110148	P	104406	100826	20592087	REDIGO 1000L	2011-12-09	E13547NA.PDF	1	\N	f	2	\N	4000680075011	1000	1	\N	I	67658
110147	P	104406	100826	20592088	REDIGO FS100  30L	2011-12-09	E13547NA.PDF	1	\N	f	2	\N	4000680074786	30	1	\N	I	67659
110938	P	104617	101923	20592875	DIMANIN SPRAY 1000ml	2013-12-03	E13265NA.PDF	3	\N	f	\N	\N	\N	1	1	\N	I	67660
110364	P	104529	101845	20592301	AGRICHEM METAMITRON 700 5 ltr	2013-05-13	E11503NA.PDF	1	\N	f	7	\N	\N	5	1	\N	I	67661
110134	P	102643	101391	20592076	RODILON WHEAT TECH 10kg	2012-01-01	E10423Na.pdf	2	\N	f	100001	\N	\N	10	2	\N	I	67662
110366	P	104538	101854	20592303	BRABANT CHLOOR-IPC VLOEIBAAR 10 ltr	2013-05-13	E5134NA.PDF	1	\N	f	7	\N	\N	10	1	\N	I	67663
110925	P	104363	101419	20592862	CLEAR-UP CONCENTRAAT EYD 500ml	2013-11-28	E13291NB.PDF	3	\N	f	\N	\N	\N	0.5	1	\N	I	67664
110926	P	104199	101728	20592863	CALYPSO VLOEIBAAR EYD 400 ml	2013-11-28	E12835NA.PDF	3	\N	f	\N	\N	\N	0.400000000000000022	1	\N	I	67665
110927	P	104201	101923	20592864	CLEAR-UP SPRAY N 1000 ml	2013-12-03	E12769NA.PDF	3	\N	f	\N	\N	\N	1	1	\N	I	67666
110928	P	104616	101728	20592865	PIRON PUSHBOX (2st)	2013-12-09	E13526NA.PDF	3	\N	f	\N	\N	8712171016828	0.299999999999999989	2	\N	I	67667
110929	P	104363	101420	20592866	CLEAR-UP CONCENTRAAT EYD 250 ml	2013-11-28	E13291NA.PDF	3	\N	f	\N	\N	400680063094	0.25	1	\N	I	67668
110930	P	104413	101728	20592867	TRI-BUT TURBO 100 ml	2013-12-09	E13863NA.PDF	3	\N	f	\N	\N	\N	0.100000000000000006	1	\N	I	67669
110931	P	104619	101923	20592868	FLITSER SPRAY 1000ml	2013-12-12	E13397NA.PDF	3	\N	f	\N	\N	\N	1	1	\N	I	67670
110932	P	104618	101924	20592869	VIVANDO (1 x 0,25 ltr)	2013-12-02	E14231NA.PDF	1	\N	t	1	\N	4014348945981	0.25	1	\N	I	67671
110933	P	104380	101923	20592870	TWIST PLUS SPRAY ROZEN 1000ml	2013-11-28	E13417NA.PDF	3	\N	f	\N	\N	8712171016705	1	1	\N	I	67672
110934	P	104378	101392	20592871	FRAP SOFT BLOCK 200 gr (20x10gr)BOX	2013-11-28	E13338NA.PDF	3	\N	f	\N	\N	8712171017306	0.200000000000000011	2	\N	I	67673
110935	P	102820	101728	20592872	DIMANIN ULTRA EYD 1000ml	2013-11-28	E11302NA.PDF	3	\N	f	\N	\N	\N	1	1	\N	I	67674
110151	P	104366	101005	20592091	ROUNDUP+ 200 LTR	2012-01-01	E12960NA.PDF	1	\N	t	1	\N	\N	200	1	\N	I	67675
109846	P	104208	100507	20591821	CRUISER 70 WS 900 gram	2010-02-18	E12852Na.pdf	2	\N	t	3	\N	\N	0.900000000000000022	2	\N	I	67676
109914	P	104109	100567	20591882	HUSSAR WG (600 gr.)	2010-04-01	E12517NA.PDF	3	\N	f	2	\N	4000680072997	0.599999999999999978	2	\N	I	67677
109856	P	104129	100253	20591831	PRIMSTAR 1 LTR	2010-02-01	E12585NA.PDF	1	\N	f	1	\N	3362130108252	1	1	\N	I	67678
109858	P	104306	100267	20591833	KART 5  L	2010-03-15	E13290NA.PDF	1	\N	t	1	\N	3362130101475	5	1	\N	I	67679
109859	P	104200	101699	20591834	CALYPSO SPRAY DISPLAY 128 stuks	2010-01-01	E12813NA.PDF	3	\N	f	7	\N	8712171017511	128	1	\N	I	67680
109861	P	103857	101677	20591836	DIMANIN 1000ml Display 160stuks	2010-01-01	E9984NA.PDF	3	\N	f	7	\N	8712171017726	160	1	2013-12-31	I	67681
109862	P	102820	101677	20591837	DIMANIN ULTRA DP 72x500ml+30x1000ml	2010-01-01	E11302NA.PDF	3	\N	f	7	\N	8712171017795	66	1	2013-10-01	I	67682
109863	P	103857	101424	20591838	INTRATUIN GROENE AANSLAG 1 ltr	2010-01-01	E9984NA.PDF	3	\N	f	7	\N	\N	1	1	\N	I	67683
109864	P	104307	101700	20591839	MAXFORCE PRIME 10 (4X30G)	2010-01-01	DUMMY.PDF	3	\N	f	7	\N	\N	0.119999999999999996	2	\N	I	67684
109865	P	104308	101701	20591840	CLINESS 0,5L	2010-01-15	E13286NA.PDF	3	\N	t	1	\N	\N	0.5	1	\N	I	67685
109867	P	104309	100720	20591842	TALENT, 10 ltr	2010-03-08	E13070NA.PDF	1	\N	f	3	\N	8718077002798	10	1	\N	I	67686
109871	P	104238	100826	20591846	MESUROL FS 200 L	2010-01-01	E12964NB.PDF	1	\N	f	3	\N	4000680074465	200	1	\N	I	67687
109854	P	104304	101486	20591829	MATOS 20 LTR	2010-02-01	E13226NA.PDF	1	\N	f	1	\N	3362130107217	20	1	\N	I	67688
109876	P	104324	101702	20591852	RATAK MUIZENKORRELS 1000 KG	2010-01-01	E7967NA.PDF	2	\N	f	2	\N	4014348598170	1000	2	2013-02-28	I	67689
109853	P	104303	101486	20591828	PANIC FREE 20 LTR	2010-02-01	E13186NA.PDF	1	\N	f	1	\N	3362130105596	20	1	\N	I	67690
109850	P	103021	101596	20591823	GRO-STOP POEDER 20 kg	2010-01-01	E4285NA.PDF	2	\N	f	3	\N	8717545251669	20	2	\N	I	67691
109857	P	104287	100253	20591832	KERB FLO 1 Ltr	2010-01-01	E13152NA.PDF	1	\N	t	1	\N	\N	1	1	\N	I	67692
109877	P	104312	100270	20591853	POWERTWIN 5 l	2010-01-01	E13185Na.pdf	1	\N	t	1	\N	\N	5	1	\N	I	67693
109879	P	104313	100560	20591855	CONSENTO 10 L	2010-05-01	E12859NA.PDF	1	\N	f	1	\N	4000680073895	10	1	\N	I	67694
109880	P	104158	101404	20591856	HG ONKRUIDWEG CONCENTRAAT 100ml	2010-03-01	DUMMY.PDF	3	\N	f	7	\N	\N	0.100000000000000006	1	\N	I	67695
109884	P	103899	100501	20591862	DACONIL 500 VLB. 10 LTR	2010-05-01	E7827NA.PDF	1	\N	t	1	\N	8717545042038	10	1	\N	I	67696
109889	P	104318	101385	20591867	STORM SECURE (3 kg)	2010-05-01	E13337NA.PDF	2	\N	f	2	\N	4014348594769	3	2	\N	I	67697
109903	P	104320	100500	20591872	ELUMIS 5LTR	2010-01-01	E13192Na.pdf	1	\N	t	1	\N	8717545041925	5	1	\N	I	67698
109905	P	104321	100270	20591874	SULTAN 500 SC, 5 liter	2010-04-01	E13128Na.pdf	1	\N	t	1	\N	8718077001371	5	1	\N	I	67699
109907	P	104301	101007	20591876	SCOMRID AEROSOL 300 ML	2010-02-01	E13284N.PDF	3	\N	f	3	\N	8717545251249	0.299999999999999989	2	\N	I	67700
109916	P	104322	100261	20591880	MAISTER VLOEIBAAR (4 X 5 L)	2010-04-01	E13187NA.PDF	1	\N	f	1	\N	4000680074441	5	1	\N	I	67701
109915	P	104108	100567	20591881	MAISTER (600 GR)	2010-04-01	E12544NA.PDF	3	\N	f	1	\N	4000680073017	0.599999999999999978	2	\N	I	67702
109873	P	104311	100561	20591848	FAME 10 x 1 kg	2010-04-01	E13289NA.PDF	2	\N	f	1	\N	4000680074564	10	2	\N	I	67703
110408	P	104549	101766	20592345	AGRICHEM CCC 750 5 ltr	2012-01-01	E9151NA.PDF	1	\N	f	7	\N	\N	5	1	\N	I	67704
110391	P	104524	101767	20592328	FINY 100 gr.	2013-05-14	E12965NA.PDF	3	\N	f	7	\N	\N	0.100000000000000006	2	\N	I	67705
110152	P	104031	101703	20592093	FRONTIER OPTIMA (5 liter)	2012-04-01	E12283NA.PDF	1	\N	t	1	\N	4014348912921	5	1	\N	I	67706
109574	P	104074	101641	20591555	SOLFAC 25 liter	2008-01-01	E9701NA.PDF	1	\N	f	7	\N	\N	25	1	\N	I	67707
110392	P	104540	101770	20592329	TROY 480 5 ltr	2013-05-14	E13386NA.PDF	1	\N	f	7	\N	\N	5	1	\N	I	67708
110399	P	104552	101923	20592336	MOS EN GROENE AANSLAG SPRAY	2013-06-03	E13532NA.PDF	1	\N	f	\N	\N	8712171016682	1	1	\N	I	67709
110400	P	104554	101856	20592337	BRABANT SLAKKENDOOD 5 kg	2013-06-12	E4377NA.PDF	2	\N	f	7	\N	\N	5	2	\N	I	67710
110401	P	104152	101722	20592338	ALLEGRO PLUS (1 liter)	2013-05-28	E12747NA.PDF	1	\N	t	1	\N	4014348652421	1	1	\N	I	67711
110402	P	102853	101350	20592339	ADMIRE 200gr	2013-05-30	E11483NA.PDF	2	\N	f	\N	\N	4000680075301	0.200000000000000011	2	\N	I	67712
110403	P	104550	101848	20592340	OBLIX 200EC 5 ltr	2013-06-10	E10568NA.PDF	1	\N	f	100001	\N	\N	5	1	\N	I	67713
110404	P	104546	101712	20592341	OSIRIS (5 liter)	2013-05-28	E13908NA.PDF	1	\N	t	1	\N	4014348965996	5	1	\N	I	67714
110405	P	104547	101846	20592342	OBLIX 500 SC 5 ltr	2013-06-10	E10319NA.PDF	1	\N	f	7	\N	\N	5	1	\N	I	67715
109855	P	104305	101486	20591830	POLICLEAN 20 LTR	2010-02-01	E13225NA.PDF	1	\N	f	1	\N	3362130107200	20	1	\N	I	67716
110407	P	104557	101765	20592344	CARECA 5 LTR	2013-06-12	E13673NA.PDF	1	\N	f	7	\N	\N	5	1	\N	I	67717
109836	P	103733	100500	20591812	TOPAZ 100 EC 5 LTR	2010-01-01	E9364Na.pdf	1	\N	t	1	\N	8717545041802	5	1	\N	I	67718
110409	P	104549	101849	20592346	AGRICHEM CCC 750 10 ltr	2012-01-01	E9151NA.PDF	1	\N	f	7	\N	\N	10	1	\N	I	67719
110410	P	104548	101855	20592347	MISSION 10 LTR	2013-06-13	E13848NA.PDF	1	\N	f	7	\N	\N	10	1	\N	I	67720
110412	P	104551	101573	20592349	CIRRAN 2X10L (NL)	2013-05-01	E13976NA.PDF	1	\N	f	1	\N	\N	10	1	\N	I	67721
110413	P	104554	101866	20592350	BRABANT SLAKKENDOOD 25 KG	2013-06-12	E4377NA.PDF	2	\N	f	7	\N	\N	25	2	\N	I	67722
110414	P	104553	100343	20592351	FEMO 5 LTR	2013-06-13	E13852NA.PDF	1	\N	f	7	\N	\N	5	1	\N	I	67723
110415	P	104535	101765	20592352	ETNA 5ltr	2013-06-17	E13424NA.PDF	1	\N	f	7	\N	\N	5	1	\N	I	67724
110416	P	104516	101855	20592353	AGRICHEM FENMEDIFAM 10 ltr	2012-01-01	E9390NA.PDF	1	\N	f	7	\N	\N	10	1	\N	I	67725
110417	P	104474	101850	20592354	AGRICHEM DIQUAT 10 ltr	2012-01-01	E7862NA.PDF	1	\N	f	1	\N	\N	10	1	\N	I	67726
110418	P	104549	101768	20592355	AGRICHEM CCC 750 1 ltr	2012-01-01	E9151NA.PDF	1	\N	f	7	\N	\N	1	1	\N	I	67727
109842	P	104300	100507	20591811	PROCLAIM 1KG	2010-01-01	E13260Na.pdf	2	\N	t	1	\N	8717545041963	1	2	\N	I	67728
109845	P	104201	101400	20591820	INTRATUIN ONKRUIDWEG 1 LIT	2009-01-01	E12769NA.PDF	1	\N	t	7	\N	\N	1	1	\N	I	67729
109852	P	104302	101698	20591827	CAPRI TWIN 1 KG	2010-02-01	E13257NA.PDF	2	\N	f	1	\N	3362130096139	1	2	\N	I	67730
110406	P	104091	101858	20592343	BETTER DF 5 kg	2013-06-10	E12456NA.PDF	2	\N	f	1	\N	\N	5	2	\N	I	67731
110070	P	104378	101728	20592017	FRAP LOKSTATION RB0,0025 1ST BOX	2011-01-01	E13338NA.PDF	3	\N	t	100001	\N	\N	0.00100000000000000002	2	\N	I	67732
110041	P	104152	101703	20591987	ALLEGRO PLUS (5 liter)	2011-05-01	E12747NA.PDF	1	\N	t	1	\N	4014348652476	5	1	\N	I	67733
110045	P	104370	101478	20591988	SPECTRUM (5 liter)	2011-06-01	E13456NA.PDF	1	\N	t	1	\N	4014348699297	5	1	2014-01-31	I	67734
110043	P	102919	101703	20591989	ALLEGRO (5 liter)	2011-06-01	E11826NA.PDF	1	\N	t	1	\N	4014348656023	5	1	\N	I	67735
110047	P	104371	101724	20591993	SCELTA 1 liter	2011-04-29	E13440NA.PDF	1	\N	f	1	\N	8717545251546	1	1	\N	I	67736
110049	P	104372	100333	20591996	BETASANA SC	2009-09-01	E13234NA.PDF	1	\N	t	1	\N	\N	5	1	\N	I	67737
110050	P	102837	101730	20591997	OPUS TEAM (1 liter)	2011-10-01	E11407NA.PDF	1	\N	t	1	\N	4014348653343	1	1	\N	I	67738
110052	P	104373	101313	20591999	GRO-STOP ELECTRO 20 liter	2011-10-01	E13494NA.PDF	1	\N	t	1	\N	8717545251720	20	1	\N	I	67739
110053	P	103961	100501	20592000	DUAL GOLD 10 LTR	2011-11-21	E12096Na.pdf	1	\N	t	1	\N	\N	10	1	\N	I	67740
110055	P	104374	100502	20592002	WAKIL XL 10kg	2011-01-01	E13296Na.pdf	2	\N	f	3	\N	\N	10	2	\N	I	67741
110058	P	104377	100500	20592004	BRAVO PREMIUM 5 LTR	2012-01-01	E13549Na.pdf	1	\N	f	1	\N	\N	5	1	\N	I	67742
110057	P	104376	100500	20592005	TRAXOS 5 LTR	2012-01-01	E13423Na.pdf	1	\N	t	1	\N	\N	5	1	\N	I	67743
110068	P	104355	101728	20592015	FLY WINDOWST. RB0,5 (2X2ST) BOX	2011-01-01	E13369N.PDF	3	\N	t	100001	\N	\N	0.00100000000000000002	2	\N	I	67744
110040	P	104369	101462	20591986	BUTTRESS 2x10L (NL)	2011-05-01	E13441NA.PDF	1	\N	f	1	\N	\N	10	1	\N	I	67745
110067	P	104379	101728	20592014	POKON ONKRUIDSTOP SL486 125ML	2012-02-23	DUMMY.PDF	3	\N	t	100001	\N	\N	0.125	1	\N	I	67746
110069	P	104355	101728	20592016	FLY WINDOWST. RB (6X2ST) BOX	2011-01-01	DUMMY.PDF	3	\N	t	100001	\N	\N	0.0100000000000000002	2	\N	I	67747
110074	P	104379	101728	20592022	POKON ONKRUIDSTOP SL486 500ML	2011-01-01	DUMMY.PDF	3	\N	t	\N	\N	\N	0.5	1	\N	I	67748
110075	P	104380	101923	20592023	TWIST PLUS SPRAY AL 0,25 1LT BOT	2011-01-01	E13417NB.PDF	3	\N	t	100001	\N	8712171016965	1	1	\N	I	67749
110076	P	104383	100261	20592024	AVIATOR XPRO	2012-01-01	E13502NA.PDF	1	\N	f	1	\N	\N	5	1	\N	I	67750
110079	P	104381	100261	20592025	SKYWAY XPRO 5LT	2012-01-01	E13513NA.PDF	1	\N	f	1	\N	4000680074717	5	1	\N	I	67751
110359	P	104525	101636	20592296	KOHINOR 700 WG, 2 kg	2013-05-07	E13831NA.PDF	2	\N	t	2	\N	\N	2	2	\N	I	67752
110360	P	104537	101865	20592297	BRABANT 2,4-D/DICAMBA 5 ltr	2013-05-13	E5582NA.PDF	1	\N	f	100001	\N	\N	5	1	\N	I	67753
110361	P	104522	101857	20592298	AGRICHEM PIRIMICARB 5kg	2013-05-13	E12236NA.PDF	2	\N	f	100001	\N	\N	5	2	\N	I	67754
109921	P	103770	101708	20591883	KLERAT + BITREX (1 x 10 kg)	2009-12-01	E9508NA.PDF	2	\N	f	2	\N	4014348596817	10	2	2013-12-31	I	67755
109839	P	104299	100501	20591810	MAXIM 100 FS 5 LTR	2010-01-01	E13275Na.pdf	1	\N	t	3	\N	8717545041987	5	1	\N	I	67756
109568	P	104242	100270	20591547	GOLTIX SUPE,R 5 ltr can	2008-01-01	E12982NA.PDF	1	\N	t	1	\N	8718077002248	5	1	\N	I	67757
109570	P	104234	101405	20591551	RODILON SOFT BLOCK 10 g	2008-01-01	E12966NA.PDF	2	\N	f	7	\N	\N	2.5	2	\N	I	67758
109571	P	104141	101638	20591552	QUICK BAYT 40 kg	2008-01-01	DUMMY.PDF	2	\N	f	7	\N	\N	40	2	\N	I	67759
110072	P	104378	101728	20592020	FRAP SOFTBL. RB0,0025 (20X10GR) BOX	2011-01-01	DUMMY.PDF	3	\N	t	100001	\N	\N	0.200000000000000011	2	2013-12-31	I	67760
110003	P	102876	100562	20591950	ALIETTE WG 12 KG	2010-04-01	E11561NA.PDF	2	\N	f	1	\N	4000680074526	12	2	\N	I	67761
109922	P	103362	101708	20591885	RATAK PELLETS (1 x 10 KG)	2010-01-01	E7224NA.PDF	2	\N	f	2	\N	4014348594301	10	2	\N	I	67762
109919	P	104323	100997	20591886	MADEX PLUS (0,5 liter)	2010-05-01	E13302NA.PDF	1	\N	f	1	\N	4014348656641	0.5	1	\N	I	67763
109926	P	104292	100573	20591892	PREVICUR ENERGY 3 LTR	2010-04-01	E13221NA.PDF	1	\N	t	1	\N	4000680074540	3	1	\N	I	67764
109984	P	104356	101006	20591931	LATITUDE 20 LTR	2010-10-08	E13379NA.PDF	1	\N	t	1	\N	\N	20	1	\N	I	67765
110073	P	104379	101728	20592021	POKON ONKRUIDSTOP SL486 250ML BOX	2011-01-01	DUMMY.PDF	3	\N	t	100001	\N	\N	0.25	1	\N	I	67766
110039	P	104368	101723	20591985	AFFIRM 10KG	2011-05-06	E13455Na.pdf	2	\N	t	2	\N	\N	10	2	\N	I	67767
109985	P	104356	101005	20591932	LATITUDE 200 LTR	2010-10-08	E13379NA.PDF	1	\N	t	1	\N	\N	200	1	\N	I	67768
110000	P	104308	101565	20591946	CLINESS 4x5L	2011-03-01	E13286NA.PDF	1	\N	f	1	\N	\N	5	1	\N	I	67769
110004	P	104068	100562	20591947	XENTARI WG 1 KG	2011-04-01	E12437NA.PDF	2	\N	f	1	\N	\N	1	2	\N	I	67770
110001	P	102796	101316	20591948	EXACT Plus 3 L	2011-01-01	E11222NA.PDF	1	\N	f	1	\N	4000680074588	3	1	\N	I	67771
110002	P	104360	101316	20591949	MOVENTO 3L	2011-02-01	E13404NB.PDF	1	\N	f	1	\N	4000680074595	3	1	\N	I	67772
110007	P	103770	101710	20591951	KLERAT + BITREX (1 x 2,5 kg)	2011-01-01	E9508NA.PDF	2	\N	f	2	\N	4014348643115	2.5	2	2013-12-31	I	67773
109917	P	104323	101649	20591884	MADEX PLUS (0,1 liter)	2010-05-01	E13302NA.PDF	1	\N	f	1	\N	4014348656665	0.100000000000000006	1	\N	I	67774
110009	P	104078	101703	20591953	COLLIS (5 liter)	2011-02-01	E12504NA.PDF	1	\N	t	1	\N	4014348654241	5	1	\N	I	67775
110016	P	104404	101404	20591962	INFINITO 100ml 79663749	2011-01-01	DUMMY.PDF	3	\N	f	7	\N	\N	0.100000000000000006	1	\N	I	67776
110020	P	104363	101419	20591966	CLEAR-UP CONCENTRAAT 500ml 79924933	2011-01-01	E13291NA.PDF	3	\N	f	7	\N	\N	0.5	1	\N	I	67777
110019	P	104363	101420	20591965	CLEAR-UP CONCENTRAAT 250 ml 79855176	2011-01-01	E13291NA.PDF	3	\N	f	7	\N	\N	0.25	1	\N	I	67778
110021	P	104363	101416	20591967	CLEAR-UP CONCENTRAAT 750ml 80037996	2011-01-01	E13291NA.PDF	3	\N	f	100001	\N	\N	0.75	1	\N	I	67779
110017	P	103334	101390	20591963	DIMANIN-ALGENDODER 5ltr	2011-01-01	E5699NA.PDF	1	\N	f	1	\N	\N	5	1	\N	I	67780
110022	P	104365	101424	20591968	FLITSER SPRAY 1000ML 80265778	2011-01-01	DUMMY.PDF	3	\N	f	100001	\N	\N	1	2	\N	I	67781
110015	P	104351	101406	20591961	ZILVERVISJESSPRAY 400ml (80033265)	2011-01-02	DUMMY.PDF	3	\N	f	7	\N	\N	0.400000000000000022	2	\N	I	67782
110014	P	104350	101402	20591960	DUPLOSAN 50ml  (5973952)	2011-01-01	E13372NB.PDF	3	\N	f	7	\N	\N	0.0500000000000000028	1	2014-03-01	I	67783
110013	P	104362	101721	20591959	MOCAP 15 G 20 kg	2011-01-01	E13220NA.PDF	2	\N	t	6	\N	4000680074410	20	2	\N	I	67784
110018	P	104363	101404	20591969	CLEAR-UP CONCENTRAAT 100ml 80053290	2011-01-01	E13291NA.PDF	3	\N	f	100001	\N	\N	0.100000000000000006	1	\N	I	67785
110005	P	103770	101718	20591955	KLERAT + BITREX (1 x 0,8 kg)	2011-01-01	E9508NA.PDF	2	\N	f	2	\N	4014348597708	0.800000000000000044	2	2013-12-31	I	67786
110023	P	104364	101416	20591964	FLITSER CONCENTRAAT 750ML 80267835	2011-01-01	DUMMY.PDF	3	\N	f	7	\N	\N	0.75	1	\N	I	67787
108995	G	103676	100472	20591071	PROMOTOR (12 X 1 liter)	2004-06-01	E90014FA.PDF	1	108013	f	1	12	4014348238250	\N	\N	2013-04-01	I	67788
108822	G	103361	100764	20590908	TOPSIN M VLOEIBAAR 2 x 10 liter	1998-07-01	E7211NA.PDF	1	108821	f	1	2	8717545250747	\N	\N	\N	I	67789
108996	G	103676	100474	20591070	PROMOTOR (4 X 5 liter)	2004-06-01	E90014FA.PDF	1	108012	f	2	4	4014348148740	\N	\N	\N	I	67790
108976	G	102919	101472	20591067	ALLEGRO (10 x 1 liter) OV	2004-06-01	E11826NA.PDF	1	106628	f	1	10	4014348717960	\N	\N	\N	I	67791
108982	G	104051	101480	20591063	DELAN DF  (10 x 1 KG)	2004-01-01	E10001NA.PDF	2	108980	f	2	10	4014348346719	\N	\N	2013-12-31	I	67792
109000	G	102874	101475	20591060	SCALA (10 x  1 liter) OV	2004-06-01	E11555NA.PDF	1	108658	f	1	10	4014348394703	\N	\N	2013-06-01	I	67793
109009	G	104044	100472	20591048	STORM BB (4 x 3 kg)	2004-06-01	E12370NA.PDF	2	108666	f	2	4	4014348544719	\N	\N	2013-05-01	I	67794
108585	G	104057	100760	20590802	ARAMO 4 x 5 ltr	2003-03-01	E12394NA.PDF	1	108583	f	1	4	8717545250495	\N	\N	\N	I	67795
108814	G	104076	100516	20590901	PLENUM 50 WG 10 x 1 Kg	2003-12-01	E12491NA.PDF	2	108813	f	1	10	8717545041536	\N	\N	\N	I	67796
108602	G	104060	100762	20590817	FLORAMITE 240 SC 12 x 1 ltr	2003-04-01	E12421NB.PDF	1	108600	f	1	12	8717545250563	\N	\N	\N	I	67797
108635	G	104030	100479	20590844	REGALIS (2 x 5 kg)	2003-04-01	E12317NA.PDF	2	108373	f	2	2	4014348372008	\N	\N	\N	I	67798
108817	G	104019	100760	20590907	FRUPICA SC 4 x 5 liter	2001-11-27	E12229NC.PDF	1	108816	f	1	4	8717545250587	\N	\N	\N	I	67799
108987	G	102922	101472	20591077	KENBYO FL (10 x 1 liter) OV	2004-06-01	E11841NA.PDF	1	106668	f	2	10	4014348718226	\N	\N	\N	I	67800
110218	G	103361	100764	20592155	TOPSIN M ULTRA 2x 10 liter	2013-01-01	E7211NA.PDF	1	110205	f	\N	2	8717545251775	\N	\N	\N	I	67801
108792	G	102846	100519	20590879	SCORE 250 EC 12x1	2003-09-25	E11453NA.PDF	1	108791	f	1	12	8717545040898	\N	\N	\N	I	67802
108825	G	102846	100517	20590912	SCORE 250 EC 4x5	2003-09-25	E11453NA.PDF	1	108824	f	1	4	8717545040225	\N	\N	\N	I	67803
110217	G	104467	100763	20592154	NISSODIUM 10x 1 liter	2012-08-01	E13775NA.PDF	1	110203	f	\N	10	8717545251843	\N	\N	\N	I	67804
109045	G	103847	101472	20591113	NOMOLT (10 X 1 liter) OV	2005-01-01	E9914NA.PDF	1	108010	f	2	10	4014348156400	\N	\N	\N	I	67805
109037	G	103361	100762	20591106	TOPSIN M VLOEIBAAR overdoos 12 x 1 liter	2004-11-01	E7211NA.PDF	1	106704	f	1	12	8717545250723	\N	\N	\N	I	67806
109228	G	104165	100517	20591297	OLYMPUS 4 x 5LTR	2006-03-01	E12787NA.PDF	1	109227	f	1	4	8717545041031	\N	\N	\N	I	67807
108584	G	104057	100763	20590801	ARAMO 10 x 1 ltr	2003-03-01	E12394NA.PDF	1	108582	f	1	10	8717545250488	\N	\N	\N	I	67808
109049	G	104123	100469	20591116	SIGNUM (2 x 5 kg)	2005-02-01	E12630NA.PDF	2	109048	f	2	2	4014348379441	\N	\N	\N	I	67809
109050	G	103312	100724	20591118	NIMROD VLOEIBAAR 12 X 1 LT	2005-01-25	E6834NA.PDF	1	109044	f	1	12	8718077002026	\N	\N	\N	I	67810
110216	G	104466	101318	20592153	KARMA 4x 5 kg	2013-01-01	E13854NB.PDF	2	110215	f	\N	4	8717545251850	\N	\N	\N	I	67811
110219	G	103361	100760	20592156	TOPSIN M ULTRA 4x 5 liter	2013-01-01	E7211NA.PDF	1	110206	f	\N	4	8717545251769	\N	\N	\N	I	67812
108985	G	102730	101472	20591079	FOCUS PLUS (10 x 1 liter) OV	2004-06-01	E10866NA.PDF	1	106035	f	2	10	4014348326797	\N	\N	\N	I	67813
109032	G	104116	101304	20591101	CURZATE WG 40X10KG BAG	2004-01-01	E8708NA.PDF	2	109021	f	1	40	\N	\N	\N	\N	I	67814
109006	G	102703	101475	20591085	STOMP 400 SC (10 x 1 liter) OV	2004-06-01	E10766NA.PDF	1	108017	f	2	10	4014348156417	\N	\N	\N	I	67815
109008	G	104044	100472	20591084	STORM BB (10 x 1 kg)	2004-06-01	E12370NA.PDF	2	108665	f	2	10	4014348342742	\N	\N	2013-05-01	I	67816
109010	G	102610	101473	20591083	SUMICIDIN SUPER (4 x 5 liter)	2004-06-01	E10211NA.PDF	1	108020	f	2	4	4014348255417	\N	\N	\N	I	67817
109011	G	102610	101472	20591082	SUMICIDIN SUPER (10 x 1 liter)	2004-06-01	E10211NA.PDF	1	108019	f	2	10	4014348255400	\N	\N	\N	I	67818
108983	G	104051	101482	20591081	DELAN DF  (4 x 5 KG)	2004-06-01	E10001NA.PDF	2	108981	f	2	4	4014348346894	\N	\N	2013-04-01	I	67819
108984	G	102730	101473	20591080	FOCUS PLUS (4 x 5 liter) OV	2004-06-01	E10866NA.PDF	1	106016	f	2	4	4014348326810	\N	\N	\N	I	67820
108872	G	104080	101368	20590948	MERPAN SPUITKORREL,4 x 5 KG	2004-01-01	E11462Na.pdf	2	108871	f	1	4	8718077000589	\N	\N	\N	I	67821
110153	G	104031	101716	20592095	FRONTIER OPTIMA (4 x 5 liter)	2012-04-01	E12283NA.PDF	1	110152	f	2	4	4014348912938	\N	\N	\N	I	67822
108287	G	103623	101291	20590613	APOLLO, 10 X 500 ML	2001-11-02	E8794NA.PDF	1	108284	f	1	10	\N	\N	\N	\N	I	67823
108264	G	104016	100978	1004253	CALLISTO 2x10 L	2001-05-07	E12204NA.PDF	1	108263	f	1	2	8717545041314	\N	\N	\N	I	67824
108580	G	104056	100978	20590797	NEMATHORIN 2x10 KG	2003-03-01	E12417NA.PDF	2	108579	f	2	2	8717545040676	\N	\N	\N	I	67825
108578	G	104055	101371	20590793	VYDATE 10G 60 X 10 KG	2003-01-02	E12409NA.PDF	2	108577	f	3	60	\N	\N	\N	\N	I	67826
108575	G	104053	101628	20590792	ALL CLEAR EXTRA 4 X 5 LITER	2003-01-01	E90054FA.PDF	1	108574	f	1	4	\N	\N	\N	\N	I	67827
108566	G	103589	101368	20590783	GOLTIX WG 4 X 5 KG	2003-01-01	E8629NA.PDF	2	108564	f	1	4	8718077000541	\N	\N	\N	I	67828
108572	G	104054	101295	20590791	TREND 90 4 X 5 LITER	2003-01-01	DUMMY.PDF	1	108571	f	1	4	\N	\N	\N	\N	I	67829
109961	G	103840	101667	20591909	LATE-VALVLOEIBAAR 10x 250 ml	2008-06-18	E9887NA.PDF	3	109649	f	1	10	8717545251393	\N	\N	\N	I	67830
108306	G	102835	101293	20590627	TITUS 25 DF 10x100 GR JAR	1994-01-01	E11393NA.PDF	2	106185	f	1	10	\N	\N	\N	\N	I	67831
109314	G	104188	100519	20591377	MATCH 12x1LTR	2006-07-10	E12821Na.pdf	1	109313	f	1	12	8717545041123	\N	\N	\N	I	67832
109307	G	104185	100516	20591370	SWITCH 10x1KG	2007-07-01	E12819Na.pdf	2	109306	f	2	10	8717545041086	\N	\N	\N	I	67833
109054	G	104126	100721	20591122	GOLTIX SC, 4 x 5 L	2005-01-01	E12629NA.PDF	1	109053	f	1	4	8718077002156	\N	\N	\N	I	67834
107544	G	103273	100519	1001551	ACTELLIC 50 OVERDOOS 12x1 Ltr	1983-07-01	E6469NA.PDF	3	105519	f	1	12	8717545040324	\N	\N	\N	I	67835
109803	G	104288	100904	20591779	MERPAN FLOWABLE, 2 x 10 LT	2007-03-02	E12892Na.pdf	1	109802	f	1	2	8718077001586	\N	\N	\N	I	67836
109797	G	104286	100517	20591772	AMISTAR TOP 4x5 LTR	2009-06-12	E13197Na.pdf	1	109796	f	1	4	8717545041888	\N	\N	\N	I	67837
109224	G	104164	101475	20591295	VENTURE (10 x 1 liter) OV	2006-04-15	E12781NA.PDF	1	109223	f	2	10	4014348496001	\N	\N	2013-12-31	I	67838
109138	G	103678	101473	20591204	MOTTO (4 x 5 liter)	2005-04-01	E90016FA.PDF	1	109137	f	2	4	4014348490375	\N	\N	\N	I	67839
109179	G	104155	101370	20591246	NICANOR 20 SX 10x100 GR	2006-01-01	E12739Na.pdf	2	109178	f	1	10	\N	\N	\N	\N	I	67840
109174	G	104154	100519	20591240	KARATE ZEON 12 x 1 Ltr	2006-01-01	E12698NA.PDF	1	109172	f	1	12	8717545040836	\N	\N	\N	I	67841
109148	G	104144	100505	20591215	RIDOMIL GOLD SL 12 X 1 LTR	2005-08-04	E12281NA.PDF	1	109145	f	1	12	8717545040379	\N	\N	\N	I	67842
109143	G	104135	101500	20591209	FENDONA 60 SC, 24 x 0,5 liter	2005-07-01	E12635NA.PDF	1	109786	f	1	24	4014348488969	\N	\N	\N	I	67843
109071	G	102922	101473	20591144	KENBYO FL (4 x 5 liter) OV	2005-03-01	E11841NA.PDF	1	109070	f	2	4	4014348616348	\N	\N	\N	I	67844
109074	G	103646	101472	20591143	ROVRAL-AQUAFLO (10 x 1 liter) OV	2005-03-01	E8928NA.PDF	1	108656	f	2	10	4014843395021	\N	\N	2013-04-01	I	67845
108292	G	104019	100763	20590619	FRUPICA SC 10  X 1 Liter	2001-11-27	E12229NA.PDF	1	108291	f	1	10	8717545250570	\N	\N	\N	I	67846
109075	G	102878	101475	20591140	SPORTAK EW (10 x 1 liter) OV	2005-03-01	E11567NA.PDF	1	108664	f	2	10	4014348374842	\N	\N	\N	I	67847
108304	G	102905	101294	20590622	SAFARI 10x120 GR JAR	1997-01-01	E11754NA.PDF	3	106568	f	1	10	\N	\N	\N	\N	I	67848
109136	G	102883	101476	20591203	ALLURE VLOEIBAAR (2 X 10 liter) OV	2005-04-01	E11585NA.PDF	1	109135	f	1	2	4014348617550	\N	\N	2013-03-01	I	67849
109129	G	104138	100516	20591193	ACTARA 10 x 1 KG	2005-05-01	E12679Na.pdf	2	109128	f	2	10	8717545041956	\N	\N	\N	I	67850
109126	G	104137	100519	20591192	AGRAL GOLD 12 x 1 LTR	2005-04-01	E90064FA.PDF	1	109125	f	1	12	8717545040355	\N	\N	\N	I	67851
109123	G	104136	100519	20591191	FUSILADE MAX 12 x 1LTR	2005-05-01	E12519NA.PDF	1	109122	f	1	12	8717545040652	\N	\N	\N	I	67852
108309	G	103961	100517	20590636	DUAL GOLD 960 EC 4x5 Ltr	2002-01-01	E12096NA.PDF	1	108308	f	1	4	8717545041796	\N	\N	\N	I	67853
108295	G	102736	101293	20590629	ALLY 20 DF 10x100 gram jar	1992-01-01	E10903Na.pdf	2	106081	f	1	10	\N	\N	\N	\N	I	67854
109185	G	103142	100721	20591252	LEGURAME VLOEIBAAR 4X5 LTR	2004-01-01	E5634NB.PDF	1	109184	f	1	4	\N	\N	\N	\N	I	67855
109076	G	102915	101472	20591142	STROBY WG (10 x 0,5 kg) OV	2005-04-01	E11818NA.PDF	2	106626	f	2	10	4014348612623	\N	\N	\N	I	67856
107563	G	103784	100519	1001588	BONZI OVERDOOS 12X1LTR	1987-01-01	E9611NA.PDF	3	105535	f	1	12	8717545040249	\N	\N	\N	I	67857
107565	G	102693	100978	1001587	BOXER OVERDOOS 2X10LTR	1993-01-01	E10701NA.PDF	3	106157	f	1	2	8717545040751	\N	\N	\N	I	67858
107520	G	102679	100778	1001493	DIMILIN VLOEIBAAR Overdoos 12x 500 ml	1996-01-01	E10604NA.PDF	3	105935	f	1	12	8717545250549	\N	\N	\N	I	67859
107534	G	103803	100781	1001489	NISSORUN SPUITPOEDER Omdoos 10x 500 gram	1996-01-01	E9704NA.PDF	3	105514	f	1	10	8717545250648	\N	\N	\N	I	67860
107516	G	103644	100760	1001488	DIABOLO SL Omdoos 4x 5 ltr	1998-06-01	E8921NA.PDF	1	106706	f	1	4	8717545250532	\N	\N	\N	I	67861
107560	G	103001	100982	1001627	BERELEX GA3 OVERDOOS 10x10GR	1999-01-01	E4075NA.PDF	3	105534	f	2	10	\N	\N	\N	\N	I	67862
107591	G	103156	100980	1001600	PIRIMOR 4x3 KG MAATBEKERDOP OVERDOOS	1983-07-01	E5794NA.PDF	3	106694	f	3	4	8717545040812	\N	\N	\N	I	67863
107830	G	103950	101476	1002677	LADDOK N (2 X10 liter) OV	2000-03-01	E10792NA.PDF	1	107831	f	2	2	4014348802789	\N	\N	\N	I	67864
107561	G	103089	100519	1001589	BERELEX GA4/7 OVERDOOS 12x1 Ltr	1986-01-01	E5132NA.PDF	3	105533	f	1	12	8717545040775	\N	\N	\N	I	67865
107848	G	102801	100904	1003132	GLYPHOGAN, 2X10LITER	1995-10-01	E11230NA.PDF	1	107841	f	1	2	\N	\N	\N	\N	I	67866
107595	G	103901	100518	1001582	MILAGRO 4x5 LITER OVERDOOS	1999-05-01	E11996NA.PDF	3	107222	f	1	4	8717545040874	\N	\N	\N	I	67867
107599	G	103155	100981	1001581	PIRIMOR ROOKONTWIKKELAAR OVERDOOS 48x100 Gr	1986-01-01	E5793NA.PDF	3	105522	f	3	48	8717545040331	\N	\N	\N	I	67868
107604	G	103133	100518	1001578	REGLONE 4X5 LITER OVERDOOS	1983-07-01	E5581NA.PDF	3	105524	f	1	4	8717545041017	\N	\N	\N	I	67869
107606	G	103133	100978	1001577	REGLONE 2X 10 LITER OVERDOOS	1983-07-01	E5581NA.PDF	3	106100	f	3	2	8717545040416	\N	\N	\N	I	67870
107556	G	102907	100518	1001575	AMISTAR 4x5 LITER OVERDOOS	1997-01-01	E11767NA.PDF	3	106562	f	1	4	8717545040690	\N	\N	\N	I	67871
107569	G	103899	100518	1001567	DACONIL 500 VLOEIBAAR 4x5 LITER OVERDOOS	1999-01-01	E7827NA.PDF	3	107218	f	1	4	8717545040263	\N	\N	\N	I	67872
107589	G	103156	100979	1001599	PIRIMOR 6x1 KG MAATBEKERDOP OVERDOOS	1983-07-01	E5794NA.PDF	3	106693	f	3	6	8717545040799	\N	\N	\N	I	67873
110248	G	104051	101482	20592185	DELAN DF (4 x 5 kg)	2013-03-01	E10001NA.PDF	2	110239	f	2	4	4014348937337	\N	\N	\N	I	67874
109837	G	103733	100517	20591813	TOPAZ 100 EC 4x5LTR	2010-01-01	E9364Na.pdf	1	109836	f	1	4	8717545041819	\N	\N	\N	I	67875
109794	G	104136	100517	20591771	FUSILADE MAX  4x5 LTR	2009-01-01	E12519Na.pdf	1	109793	f	\N	4	8717545041833	\N	\N	\N	I	67876
108565	G	103589	101366	20590782	GOLTIX WG 10 x 1 kg	2003-02-12	E8629Na.pdf	2	108563	f	1	10	8718077002231	\N	\N	\N	I	67877
108553	G	104050	101630	20590778	STEWARD 30WG 10X500GR	2003-01-01	E12371NA.PDF	2	108552	f	1	10	\N	\N	\N	\N	I	67878
110252	G	104475	100721	20592189	LINUREX 50SC 4X5ltr	2013-03-11	E12557NA.PDF	1	110244	f	3	4	\N	\N	\N	\N	I	67879
110251	G	104476	101704	20592188	RETENGO PLUS (2 x 10 liter)	2013-03-01	E13947NA.PDF	1	110243	f	2	2	4014348944724	\N	\N	\N	I	67880
108043	G	104011	100519	1003963	ORTIVA 12x1 liter overdoos	2001-04-01	E12169NA.PDF	1	108042	f	1	12	8717545040164	\N	\N	\N	I	67881
110249	G	104268	101716	20592186	FIESTA (4 x 5 liter)	2013-03-01	E13137NA.PDF	1	110241	f	3	4	4014348672481	\N	\N	\N	I	67882
107535	G	102637	100777	1001506	NISSORUN VLOEIBAAR Omdoos 10x 250 ml	1996-01-01	E10379NA.PDF	3	105897	f	1	10	8717545250655	\N	\N	\N	I	67883
110247	G	103646	101475	20592184	ROVRAL AQUAFLO (10 x 1 liter)	2013-03-01	E8928NA.PDF	1	110238	f	2	10	4014348686709	\N	\N	\N	I	67884
110246	G	103597	101473	20592183	BUTISAN S (4 x 5 liter)	2013-03-01	E8660NA.PDF	1	110240	f	1	4	4014348677998	\N	\N	\N	I	67885
108645	G	102930	101388	20590854	MERLIN OMDOOS 6X 500 GRAM	2003-04-01	E11894NA.PDF	2	108644	f	2	6	8717545250631	\N	\N	\N	I	67886
108025	G	103579	100783	1003919	ALAR 64 SP overdoos 12x1 kg	2001-01-01	E8589NA.PDF	2	108024	f	1	12	8717545250457	\N	\N	\N	I	67887
107903	G	103197	101473	1003492	BASAGRAN (4 X 5 liter) OV	2000-05-01	E6034NA.PDF	1	107902	f	1	4	4014348121569	\N	\N	\N	I	67888
106799	G	103487	101476	1000303	CECECE (2 x 10 liter) OV	1999-01-01	E7938NA.PDF	1	106797	f	1	2	4014348802178	\N	\N	\N	I	67889
110250	G	104477	100904	20592187	MIRADOR 2X10ltr	2013-02-11	E13864NA.PDF	1	110242	f	1	2	\N	\N	\N	\N	I	67890
106807	G	103524	101473	1000299	CORBEL (4 x 5 liter) OV	1999-01-01	E8158NA.PDF	1	105478	f	1	4	4014348801737	\N	\N	\N	I	67891
107059	G	103120	100514	1000488	THIOVIT JET 91x10 KG	1990-01-01	E5395NA.PDF	2	106546	f	2	91	\N	\N	\N	\N	I	67892
110222	G	103361	100762	20592159	TOPSIN M ULTRA 12x 1 liter	2013-01-01	E7211NA.PDF	1	110204	f	\N	12	8717545251751	\N	\N	\N	I	67893
110221	G	102922	101472	20592158	KENBYO FL (10 x 1 liter)	2013-02-14	E11841NA.PDF	1	110209	f	2	10	4014348685108	\N	\N	\N	I	67894
110220	G	102883	101704	20592157	ALLURE VLOEIBAAR (2 x 10 liter)	2013-02-14	E11585NA.PDF	1	110207	f	1	2	4014348948081	\N	\N	\N	I	67895
106847	G	103780	100479	1000313	PYRAMIN DF (4 x 5 kg)	1999-01-01	E12228NA.PDF	2	105472	f	2	4	4014348801201	\N	\N	\N	I	67896
106793	G	103597	101473	1000306	BUTISAN S (4 x 5 liter) OV	1999-01-01	E8660NA.PDF	1	105491	f	1	4	4014348801065	\N	\N	2013-04-01	I	67897
107610	G	102695	100518	1001561	SHIRLAN FLOW 4x5 LITER OVERDOOS	1994-01-01	E12205NA.PDF	3	106222	f	1	4	8717545040188	\N	\N	\N	I	67898
106806	G	103524	101472	1000300	CORBEL (10 x 1 liter) OV	1999-01-01	E8158NA.PDF	1	105477	f	1	10	4014348801225	\N	\N	2013-12-31	I	67899
106988	G	102818	100519	1000529	BANVEL 4S 12x1 Ltr	1994-10-01	E11291NA.PDF	1	106540	f	1	12	8717545040553	\N	\N	\N	I	67900
106783	G	103084	101472	1000288	MELTATOX (10 x 1 liter) OV	1999-01-01	E5076NA.PDF	1	105476	f	2	10	4014348801232	\N	\N	\N	I	67901
106873	G	103197	101472	1000280	BASAGRAN (10 x 1 liter) OV	1999-01-01	E6034NA.PDF	1	105469	f	1	10	4014348801034	\N	\N	\N	I	67902
107082	G	102633	100514	1000549	THIRAM GRANUFLO 120x5KG	1994-01-01	E10172NA.PDF	2	106220	f	2	4	8717545040126	\N	\N	\N	I	67903
109106	G	102835	101630	20591176	TITUS 25 DF 10 X 500 GR	1994-01-01	E11393NA.PDF	2	109105	f	1	10	\N	\N	\N	\N	I	67904
109099	G	104132	101617	20591171	ALAR 85 SG 4X2 KG	2005-04-01	E12610NA.PDF	2	109098	f	2	4	8717545250464	\N	\N	\N	I	67905
109101	G	104133	100763	20591170	BOTANIGARD VLOEIBAAR 10X1L	2005-04-01	E12611NA.PDF	1	109100	f	1	10	8717545250501	\N	\N	\N	I	67906
106795	G	103597	101472	1000305	BUTISAN S (10 x 1 liter) OV	1999-01-01	E8660NA.PDF	1	105492	f	1	10	4014348801195	\N	\N	2013-06-01	I	67907
107762	G	102801	100724	1002053	GLYPHOGAN 12 X 1 LTR	1995-10-01	E11230NA.PDF	1	106648	f	1	12	\N	\N	\N	\N	I	67908
109103	G	102901	100749	20591168	TUREX SPUITPOEDER 10X1 KG	2002-01-01	E11702NA.PDF	2	108362	f	1	10	8717545250754	\N	\N	\N	I	67909
107536	G	102764	100762	1001505	ROCKET EC Omdoos 12x 1ltr	1996-01-01	E13378NA.PDF	1	106110	f	1	12	8717545250662	\N	\N	\N	I	67910
110352	G	104520	101704	20592289	ADEXAR (2 x 10 liter)	2013-03-28	E13978NA.PDF	1	110333	f	2	2	4014348948890	\N	\N	\N	I	67911
110351	G	104518	100724	20592288	BROMOTRIL 250 SC, 12 x 1 ltr	2013-04-02	E13949NA.PDF	1	110345	f	1	12	\N	\N	\N	\N	I	67912
110350	G	104518	101368	20592287	BROMOTRIL 250 SC, 4 x 5 ltr	2013-04-02	E13949NA.PDF	1	110335	f	\N	4	\N	\N	\N	\N	I	67913
110349	G	104514	100721	20592286	SULCOGAN 300 SC, 4 x 5 LTR	2013-03-27	E13582NA.PDF	1	110336	f	1	4	8718077004594	\N	\N	\N	I	67914
107038	G	102594	100517	1000502	LIROTECT SUPER 375 SC 4x4	1988-07-01	E10098NA.PDF	1	105816	f	3	4	8717545040287	\N	\N	\N	I	67915
107763	G	102801	100721	1002054	GLYPHOGAN 4 X 5 LTR	1995-10-01	E11230NA.PDF	1	106649	f	1	4	8718077001739	\N	\N	\N	I	67916
107028	G	102892	100523	1000520	INSEGAR 25 WG 10x0,6	1996-01-01	E11643NA.PDF	2	106414	f	2	10	8717545040058	\N	\N	\N	I	67917
106846	G	103780	100478	1000314	PYRAMIN DF (10 x 1 kg)	1999-01-01	E12228NA.PDF	2	105471	f	2	10	4014348801010	\N	\N	\N	I	67918
107867	G	103958	100515	1003400	MODDUS 250 EC (12x1 LT)	2000-03-20	E12063NA.PDF	1	107866	f	1	12	8717545040072	\N	\N	\N	I	67919
107849	G	103951	100721	1003133	TOMAHAWK 200 EC, 4X5LITER	2000-01-01	E12059NA.PDF	1	107839	f	1	4	8718077000565	\N	\N	\N	I	67920
107072	G	102934	100519	1000544	TRIGARD 100 SL 12x1 Ltr	1992-10-01	E12014NA.PDF	1	106106	f	1	12	8717545041109	\N	\N	\N	I	67921
107062	G	103733	100515	1000543	TOPAZ 100 EC 12x1 lt	1986-04-01	E9364NA.PDF	1	105562	f	1	12	8717545040201	\N	\N	\N	I	67922
107060	G	103587	100515	1000533	TILT 250 EC 12x1	1983-07-01	E8627NA.PDF	1	105553	f	1	12	8717545040034	\N	\N	\N	I	67923
107542	G	103361	100760	1001508	TOPSIN M VLOEIBAAR Omdoos 4x 5ltr	1996-01-01	E7211NA.PDF	1	105854	f	1	4	8717545250730	\N	\N	\N	I	67924
110348	G	104521	100904	20592285	BANJO FORTE 2 x 10 L	2013-03-27	E13815NA.PDF	1	110329	f	1	2	8718077005584	\N	\N	\N	I	67925
109885	G	103899	101683	20591863	DACONIL 500 VLB. 2x10 LTR	2010-05-25	E7827NA.PDF	1	109884	f	1	2	8717545042045	\N	\N	\N	I	67926
109976	G	102703	101704	20591924	STOMP 400 SC (2 x 10 liter)	2011-01-01	E10766NA.PDF	1	109975	f	2	2	4014348672627	\N	\N	\N	I	67927
109925	G	103362	101711	20591891	RATAK PELLETS (4 X 2,5 KG)	2010-01-01	E7224NA.PDF	2	109924	f	7	4	4014348593724	\N	\N	\N	I	67928
109918	G	104323	101691	20591888	MADEX PLUS (48 x 0,1 liter)	2010-05-01	E13302NA.PDF	1	109917	f	2	48	4014348656672	\N	\N	\N	I	67929
109920	G	104323	100472	20591887	MADEX PLUS (10 x 0,5 liter)	2010-05-01	E13302NA.PDF	1	109919	f	2	10	4014348656658	\N	\N	\N	I	67930
109908	G	104301	101008	20591877	SCOMRID AEROSOL 12 x 300 ML	2010-06-23	E13284NA.PDF	3	109907	f	3	12	8717545251430	\N	\N	\N	I	67931
109906	G	104321	100721	20591875	SULTAN 500 SC, 4 x 5 L	2010-04-01	E13128Na.pdf	1	109905	f	1	4	8718077001388	\N	\N	\N	I	67932
109927	G	102837	101716	20591893	OPUS TEAM (4 x 5 liter)	2010-07-01	E11407NA.PDF	1	106246	f	2	4	4014348636391	\N	\N	\N	I	67933
109890	G	104318	100472	20591869	STORM SECURE (4 x 3 KG)	2010-05-01	E13337NA.PDF	2	109889	f	2	4	4014348594776	\N	\N	\N	I	67934
110010	G	104078	101704	20591956	COLLIS (4 x 5 liter)	2011-02-01	E12504NA.PDF	1	110009	f	1	4	4014348654258	\N	\N	\N	I	67935
109878	G	104312	100721	20591854	POWERTWIN 4 x 5 l	2010-01-01	E13185Na.pdf	1	109877	f	1	4	\N	\N	\N	\N	I	67936
109847	G	104208	101697	20591822	CRUISER 70 WS 10x900 gram	2010-02-18	E12852Na.pdf	2	109846	f	3	10	\N	\N	\N	\N	I	67937
109868	G	104309	100904	20591843	TALENT, 2 x 10 l	2010-03-08	E13070NA.PDF	1	109867	f	3	2	8718077002804	\N	\N	\N	I	67938
109843	G	104300	101695	20591814	PROCLAIM 12x1KG	2010-01-01	E13260Na.pdf	2	109842	f	1	12	8717545041970	\N	\N	\N	I	67939
109835	G	104298	100760	20591809	QUICKDOWN 4x 5 liter	2010-01-01	E13246NA.PDF	1	109834	f	1	4	8717545251652	\N	\N	\N	I	67940
109833	G	104297	101516	20591808	BOTANIGARD WP 12x 500 gram	2010-01-01	E12612NA.PDF	2	109832	f	1	12	8717545251683	\N	\N	\N	I	67941
109904	G	104320	100517	20591873	ELUMIS 4x5 LTR	2010-01-01	E13192Na.pdf	1	109903	f	1	4	8717545041932	\N	\N	\N	I	67942
110051	G	102837	101472	20591998	OPUS TEAM (10 x 1 liter)	2011-12-01	E11407NA.PDF	1	110050	f	2	10	4014348654531	\N	\N	\N	I	67943
109973	G	103273	100517	20591921	ACTELLIC 50 4x5 LTR	2011-01-01	E6469Na.pdf	1	109972	f	1	4	\N	\N	\N	\N	I	67944
109957	G	102886	101318	20591905	ROYAL MH SPUITKORREL 4x 5 kg	2010-07-01	E11599NA.PDF	2	109956	f	1	4	8717545250679	\N	\N	\N	I	67945
109910	G	104315	101667	20591879	CYD-X XTRA Omdoos 10x 250 ml	2010-08-01	E13329NA.PDF	3	109909	f	1	10	8717545251263	\N	\N	\N	I	67946
109569	G	104242	100721	20591550	GOLTIX SUPE,R 4 x 5 LT	2008-01-01	E12982NA.PDF	1	109568	f	1	4	8718077002255	\N	\N	\N	I	67947
109558	G	104240	100517	20591541	SPYRALE 4x5LTR	2008-01-01	E12975Na.pdf	1	109557	f	\N	4	8717545041598	\N	\N	\N	I	67948
109561	G	104185	100518	20591540	SWITCH 4x5 KG	2008-01-01	E12819Na.pdf	2	109560	f	2	4	8717545041550	\N	\N	\N	I	67949
109960	G	103307	101664	20591908	MALVIN WG 2x 5 kg	2010-10-01	E6782NA.PDF	2	109664	f	1	2	8717545251690	\N	\N	\N	I	67950
110054	G	103961	101683	20592001	DUAL GOLD 2x10 LTR	2011-11-21	E12096NA.PDF	1	110053	f	\N	2	\N	\N	\N	\N	I	67951
110395	G	103597	101475	20592332	BUTISAN S (10 x 1 liter)	2013-05-06	E8660NA.PDF	1	110384	f	1	10	4014348678001	\N	\N	\N	I	67952
109789	G	104283	101490	20591766	ACCENT 75 DF 10 X 250 G	2009-01-01	E13129NA.PDF	2	109788	f	1	10	\N	\N	\N	\N	I	67953
110042	G	104152	101473	20591992	ALLEGRO PLUS (4 x 5 liter)	2011-05-01	E12747NA.PDF	1	110041	f	1	4	4014348652506	\N	\N	\N	I	67954
109840	G	104299	100517	20591815	MAXIM 100 FS 4x5LTR	2010-01-01	E13275Na.pdf	1	109839	f	3	4	8717545041994	\N	\N	\N	I	67955
110046	G	104370	101473	20591990	SPECTRUM (4 x 5 liter)	2011-06-01	E13456NA.PDF	1	110045	f	2	4	4014348699303	\N	\N	2014-01-31	I	67956
110008	G	103770	101711	20591958	KLERAT + BITREX (4 x 2,5 kg)	2011-01-01	E9508NA.PDF	2	110007	f	2	4	4014348643139	\N	\N	2013-12-31	I	67957
110006	G	103770	101720	20591957	KLERAT + BITREX (10 x 0,8 kg)	2011-01-01	E9508NA.PDF	2	110005	f	2	10	4014348597715	\N	\N	2013-12-31	I	67958
109555	G	104239	100517	20591539	FOLIO GOLD 4x5 LTR	2008-01-01	E12994Na.pdf	1	109554	f	1	4	8717545041512	\N	\N	\N	I	67959
110142	G	104153	101473	20592082	CARAMBA (4 x 5 liter)	2012-06-01	E12746NA.PDF	1	110141	f	1	4	4014348685696	\N	\N	\N	I	67960
110984	G	104649	100760	20592921	SETANTA FLO 4x 5 liter	2013-12-18	E14233NA.PDF	1	110979	f	1	4	8717545251881	\N	\N	\N	I	67961
110983	G	104645	101711	20592920	STORM PELLETS (12 x 1 kg)	2014-01-07	E14134NA.PDF	2	110978	f	1	12	4014348983884	\N	\N	\N	I	67962
110424	G	104558	101716	20592361	MALIBU (4 x 5 liter)	2013-07-29	E14123NA.PDF	1	110422	f	2	4	4014348905008	\N	\N	\N	I	67963
110423	G	103847	101475	20592360	NOMOLT (10 x 1 liter)	2013-07-29	E9914NA.PDF	1	110421	f	2	10	4014348686839	\N	\N	\N	I	67964
110940	G	104618	101922	20592877	VIVANDO (24 x 0,25 ltr)	2013-12-02	E14231NA.PDF	1	110932	f	1	24	4014348946094	\N	\N	\N	I	67965
110155	G	104031	101704	20592094	FRONTIER OPTIMA (2 x 10 liter)	2012-04-01	E12283NA.PDF	1	110154	f	2	2	4014348904155	\N	\N	\N	I	67966
110397	G	104055	101868	20592334	VYDATE 10G ECOLITE 15KG CNT pallet	2013-05-08	E12409NA.PDF	2	110375	f	\N	36	\N	\N	\N	\N	I	67967
110146	G	102878	101716	20592086	SPORTAK EW (4 x 5 liter)	2012-08-01	E11567NA.PDF	1	110145	f	2	4	4014348690690	\N	\N	\N	I	67968
110420	G	104152	101475	20592357	ALLEGRO PLUS (10 x 1 liter)	2013-05-28	E12747NA.PDF	1	110401	f	1	10	4014348652452	\N	\N	\N	I	67969
110061	G	103156	100516	20592009	PIRIMOR 10 x 1KG	2012-01-01	E5794Na.pdf	2	110060	f	\N	10	\N	\N	\N	\N	I	67970
109998	G	104317	101705	20591945	ENZICUR (4 x 300 gram)	2011-01-01	E12940NA.PDF	3	109997	f	2	4	4014348648288	\N	\N	\N	I	67971
109996	G	102920	101472	20591944	ADMIRAL (10 x 1 liter)	2011-02-01	E11828NA.PDF	1	109995	f	\N	10	4014348688345	\N	\N	\N	I	67972
109993	G	103959	100518	20591940	CHORUS 50 WG  5KGx4	2011-01-01	E12097Na.pdf	2	109992	f	1	4	8717545041697	\N	\N	\N	I	67973
109989	G	104358	101637	20591938	KOHINOR 70 WG, 4 x 2 kg verpakking	2010-06-18	E13363Na.pdf	2	109988	f	1	4	8718077003115	\N	\N	\N	I	67974
109991	G	104358	101635	20591937	KOHINOR 70 WG, 12 x 400 gram	2010-06-18	E13363Na.pdf	2	109990	f	1	12	8718077003092	\N	\N	\N	I	67975
110150	G	104407	100760	20592090	ER 11 4X5 LITER	2009-01-01	E90071FA.PDF	1	110149	f	1	4	\N	\N	\N	\N	I	67976
109827	G	104244	101685	20591801	TOKI 10 x (4 x 30 gram)	2010-01-01	E12968NA.PDF	3	109826	f	2	10	4014348584685	\N	\N	\N	I	67977
110048	G	104371	100763	20591994	SCELTA 10x 1 liter	2011-04-29	E13440NA.PDF	1	110047	f	1	10	8717545251553	\N	\N	\N	I	67978
110394	G	104525	101637	20592331	KOHINOR 700 WG, 4 x 2KG	2013-05-07	E13831NA.PDF	2	110359	f	2	4	\N	\N	\N	\N	I	67979
110393	G	104525	101635	20592330	KOHINOR 700 WG, 10 x 400 kg	2013-05-07	E13831NA.PDF	2	110373	f	\N	10	\N	\N	\N	\N	I	67980
110165	G	104411	101514	20592104	PLEDGE (10 x 1 kg)	2012-12-01	E13591Na.pdf	2	110164	f	2	10	4014348934077	\N	\N	\N	I	67981
110106	G	104393	101742	20592053	ALTACOR 10x500gr	2012-04-06	E13643NA.PDF	2	110102	f	1	10	\N	\N	\N	\N	I	67982
110104	G	104392	101293	20592052	TRATON 10x100gr	2012-03-16	E13576NA.PDF	2	110103	f	1	10	\N	\N	\N	\N	I	67983
110985	G	104649	101579	20592922	SETANTA FLO 10x 1 ltr	2013-12-18	E14233NA.PDF	1	110977	f	1	10	8717545251904	\N	\N	\N	I	67984
110090	G	104389	100856	20592037	TRIMAXX, 4 x 3 ltr	2012-02-03	E13575Na.pdf	1	110089	f	\N	4	8718077004556	\N	\N	\N	I	67985
110419	G	104546	101716	20592356	OSIRIS (4 x 5 liter)	2013-05-28	E13908NA.PDF	1	110404	f	\N	4	4014348966016	\N	\N	\N	I	67986
109824	G	104294	101693	20591798	BORNEO (12 x 1 liter) OV	2009-09-25	E13227NA.PDF	1	109823	f	1	12	4014348632812	\N	\N	\N	I	67987
109812	G	104163	100760	20591788	FUNGAFLOR 100 EC 4x 5 LITER	2009-01-07	E7119NA.PDF	1	109811	f	1	4	8717545251614	\N	\N	\N	I	67988
109810	G	104290	101476	20591786	PHILABUSTER 400 SC (2 x 10 liter) OV	2009-07-01	E12983NA.PDF	1	109809	f	2	2	4014348593731	\N	\N	\N	I	67989
109242	G	104153	101472	20591312	CARAMBA (10 x 1 liter) OV	2006-04-01	E12746Na.pdf	1	109241	f	1	10	4014348512244	\N	\N	\N	I	67990
110892	G	104268	101472	20592829	FIESTA (10 x 1 liter)	2013-10-31	E13137NA.PDF	1	110890	f	2	10	4014348672498	\N	\N	2013-12-31	I	67991
110891	G	104370	101716	20592828	SPECTRUM (4 x 5 liter)	2013-11-04	E13456NA.PDF	1	110888	f	2	10	4014348964326	\N	\N	\N	I	67992
110396	G	102874	101475	20592333	SCALA (10 x 1 liter)	2013-05-06	E11555NA.PDF	1	110372	f	1	10	4014348686334	\N	\N	\N	I	67993
110088	G	104388	100724	20592038	LEGACY 500 SC, 12 x 1 Ltr	2012-01-01	E13553Na.pdf	1	110087	f	\N	12	8718077004495	\N	\N	\N	I	67994
109690	G	104267	100978	20591665	GARDO GOLD 2x10 LTR	2009-01-01	E13145Na.pdf	1	109689	f	1	2	8717545041857	\N	\N	\N	I	67995
109468	G	104154	100517	20591461	KARATE ZEON 4x5LTR	2007-03-01	E12698Na.pdf	1	109467	f	1	4	8717545041192	\N	\N	\N	I	67996
109465	G	102695	100978	20591459	SHIRLAN FLOW 2x10 LTR	2007-03-01	E12205Na.pdf	1	109464	f	1	2	8717545041376	\N	\N	\N	I	67997
109460	G	104123	101604	20591452	SIGNUM (10 x 1 kg)	2007-05-01	E12630NA.PDF	2	109459	f	2	10	4014348379410	\N	\N	\N	I	67998
110044	G	102919	101473	20591991	ALLEGRO (4 x 5 liter)	2011-06-01	E11826NA.PDF	1	110043	f	\N	4	4014348656337	\N	\N	\N	I	67999
109439	G	104152	101472	20591431	ALLEGRO PLUS (10 x 1 liter) OV	2007-01-01	E12747NA.PDF	1	109438	f	1	10	4014348516112	\N	\N	\N	I	68000
110027	G	104319	101704	20591978	ORVEGO (2 x 10 liter)	2011-04-01	E13317NA.PDF	1	110026	f	2	2	4014348672641	\N	\N	\N	I	68001
109666	G	104265	101662	20591646	VERTIMEC GOLD 12x1LTR	2008-08-01	E13087Na.pdf	1	109665	f	1	12	8717545041673	\N	\N	\N	I	68002
109360	G	102865	100904	20591405	MIRAGE PLUS 570 SC, 2 x 10 l	2007-01-01	E11529Na.pdf	1	109359	f	1	2	8718077000237	\N	\N	\N	I	68003
109489	G	104218	101475	20591486	BELLIS (2 x 5 kg) OV	2007-07-01	E12845Na.pdf	2	109488	f	2	2	4014348541206	\N	\N	\N	I	68004
109680	G	104193	100764	20591661	GRO-STOP INNOVATOR OVERDOOS 2x 10 LITER	2006-01-01	E12638NA.PDF	1	109402	f	1	2	8717545251379	\N	\N	\N	I	68005
109684	G	103952	101657	20591660	FUNGAFLOR ROOK 6x 1 GENERATOR	2008-01-01	E9657NA.PDF	3	109646	f	2	6	8717545251454	\N	\N	\N	I	68006
109682	G	104166	100783	20591657	GAZELLE OVERDOOS 12x 1 KG	2008-05-01	E12809NA.PDF	2	109647	f	1	12	8717545251508	\N	\N	\N	I	68007
109683	G	104166	101664	20591656	GAZELLE OMDOOS 2x 5 KG	2008-05-01	E12809NA.PDF	2	109648	f	1	2	8717545251515	\N	\N	\N	I	68008
109669	G	104265	100517	20591648	VERTIMEC GOLD 4x5 LTR	2008-08-01	E13087Na.pdf	1	109668	f	1	4	8717545041659	\N	\N	\N	I	68009
109672	G	104265	100528	20591647	VERTIMEC GOLD 20x0.25 LTR	2008-08-01	E13087NA.PDF	1	109671	f	1	20	8717545041635	\N	\N	\N	I	68010
109362	G	102917	100721	1001976	MIRAGE ELAN (4x5LT)	1997-07-01	E11824NA.PDF	1	109361	f	1	4	8718077002057	\N	\N	\N	I	68011
109730	G	104269	101472	20591702	BIATHLON (10 x 0,35 kg)	2009-02-01	E13142NA.PDF	2	109729	f	2	10	4014348560924	\N	\N	\N	I	68012
109779	G	104282	101366	20591756	MISTRAL 70 WG 12 x 1 kg	2008-03-14	E13040Na.pdf	2	109778	f	2	12	8718077001593	\N	\N	\N	I	68013
109777	G	104282	101368	20591755	MISTRAL 70 WG 4 x 5 kg	2008-03-14	E13040Na.pdf	2	109776	f	2	4	8718077001487	\N	\N	\N	I	68014
109772	G	103312	100721	20591750	NIMROD VLOEIBAAR 4 x 5 L	2009-02-01	E6834Na.pdf	1	109773	f	1	4	8718077001258	\N	\N	\N	I	68015
109758	G	104114	101683	20591736	TOUCHDOWN QUATTRO 2x10LTR	2009-01-01	E12552Na.pdf	1	109757	f	1	2	8717545041772	\N	\N	\N	I	68016
109755	G	103958	100517	20591735	MODDUS 4x5 LTR	2009-01-01	E12063Na.pdf	1	109754	f	1	4	8717545041758	\N	\N	\N	I	68017
109738	G	104270	101680	20591717	CURZATE PARTNER 5X1.5 KG	2009-01-01	E12755NA.PDF	2	109737	f	1	5	\N	\N	\N	\N	I	68018
109475	G	104050	101297	20591467	STEWARD 30WG 10X1KG	2007-03-01	E12371NA.PDF	2	109474	f	1	10	\N	\N	\N	\N	I	68019
109728	G	104268	101473	20591703	FIESTA (4 x 5 liter) OV	2009-02-01	E13137NA.PDF	1	109727	f	2	4	4014348801997	\N	\N	2013-05-01	I	68020
109491	G	104168	101472	20591484	MUNDIAL (10 x 1 liter) OV	2007-07-01	E12802Na.pdf	1	109490	f	2	10	4014348547314	\N	\N	\N	I	68021
109726	G	104268	101472	20591701	FIESTA (10 x 1 liter) OV	2009-02-01	E13137NA.PDF	1	109725	f	1	10	4014348496216	\N	\N	2013-12-31	I	68022
109576	G	104244	101514	20591557	TOKI (10 x 1 kg)	2008-01-01	E12968NA.PDF	2	109575	f	2	10	4014348565097	\N	\N	\N	I	68023
109553	G	104218	101604	20591534	BELLIS (10 x 1 kg) OV	2008-01-01	E12845NA.PDF	2	109552	f	2	10	4014348541183	\N	\N	2013-12-31	I	68024
109542	G	104236	100978	20591524	REVUS 2x10 LTR	2008-01-01	E12969Na.pdf	1	109541	f	1	2	8717545041499	\N	\N	\N	I	68025
109540	G	104236	100517	20591523	REVUS 4x5 LTR	2008-01-01	E12969Na.pdf	1	109539	f	1	4	8717545041475	\N	\N	\N	I	68026
109430	G	104207	100978	20591423	CALARIS 2x10 LTR	2007-01-01	E12878Na.pdf	1	109429	f	1	2	8717545041277	\N	\N	\N	I	68027
109339	G	104198	101304	20591401	ZANDAL WG 16 X 25 KG BAG	2007-01-01	E12866NA.PDF	2	109338	f	1	16	\N	\N	\N	\N	I	68028
109733	G	104261	100761	20591713	MAXCEL 2x 5 liter	2008-12-17	E13147NA.PDF	1	109643	f	1	2	8717545251638	\N	\N	\N	I	68029
109661	G	104264	100517	20591640	MILAGRO EXTRA 4x5 ltr	2008-12-01	E13043Na.pdf	1	109659	f	1	4	\N	\N	\N	\N	I	68030
109119	G	104135	101472	20591185	FENDONA 60 SC, 10 x 1 liter	2005-03-01	E12635NA.PDF	1	109118	f	1	10	4014348488150	\N	\N	2013-06-01	I	68031
109116	G	103571	101493	20591182	SPORGON 50 WP (6 x 1 kg)	2005-03-01	E8555NA.PDF	2	108660	f	2	6	4014843616522	\N	\N	\N	I	68032
109970	G	104231	101704	20591917	SECURO (2 x 10 liter)	2010-11-01	E12955NA.PDF	1	109969	f	2	2	4014348655514	\N	\N	\N	I	68033
110123	G	103646	101473	20592070	ROVRAL-AQUAFLO (4 x 5 liter)	2012-04-01	E8928NA.PDF	1	110122	f	2	4	4014348686716	\N	\N	\N	I	68034
110119	G	104394	101736	20592065	CORAGEN SC 20 X 200 ML	2012-03-01	E13555NA.PDF	1	110118	f	1	20	\N	\N	\N	\N	I	68035
110116	G	104394	101743	20592064	CORAGEN SC 10X1 LT	2012-03-01	E13555NA.PDF	1	110101	f	1	10	\N	\N	\N	\N	I	68036
109325	G	104192	100721	20591388	MAGNATE 100 SL, 4  X 5 LTR	2006-10-01	E12836Na.pdf	1	109324	f	1	1	8718077002439	\N	\N	\N	I	68037
110094	G	104384	101716	20592046	AKRIS (4 x 5 liter)	2012-02-01	E13580NA.PDF	1	110083	f	1	4	4014348579759	\N	\N	\N	I	68038
110095	G	104384	101704	20592045	AKRIS (2 x 10 liter)	2012-02-01	E13580NA.PDF	1	110082	f	1	2	4014348925426	\N	\N	\N	I	68039
110097	G	102874	101716	20592044	SCALA (4 x 5 liter)	2012-02-01	E11555NA.PDF	1	110096	f	2	4	4014348686358	\N	\N	\N	I	68040
109458	G	104214	100721	20591450	KONTAKT 320 SC, 4 X 5 L	2007-05-01	E12899Na.pdf	1	109457	f	1	4	8718077000374	\N	\N	\N	I	68041
110029	G	104151	101716	20591983	FLEXITY (4 x 5 liter)	2011-04-01	E12737NA.PDF	1	110028	f	\N	4	4014348652513	\N	\N	\N	I	68042
110035	G	104151	101472	20591982	FLEXITY (10 x 1 liter)	2011-04-01	E12737NA.PDF	1	110034	f	3	10	4014348652490	\N	\N	2013-12-31	I	68043
110037	G	104078	101472	20591981	COLLIS (10 x 1 liter)	2011-04-01	E12504NA.PDF	1	110036	f	1	10	4014348654227	\N	\N	\N	I	68044
110031	G	104164	101716	20591979	VENTURE (4 x 5 liter)	2011-04-01	E12781NA.PDF	1	110030	f	2	4	4014348652582	\N	\N	\N	I	68045
110099	G	104390	100469	20592047	SIGNUM S (2 x 5 KG)	2012-02-01	E13477NA.PDF	2	110098	f	2	2	4014348929486	\N	\N	\N	I	68046
109400	G	103047	101579	1001022	GRO-STOP FOG (4x5 LT)	1988-10-24	E4563NA.PDF	1	109399	f	3	4	\N	\N	\N	\N	I	68047
110091	G	102843	101604	20592043	PARAAT (10 x 1 KG)	2012-03-01	E11432NA.PDF	2	109073	f	2	10	4014348928540	\N	\N	\N	I	68048
109328	G	104194	100519	20591391	PRIMO MAXX Overdoos 12x1lt	2007-01-01	E12706Na.pdf	1	109327	f	1	12	\N	\N	\N	\N	I	68049
109660	G	104264	101662	20591639	MILAGRO EXTRA 12 x 1 ltr	2008-12-01	E13043Na.pdf	1	109658	f	1	12	\N	\N	\N	\N	I	68050
109404	G	104145	101579	20591219	GRO-STOP READY 2X10LT	2005-07-01	E12637NA.PDF	1	109403	f	1	2	\N	\N	\N	\N	I	68051
109398	G	102889	101579	1001023	GRO-STOP BASIS  (4x5 LT)	1995-11-11	E11631NA.PDF	1	109397	f	3	4	\N	\N	\N	\N	I	68052
109394	G	102992	101579	1000997	CHLOOR-IPC 40% VLB 2x 10 LITER	1987-10-01	E3992NA.PDF	1	109393	f	1	2	\N	\N	\N	\N	I	68053
109390	G	102992	101579	20590976	CHLOOR-IPC 40% VLB 4x 5 LITER	2004-02-01	E3992NA.PDF	1	109389	f	1	4	\N	\N	\N	\N	I	68054
109518	G	104194	100517	20591504	PRIMO MAXX 4x5	2007-01-01	E12706Na.pdf	1	109517	f	1	4	8717545041239	\N	\N	\N	I	68055
109332	G	104195	101473	20591396	CLIO (4 x 5 liter) OV	2006-12-01	E12849NA.PDF	1	109331	f	1	4	4014348512138	\N	\N	\N	I	68056
109513	G	103084	101473	20591499	MELTATOX (4 x 5 liter) OV	2007-05-01	E5076Na.pdf	1	109512	f	2	4	4014348126052	\N	\N	\N	I	68057
108400	G	103990	101445	20590727	JET 5 32x 20 LTR	2002-06-01	E12134NB.PDF	1	108421	f	1	32	\N	\N	\N	\N	I	68058
108376	G	104030	100478	20590704	REGALIS (10 x 1 kg)	2002-04-17	E12317NA.PDF	2	108375	f	2	10	4014348382564	\N	\N	\N	I	68059
108346	G	102909	101472	20590675	MASAI 25 WG (10 X 0.5 kg) OV	2002-03-19	E11781NA.PDF	2	108393	f	1	10	4014348264914	\N	\N	2013-12-31	I	68060
109199	G	104159	100517	20591260	PRIORI XTRA 4 x 5 LTR	2006-01-01	E12762NA.PDF	1	109198	f	1	4	\N	\N	\N	\N	I	68061
109516	G	104228	100721	20591502	POTAZIL 100 SL, 4 X 5 LT	2007-01-01	E12862Na.pdf	1	109515	f	1	1	8718077002729	\N	\N	\N	I	68062
109330	G	104195	101472	20591395	CLIO (10 x 1 liter) OV	2006-12-01	E12849NA.PDF	1	109329	f	1	10	4014348512077	\N	\N	\N	I	68063
109031	G	102905	101299	20591100	SAFARI 135X10X120 GRAM jar	1997-01-01	E11754NA.PDF	3	108304	f	1	135	\N	\N	\N	\N	I	68064
109107	G	102835	101631	20591177	TITUS 25 DF 27 X 10 X 500 GR JAR	1994-01-01	E11393NA.PDF	2	109106	f	1	27	\N	\N	\N	\N	I	68065
109685	G	103952	101666	20591663	FUNGAFLOR ROOK 10x 6x 1 GENERATOR	2008-01-01	E9657NA.PDF	3	109684	f	2	10	8717545251461	\N	\N	\N	I	68066
109476	G	104050	101300	20591468	STEWARD 30WG 36X10X1KG	2007-03-01	E12371NA.PDF	2	109475	f	1	36	\N	\N	\N	\N	I	68067
109739	G	104270	101681	20591718	CURZATE PARTNER 36X5X1.5 KG	2009-01-01	E12755NA.PDF	2	109738	f	1	36	\N	\N	\N	\N	I	68068
109790	G	104283	101303	20591767	ACCENT 75 DF 18X10X250g	2009-01-01	E13129NA.PDF	2	109789	f	1	18	\N	\N	\N	\N	I	68069
110117	G	104394	101740	20592066	CORAGEN SC 40 X 10 X1 LT	2012-03-01	E13555NA.PDF	1	110116	f	\N	40	\N	\N	\N	\N	I	68070
110107	G	104393	101739	20592055	ALTACOR 36x10x500gr	2012-04-06	E13643NA.PDF	2	110106	f	1	36	\N	\N	\N	\N	I	68071
108818	G	104019	100913	20590909	FRUPICA SC 30 x 4 x 5 liter	2001-11-27	E12229NC.PDF	1	108817	f	1	30	\N	\N	\N	\N	I	68072
107521	G	102679	100772	1001515	DIMILIN VLOEIBAAR Palletverpakking 75x 12x 500 ml	1996-01-01	E10604NA.PDF	3	107520	f	1	75	\N	\N	\N	\N	I	68073
110105	G	104392	101298	20592054	TRATON 135X10X100GR	2012-03-16	E13576NA.PDF	2	110104	f	1	135	\N	\N	\N	\N	I	68074
108587	G	104057	100913	20590804	ARAMO 30 x 4 x 5 ltr	2003-03-01	E12394NA.PDF	1	108585	f	1	30	\N	\N	\N	\N	I	68075
108586	G	104057	101372	20590803	ARAMO PALLET 72 x 10 x 1 ltr	2003-03-01	E12394NA.PDF	1	108584	f	1	72	\N	\N	\N	\N	I	68076
108307	G	102835	101298	20590634	TITUS 25 DF 135x10x100 GR JAR	1994-01-01	E11393NA.PDF	2	108306	f	1	135	\N	\N	\N	\N	I	68077
108296	G	102736	101298	20590632	ALLY 20 DF135x10x100 gram jar	1992-01-01	E10903NA.PDF	2	108295	f	1	135	\N	\N	\N	\N	I	68078
108576	G	104053	101301	20590795	ALL CLEAR EXTRA 27 X 4 X 5 LITER	2003-01-01	E90054FA.PDF	1	108575	f	1	27	\N	\N	\N	\N	I	68079
108573	G	104054	101302	20590794	TREND 90 27 X 4 X 5 LITER	2003-01-01	DUMMY.PDF	1	108572	f	1	27	\N	\N	\N	\N	I	68080
108554	G	104050	101631	20590779	STEWARD 30WG 27X10X500GR	2003-01-28	E12371NA.PDF	2	108553	f	1	27	\N	\N	\N	\N	I	68081
108026	G	103579	101002	1003921	ALAR 64 SP palletverpakking 24x12x1 kg	2001-01-01	E8589NA.PDF	2	108025	f	1	24	\N	\N	\N	\N	I	68082
107517	G	103644	100913	1001511	DIABOLO SL Palletverpakking 30 x 4 x 5ltr	1998-06-01	E8921NA.PDF	1	107516	f	1	30	\N	\N	\N	\N	I	68083
107537	G	102764	101448	1001510	ROCKET EC Palletverpakking 50 x 12 x  1ltr	1996-01-01	E13378NA.PDF	1	107536	f	1	50	\N	\N	\N	\N	I	68084
110120	G	104394	101737	20592067	CORAGEN SC 80 X 20 X 200 ML	2012-03-01	E13555NA.PDF	1	110119	f	\N	80	\N	\N	\N	\N	I	68085
107971	G	102637	100965	1003743	NISSORUN VLOEIBAAR Palletverpakking 120x10x250ml	1996-01-01	E10379NA.PDF	3	107535	f	1	120	\N	\N	\N	\N	I	68086
\.


--
-- Name: FytoArtikelen_autonumber_seq; Type: SEQUENCE SET; Schema: public; Owner: -
--

SELECT pg_catalog.setval('"FytoArtikelen_autonumber_seq"', 1, false);


--
-- Data for Name: FytoArtikelkenmerken; Type: TABLE DATA; Schema: public; Owner: -
--

COPY "FytoArtikelkenmerken" ("AtkId", "Code", "Omschr", "Veldtype", "ToekenbaarJn", "AtkAtkId", "MinimumWaarde", "MaximumWaarde", "Vervaldatum") FROM stdin;
\.


--
-- Data for Name: FytoBestrMidGroepProduct; Type: TABLE DATA; Schema: public; Owner: -
--

COPY "FytoBestrMidGroepProduct" ("BptId", "BspId", "PdtId", "HoofdgroepJn", "Type") FROM stdin;
102579	5	102579	t	\N
102594	5	102594	t	\N
102596	5	102596	t	\N
102600	14	102600	t	\N
102604	7	102604	t	\N
102605	7	102605	t	\N
102610	8	102610	t	\N
102633	5	102633	t	\N
102637	1	102637	t	\N
102643	13	102643	t	\N
102644	13	102644	t	\N
102670	5	102670	t	\N
102678	5	102678	t	\N
102679	8	102679	t	\N
102693	7	102693	t	\N
102695	5	102695	t	\N
102703	7	102703	t	\N
102730	7	102730	t	\N
102736	7	102736	t	\N
102737	7	102737	t	\N
102741	18	102741	t	\N
102764	5	102764	t	\N
102796	5	102796	t	\N
102797	5	102797	t	\N
102801	7	102801	t	\N
102818	7	102818	t	\N
102820	2	102820	t	\N
102835	7	102835	t	\N
102837	5	102837	t	\N
102838	13	102838	t	\N
102843	5	102843	t	\N
102846	5	102846	t	\N
102848	8	102848	t	\N
102853	8	102853	t	\N
102863	7	102863	t	\N
102865	5	102865	t	\N
102876	5	102876	t	\N
102886	18	102886	t	\N
102889	9	102889	t	\N
102892	8	102892	t	\N
102901	8	102901	t	\N
102904	8	102904	t	\N
102905	7	102905	t	\N
102906	5	102906	t	\N
102907	5	102907	t	\N
102909	1	102909	t	\N
102915	5	102915	t	\N
102917	5	102917	t	\N
102919	5	102919	t	\N
102920	8	102920	t	\N
102921	1	102921	t	\N
102922	5	102922	t	\N
102926	5	102926	t	\N
102930	7	102930	t	\N
102934	8	102934	t	\N
102935	5	102935	t	\N
102949	7	102949	t	\N
102992	7	102992	t	\N
103001	6	103001	t	\N
103021	9	103021	t	\N
103033	14	103033	t	\N
103047	9	103047	t	\N
103084	5	103084	t	\N
103089	6	103089	t	\N
103120	5	103120	t	\N
103133	7	103133	t	\N
103142	7	103142	t	\N
103154	7	103154	t	\N
103155	8	103155	t	\N
103156	8	103156	t	\N
103197	7	103197	t	\N
103212	6	103212	t	\N
103224	5	103224	t	\N
103236	7	103236	t	\N
103251	5	103251	f	\N
103260	6	103260	t	\N
103268	12	103268	t	\N
103273	1	103273	t	\N
103289	8	103289	t	\N
103307	5	103307	t	\N
103312	5	103312	t	\N
103334	2	103334	t	\N
103361	5	103361	t	\N
103362	13	103362	t	\N
103455	8	103455	t	\N
103466	13	103466	t	\N
103487	6	103487	t	\N
103500	7	103500	t	\N
103524	5	103524	t	\N
103527	13	103527	t	\N
103579	6	103579	t	\N
103587	5	103587	t	\N
103589	7	103589	t	\N
103597	7	103597	t	\N
103644	5	103644	t	\N
103646	5	103646	t	\N
103648	5	103648	t	\N
103653	7	103653	t	\N
103663	7	103663	t	\N
103667	100000	103667	t	\N
103676	18	103676	t	\N
103678	18	103678	t	\N
103687	5	103687	t	\N
103721	7	103721	t	\N
103733	5	103733	t	\N
103739	8	103739	t	\N
103744	7	103744	t	\N
103756	13	103756	t	\N
103770	13	103770	t	\N
103780	7	103780	t	\N
103784	6	103784	t	\N
103803	1	103803	t	\N
103837	6	103837	t	\N
103840	6	103840	t	\N
103847	8	103847	t	\N
103857	2	103857	t	\N
103902	1	103455	f	\N
103923	5	103616	t	\N
103925	5	102883	t	\N
103926	8	103623	t	\N
103927	1	103623	f	\N
103938	5	102769	t	\N
103940	5	102874	t	\N
103941	5	103571	t	\N
103943	5	102878	t	\N
103958	7	102867	t	\N
103964	7	102683	t	\N
103985	7	103251	f	\N
103986	12	103251	t	\N
103987	1	103224	f	\N
103992	1	102770	f	\N
103993	8	102770	t	\N
104021	14	103072	t	\N
104026	7	102872	t	\N
104028	8	103273	f	\N
104029	5	103899	t	\N
104032	7	103901	t	\N
104054	7	103916	t	\N
104071	8	103940	t	\N
104075	7	103950	t	\N
104076	7	103951	t	\N
104077	5	103952	t	\N
104082	6	103958	t	\N
104083	5	103959	t	\N
104084	7	103961	t	\N
104092	7	103979	t	\N
104094	8	103982	t	\N
104100	7	103988	t	\N
104103	7	103989	t	\N
104104	2	103990	t	\N
104105	3	103990	f	\N
104106	5	103990	f	\N
104113	5	103998	t	\N
104129	5	104011	t	\N
104131	7	104013	t	\N
104134	7	104016	t	\N
104137	5	104019	t	\N
104141	5	104023	t	\N
104148	6	104030	t	\N
104149	7	104031	t	\N
104151	5	104033	t	\N
104165	13	104044	t	\N
104167	8	104046	t	\N
104168	1	104047	t	\N
104169	8	104047	f	\N
104172	11	104050	t	\N
104173	5	104051	t	\N
104175	18	104054	t	\N
104176	18	104053	t	\N
104177	8	104055	t	\N
104178	11	104056	t	\N
104179	7	104057	t	\N
104182	1	104060	t	\N
104186	7	104064	t	\N
104187	8	104065	t	\N
104188	1	104065	f	\N
104189	8	104066	t	\N
104191	8	104068	t	\N
104193	8	104070	t	\N
104195	8	104072	t	\N
104196	8	104073	t	\N
104197	8	104074	t	\N
104198	8	104075	t	\N
104199	8	104076	t	\N
104201	18	104066	f	\N
104202	5	104078	t	\N
104204	5	104080	t	\N
104205	1	104074	f	\N
104207	5	104082	t	\N
104208	5	104083	t	\N
104210	5	104085	t	\N
104211	8	104086	t	\N
104216	7	104091	t	\N
104220	8	104095	t	\N
104221	1	104095	f	\N
104222	8	104096	t	\N
104230	5	104104	t	\N
104234	7	104108	t	\N
104235	7	104109	t	\N
104237	7	104111	t	\N
104240	7	104114	t	\N
104242	5	104116	t	\N
104244	7	104118	t	\N
104245	8	104119	t	\N
104246	8	104120	t	\N
104247	2	104121	t	\N
104249	5	104123	t	\N
104251	5	104125	t	\N
104252	7	104126	t	\N
104254	7	104128	t	\N
104255	7	104129	t	\N
104256	5	104130	t	\N
104257	5	104131	t	\N
104258	6	104132	t	\N
104259	8	104133	t	\N
104261	8	104135	t	\N
104262	7	104136	t	\N
104263	18	104137	t	\N
104264	1	104138	t	\N
104269	8	104141	t	\N
104270	8	104142	t	\N
104272	5	104144	t	\N
104273	9	104145	t	\N
104274	8	104146	t	\N
104275	5	104147	t	\N
104276	5	104148	t	\N
104277	5	104149	t	\N
104278	7	104150	t	\N
104279	5	104151	t	\N
104280	5	104153	t	\N
104281	5	104152	t	\N
104282	8	104154	t	\N
104283	7	104155	t	\N
104285	13	104157	t	\N
104286	7	104158	t	\N
104287	5	104159	t	\N
104290	7	104162	t	\N
104291	5	104163	t	\N
104292	5	104164	t	\N
104293	5	104165	t	\N
104294	8	104166	t	\N
104296	8	104168	t	\N
104297	7	104169	t	\N
104298	7	104170	t	\N
104300	5	104172	t	\N
104301	5	104173	t	\N
104313	5	104185	t	\N
104315	5	104187	t	\N
104316	8	104188	t	\N
104318	7	104191	t	\N
104319	5	104192	t	\N
104320	9	104193	t	\N
104321	6	104194	t	\N
104322	7	104195	t	\N
104323	5	104197	t	\N
104325	5	104198	t	\N
104326	8	104199	t	\N
104327	8	104200	t	\N
104328	7	104201	t	\N
104329	5	104202	t	\N
104331	5	104204	t	\N
104332	7	104205	t	\N
104334	7	104207	t	\N
104335	8	104208	t	\N
104336	8	104209	t	\N
104338	5	104211	t	\N
104341	7	104214	t	\N
104344	8	104217	t	\N
104345	5	104218	t	\N
104347	7	104220	t	\N
104348	5	104221	t	\N
104349	8	104222	t	\N
104350	8	104223	t	\N
104351	5	104224	t	\N
104352	8	104225	t	\N
104354	8	104227	t	\N
104355	5	104228	t	\N
104358	5	104231	t	\N
104359	13	104232	t	\N
104360	8	104233	t	\N
104361	13	104234	t	\N
104363	5	104236	t	\N
104364	18	104238	t	\N
104365	5	104237	t	\N
104366	5	104239	t	\N
104367	5	104240	t	\N
104369	7	104242	t	\N
104371	7	104244	t	\N
104373	8	104245	t	\N
104376	7	104248	t	\N
104377	5	104249	t	\N
104379	8	104251	t	\N
104382	8	104254	t	\N
104383	5	104255	t	\N
104385	5	104257	t	\N
104386	8	104258	t	\N
104387	8	104259	t	\N
104388	8	104260	t	\N
104389	6	104261	t	\N
104390	13	104262	t	\N
104391	8	104263	t	\N
104392	7	104264	t	\N
104393	8	104265	t	\N
104394	14	104266	t	\N
104395	7	104267	t	\N
104396	7	104268	t	\N
104397	7	104269	t	\N
104398	5	104270	t	\N
104399	8	104271	t	\N
104404	7	104275	t	\N
104409	8	104280	t	\N
104411	7	104282	t	\N
104412	7	104283	t	\N
104413	8	104285	t	\N
104414	5	104286	t	\N
104415	7	104287	t	\N
104416	5	104288	t	\N
104417	5	104289	t	\N
104418	5	104290	t	\N
104419	8	104291	t	\N
104420	5	104292	t	\N
104421	1	104294	t	\N
104422	8	104295	t	\N
104423	11	104296	t	\N
104424	7	104296	f	\N
104425	8	104297	t	\N
104426	4	104298	t	\N
104427	5	104299	t	\N
104428	8	104300	t	\N
104429	5	104301	t	\N
104430	5	104296	f	\N
104431	7	104302	t	\N
104432	7	104303	t	\N
104433	7	104304	t	\N
104434	7	104305	t	\N
104435	7	104306	t	\N
104436	8	104307	t	\N
104437	7	104308	t	\N
104438	9	104309	t	\N
104440	8	104311	t	\N
104441	7	104312	t	\N
104442	5	104313	t	\N
104443	8	104315	t	\N
104444	13	104318	t	\N
104445	5	104317	t	\N
104446	5	104319	t	\N
104447	7	104320	t	\N
104448	7	104321	t	\N
104449	7	104322	t	\N
104450	8	104323	t	\N
104451	13	104324	t	\N
104454	7	104325	t	\N
104460	7	104349	t	\N
104461	7	104350	t	\N
104462	8	104351	t	\N
104463	8	104352	t	\N
104464	8	104353	t	\N
104465	8	104354	t	\N
104466	8	104355	t	\N
104467	5	104356	t	\N
104468	8	104357	t	\N
104469	8	104358	t	\N
104470	6	104359	t	\N
104471	8	104360	t	\N
104472	6	104361	t	\N
104473	11	104362	t	\N
104474	8	104362	f	\N
104475	7	104363	t	\N
104476	7	104364	t	\N
104477	7	104365	t	\N
104478	7	104366	t	\N
104479	18	104367	t	\N
104480	8	104368	t	\N
104481	7	104369	t	\N
104482	7	104370	t	\N
104483	1	104371	t	\N
104484	7	104372	t	\N
104485	9	104373	t	\N
104486	5	104374	t	\N
104487	8	104375	t	\N
104488	5	104377	t	\N
104489	7	104376	t	\N
104490	13	104378	t	\N
104491	7	104379	t	\N
104492	5	104380	t	\N
104493	5	104383	t	\N
104494	5	104381	t	\N
104495	5	104382	t	\N
104496	7	104384	t	\N
104497	5	104386	t	\N
104498	5	104385	t	\N
104499	7	104387	t	\N
104500	6	104389	t	\N
104501	7	104388	t	\N
104502	5	104390	t	\N
104503	7	104391	t	\N
104504	8	104394	t	\N
104505	8	104393	t	\N
104506	7	104392	t	\N
104507	5	104395	t	\N
104508	7	104396	t	\N
104509	7	104397	t	\N
104510	7	104398	t	\N
104511	7	104399	t	\N
104512	8	104400	t	\N
104513	8	104401	t	\N
104514	8	104402	t	\N
104515	2	104403	t	\N
104516	3	104403	f	\N
104517	5	104403	f	\N
104518	5	104404	t	\N
104520	5	104406	t	\N
104521	1	104407	t	\N
104522	8	104407	f	\N
104523	5	104410	t	\N
104524	13	104409	t	\N
104525	13	104408	t	\N
104526	7	104411	t	\N
104527	7	104413	t	\N
104528	18	104412	t	\N
104578	5	104468	t	\N
104579	5	104463	t	\N
104580	4	104464	t	\N
104581	5	104466	t	\N
104582	5	104467	t	\N
104583	5	104465	t	\N
104584	7	104469	t	\N
104589	5	104477	t	\N
104590	7	104475	t	\N
104591	7	104474	t	\N
104592	5	104476	t	\N
104626	7	104511	t	\N
104627	5	104512	t	\N
104628	7	104513	t	\N
104629	7	104514	t	\N
104630	7	104515	t	\N
104631	7	104516	t	\N
104632	9	104517	t	\N
104633	7	104518	t	\N
104634	9	104519	t	\N
104635	5	104520	t	\N
104636	5	104521	t	\N
104637	7	104536	t	\N
104638	8	104522	t	\N
104639	7	104527	t	\N
104640	7	104537	t	\N
104641	5	104531	t	\N
104642	7	104538	t	\N
104643	7	104528	t	\N
104644	5	104530	t	\N
104645	7	104543	t	\N
104646	7	104539	t	\N
104647	7	104523	t	\N
104648	8	104525	t	\N
104649	7	104526	t	\N
104650	7	104535	t	\N
104651	7	104524	t	\N
104652	7	104542	t	\N
104653	5	104545	t	\N
104654	7	104532	t	\N
104655	7	104540	t	\N
104656	7	104533	t	\N
104657	7	104541	t	\N
104658	7	104544	t	\N
104659	7	104534	t	\N
104660	7	104529	t	\N
104661	5	104546	t	\N
104662	7	104547	t	\N
104663	7	104548	t	\N
104664	6	104549	t	\N
104665	7	104550	t	\N
104666	7	104551	t	\N
104667	7	104552	t	\N
104668	7	104553	t	\N
104669	14	104554	t	\N
104672	7	104557	t	\N
104673	7	104558	t	\N
104675	5	104560	t	\N
104731	7	104619	t	\N
104732	5	104618	t	\N
104733	2	104617	t	\N
104734	8	104616	t	\N
104756	5	104648	t	\N
104757	13	104645	t	\N
104758	7	104649	t	\N
104759	8	104646	t	\N
\.


--
-- Data for Name: FytoBestrMidGroepen; Type: TABLE DATA; Schema: public; Owner: -
--

COPY "FytoBestrMidGroepen" ("BspId", "Code", "Omschr", "BepId", "Vervaldatum") FROM stdin;
1	AC	Acaricide (bestrijding van mijten)	2	\N
2	AL	Algicide (bestrijding van groene aanslag)	1	\N
3	BA	Bactericide (bestrijding van bacterin)	3	\N
4	DO	Doodspuitmiddel (loofdoding)	1	\N
5	FU	Fungicide (bestrijding van schimmels)	3	\N
6	GR	Groeiregulator	4	\N
7	HE	Herbicide (bestrijding van onkruiden)	1	\N
8	IN	Insecticide (bestrijding van insecten)	2	\N
9	KA	Kiemremmingsmiddel voor aardappelen	4	\N
10	MO	Talpicide (bestrijding van mollen)	4	\N
11	NE	Nematiciden (bestrijding van aaltjes) NIET NX	2	\N
12	NX	Nematiciden (vloeibare grondontsmetting)	4	\N
13	RO	Rodenticiden (bestrijding van ratten en muizen)	4	\N
14	SL	Molluscicide (bestrijding van slakken)	4	\N
15	VI	Virucide (afwering van virussen)	4	\N
16	VO	Vogelafweermiddel	4	\N
17	WI	Wildafweermiddel	4	\N
18	ZZ	Overigen	4	\N
100000	9	Dummy	100000	\N
\.


--
-- Data for Name: FytoBestrMidHfdGroep; Type: TABLE DATA; Schema: public; Owner: -
--

COPY "FytoBestrMidHfdGroep" ("BepId", "Code", "Omschr", "Vervaldatum") FROM stdin;
1	1	Herbiciden	\N
2	2	Insecticiden/acariciden	\N
3	3	Fungiciden	\N
4	4	Overige middelen	\N
100000	9	dummy	\N
\.


--
-- Data for Name: FytoChemischeGroepen; Type: TABLE DATA; Schema: public; Owner: -
--

COPY "FytoChemischeGroepen" ("CgpId", "Code", "ChpId", "Omschr", "Vervaldatum") FROM stdin;
1	1	1	Aniliden/Amiden	\N
2	2	1	Benzozuur en benzonitrillen	\N
3	3	1	Carbamaten	\N
4	4	1	Dinitroalkylfenolen	\N
5	5	1	Fenoxycarbonzuren	\N
6	6	1	Quaternaire NH4-verbindingen	\N
7	7	1	Dipyridiliumverbindingen	\N
8	8	1	Thiolcarbamaten	\N
9	9	1	Triazinen en Triazinonen	\N
10	10	1	Ureumverbindingen	\N
11	11	1	Difenylethers en Dinitroanilinen	\N
12	12	1	Anorganische verbindingen	\N
13	13	1	Aminofosfonaten	\N
14	14	1	Pyridinecarboxylverbindingen	\N
15	15	1	Uracilverbindingen	\N
16	16	1	Aryloxyfenoxyverbindingen	\N
17	17	1	Sulfonylureumverbindingen	\N
18	18	1	Oxime-derivaten	\N
19	99	1	Overige herbiciden	\N
20	1	2	Biologische preparaten	\N
21	2	2	Carbamaten	\N
22	3	2	Carbamoyl-oximen	\N
23	4	2	Organische fosforverbindingen	\N
100001	9	2	Neonicotinoden	\N
100002	10	2	Keto-enolen	\N
26	5	2	Gechloreerde koolwaterstoffen	\N
27	6	2	Pyrethroiden	\N
28	7	2	Tinverbindingen	\N
29	8	2	Acylureumverbindingen	\N
30	99	2	Overige insecticiden/acariciden	\N
31	1	3	Aniliden/Amiden	\N
32	2	3	Benzimidazolen en benzimidazoolleverende verbindingen	\N
33	3	3	Captan en verwante verbindingen	\N
34	4	3	Dicarboximiden	\N
35	5	3	Dithiocarbamaten	\N
36	6	3	Fosforverbindingen	\N
37	7	3	Triazoolverbindingen	\N
38	8	3	Koperverbindingen	\N
39	9	3	Morfolineverbindingen	\N
40	10	3	Nitroverbindingen	\N
41	11	3	Pyrimidineverbindingen	\N
42	12	3	Tinverbindingen	\N
43	13	3	Zwavel	\N
44	14	3	Imidazool + verwante verbindingen	\N
45	15	3	Ureumverbindingen	\N
46	16	3	Antibiotica	\N
47	17	3	Carbamaten	\N
48	99	3	Overige fungiciden	\N
49	18	3	Biologische preparaten	\N
50	1	4	Groeiremmende middelen	\N
51	2	4	Antispruitmiddelen voor aardappelen	\N
52	3	4	Groeibevorderende middelen	\N
53	4	4	Fumigantia	\N
54	5	4	Niet-fumigantia	\N
55	6	4	Rodenticiden (incl.mollenbestrijding)	\N
56	7	4	Minerale olin	\N
57	8	4	Uitvloeiers	\N
58	9	4	Overige hulpstoffen en safeners	\N
59	10	4	Slakkenbestrijdingsmiddelen	\N
60	11	4	Restgroep	\N
100000	19	1	Triketonen	\N
100003	19	3	Anilinopyrimidinen	\N
100004	20	3	Strobilurines	\N
\.


--
-- Data for Name: FytoChemischeHoofdgroepen; Type: TABLE DATA; Schema: public; Owner: -
--

COPY "FytoChemischeHoofdgroepen" ("ChpId", "Code", "Omschr", "Vervaldatum") FROM stdin;
1	1	HERBICIDEN	\N
2	2	INSECTICIDEN/ACARICIDEN	\N
3	3	FUNGICIDEN	\N
4	4	OVERIGE MIDDELEN	\N
\.


--
-- Data for Name: FytoConcentratieEenheden; Type: TABLE DATA; Schema: public; Owner: -
--

COPY "FytoConcentratieEenheden" ("CedId", "Code", "Omschr") FROM stdin;
1	1	gram/liter
2	2	%
100000	9	Dummy
\.


--
-- Data for Name: FytoConcentraties; Type: TABLE DATA; Schema: public; Owner: -
--

COPY "FytoConcentraties" ("CceId", "WsfId", "PdtId", "Waarde", "Type") FROM stdin;
104407	326	103837	0.25	\N
104410	323	103840	100	\N
104421	195	103847	150	\N
104434	32	103857	75	\N
103484	329	103089	10	\N
103517	277	103120	80	\N
103531	34	103133	374	\N
103541	16	103142	300	\N
103553	9	103154	50	\N
103554	123	103155	10	\N
103555	123	103156	50	\N
103405	370	103033	6.40000000000000036	\N
103420	18	103047	300	\N
103464	122	103072	4	\N
103479	264	103084	400	\N
103345	18	102992	400	\N
103356	329	103001	9.59999999999999964	\N
103382	18	103021	1	\N
103247	250	102919	125	\N
103248	307	102919	125	\N
103249	212	102920	100	\N
103250	210	102921	25	\N
103251	307	102922	500	\N
103255	235	102926	66.7000000000000028	\N
103256	263	102926	7.5	\N
103260	381	102930	75	\N
103264	202	102934	100	\N
103265	254	102935	250	\N
103266	256	102935	125	\N
103283	12	102949	50	\N
103284	26	102949	250	\N
103285	29	102949	166	\N
103176	98	102863	100	\N
103178	229	102865	450	\N
103179	279	102865	120	\N
103181	19	102867	25.3000000000000007	\N
103182	20	102867	75.7000000000000028	\N
103183	102	102867	151.400000000000006	\N
103189	71	102872	400	\N
103192	304	102874	400	\N
103194	243	102876	80	\N
103196	279	102878	450	\N
103204	279	102883	105	\N
103205	292	102883	330	\N
103208	312	102886	60	\N
103211	318	102889	300	\N
103214	121	102892	25	\N
103231	122	102904	500	\N
103232	88	102905	50	\N
103233	254	102906	25	\N
103234	306	102907	250	\N
103236	210	102909	25	\N
104728	100088	104120	240	\N
104732	100070	104123	6.70000000000000018	\N
104730	100090	104121	53.5	\N
104733	100073	104123	26.6999999999999993	\N
104735	306	104125	50	\N
104736	44	104126	700	\N
104738	71	104128	360	\N
104739	73	104129	100	\N
104740	100038	104129	2.5	\N
104741	100048	104130	375	\N
104742	248	104130	160	\N
104743	235	104131	70	\N
104744	310	104132	85	\N
104745	100092	104131	1.25	\N
104746	100093	104133	0.00100000000000000002	\N
104749	100094	104135	60	\N
104750	80	104136	125	\N
104751	100095	104137	750	\N
104752	100096	104138	25	\N
104764	100061	104144	465.199999999999989	\N
104765	318	104145	120	\N
104766	367	104146	160	\N
104761	204	104141	0.5	\N
104762	100098	104142	240	\N
104767	114	104146	40	\N
104768	277	104147	80	\N
104769	254	104148	45.8999999999999986	\N
104770	254	104149	0.0149999999999999994	\N
104771	71	104150	0.0599999999999999978	\N
104772	32	102820	330	\N
104774	265	104152	150	\N
104775	250	104152	125	\N
104776	307	104152	125	\N
104777	100100	104151	300	\N
104778	100101	104153	60	\N
104779	186	104154	100	\N
104780	86	104155	20	\N
104782	346	104157	0.00250000000000000005	\N
104783	71	104158	360	\N
104784	248	104159	80	\N
104785	306	104159	200	\N
104789	71	104162	7.20000000000000018	\N
105087	100118	104411	50	\N
105088	74	104413	100	\N
105089	182	104412	0.5	\N
105153	100027	104463	187.5	\N
105154	100105	104468	150	\N
105155	34	104464	374	\N
105156	71	104469	480	\N
105157	254	104468	20	\N
105158	100185	104467	50	\N
105159	100186	104465	500	\N
105160	100187	104463	62.5	\N
105161	100188	104466	85	\N
105167	100070	104476	133	\N
105168	34	104474	374	\N
105169	57	104475	500	\N
105170	250	104476	50	\N
105171	306	104477	250	\N
104790	278	104163	100	\N
104791	250	104164	67	\N
104792	100073	104164	233	\N
104793	292	104165	400	\N
104794	306	104165	80	\N
104795	100103	104166	20	\N
104797	100039	104168	500	\N
104798	100086	104169	0.599999999999999978	\N
104799	44	104170	200	\N
104800	102	104170	100	\N
104801	20	104170	60	\N
104802	19	104170	20	\N
104804	100104	104169	3	\N
104805	100105	104172	100	\N
104806	100106	104172	100	\N
104807	100105	104173	250	\N
104811	100107	104109	15	\N
104812	100107	104064	19	\N
104824	100024	104185	25	\N
104825	100027	104185	37.5	\N
104827	100106	104187	37.5	\N
104828	100105	104187	37.5	\N
104829	100111	104188	50	\N
104830	10	104191	20	\N
104832	278	104192	100	\N
104833	18	104193	300	\N
104834	317	104194	121	\N
104835	100113	104195	336	\N
104836	100097	104197	6	\N
104837	243	104197	60	\N
104842	100077	104200	0.00150000000000000003	\N
104839	235	104198	68	\N
104840	283	104198	4.5	\N
104841	100077	104199	0.0919999999999999984	\N
104843	71	104201	7.20000000000000018	\N
104844	367	104202	0.599999999999999978	\N
104846	114	104202	0.119999999999999996	\N
104847	100105	104204	175	\N
104848	100048	104204	150	\N
104849	100086	104205	100	\N
104851	100040	104207	70	\N
104852	50	104207	330	\N
104853	100096	104208	70	\N
104854	100096	104209	600	\N
104856	100105	104211	125	\N
104857	254	104211	125	\N
104860	20	104214	320	\N
104861	113	102901	3.79999999999999982	\N
104868	289	104221	525.200000000000045	\N
104864	100096	104217	350	\N
104865	100070	104218	12.8000000000000007	\N
104866	100073	104218	25.1999999999999993	\N
104869	100114	104220	301.5	\N
104870	100115	104221	62.5	\N
104871	100116	104222	164	\N
104872	204	104223	5	\N
104873	254	104224	25	\N
104874	187	104225	0.25	\N
104875	189	104225	0.0500000000000000028	\N
104877	204	104227	5	\N
104878	278	104228	100	\N
104881	100070	104231	100	\N
104882	229	104231	300	\N
104883	346	104232	0.00250000000000000005	\N
104884	204	104233	0.0500000000000000028	\N
104885	346	104234	0.00250000000000000005	\N
104887	100117	104236	250	\N
104888	100105	104237	480	\N
104889	122	104238	500	\N
104890	292	104239	500	\N
104891	100061	104239	36.2999999999999972	\N
104892	249	104240	100	\N
104893	100058	104240	375	\N
104894	102	104242	150	\N
104895	44	104242	350	\N
104898	100118	104244	50	\N
104907	100119	104251	2	\N
104900	204	104245	0.0500000000000000028	\N
104903	70	104248	220	\N
104904	284	104249	400	\N
104905	100106	104249	130	\N
104910	100121	104254	99	\N
104911	100070	104255	250	\N
104914	254	104257	430	\N
104915	204	104258	0.309999999999999998	\N
104916	204	104259	0.0299999999999999989	\N
104917	204	104260	0.0500000000000000028	\N
104918	328	104261	20	\N
104919	346	104262	0.00250000000000000005	\N
104920	204	104263	0.0299999999999999989	\N
104921	100016	104264	60	\N
104922	196	104265	18	\N
104923	100010	104266	0.0100000000000000002	\N
104924	50	104267	187.5	\N
104925	100028	104267	312.5	\N
104926	109	104268	50	\N
104927	97	104268	400	\N
104928	100122	104269	71.4000000000000057	\N
104929	283	104270	60	\N
104930	100123	104271	200	\N
104935	85	104275	50	\N
104940	100077	104280	10	\N
104943	45	104282	70	\N
104944	100016	104283	75	\N
104945	204	104285	10	\N
104946	306	104286	200	\N
104947	249	104286	125	\N
104948	9	104287	400	\N
104949	227	104288	500	\N
104950	254	104289	50	\N
104951	100048	104289	25	\N
104952	278	104290	200	\N
104953	304	104290	200	\N
104954	116	104291	80	\N
104955	289	104292	530	\N
104956	100126	104292	310	\N
104957	100127	104294	110	\N
104958	149	104295	250	\N
104959	100093	104297	100	\N
104960	100128	104298	26.5	\N
104961	333	104296	99	\N
104962	100024	104299	100	\N
104963	100129	104300	0.949999999999999956	\N
104964	278	104301	2	\N
104966	100038	104302	2.2799999999999998	\N
104967	100130	104302	6.83000000000000007	\N
104968	71	104303	360	\N
104969	71	104304	360	\N
104970	71	104305	360	\N
104971	73	104306	100	\N
104972	100038	104306	1	\N
104973	204	104307	2.14999999999999991	\N
104974	71	104308	360	\N
104975	320	104309	912	\N
104976	100131	104311	24	\N
103243	307	102915	50	\N
103245	279	102917	450	\N
103120	12	102818	480	\N
103143	87	102835	25	\N
103145	250	102837	84	\N
103146	265	102837	250	\N
103147	342	102838	0.0050000000000000001	\N
103154	263	102843	50	\N
103157	249	102846	250	\N
103159	204	102848	70	\N
103164	204	102853	70	\N
102774	235	102579	65	\N
102775	283	102579	4.5	\N
102795	224	102594	250	\N
102796	278	102594	125	\N
102798	227	102596	500	\N
102803	370	102600	6	\N
102809	31	102604	308	\N
102810	63	102604	250	\N
102811	31	102605	308	\N
102812	63	102605	250	\N
102819	183	102610	25	\N
102855	240	102633	80	\N
102861	203	102637	250	\N
102868	346	102643	0.00250000000000000005	\N
102869	346	102644	0.00250000000000000005	\N
102904	235	102670	75	\N
102912	236	102678	75	\N
102913	193	102679	480	\N
102918	70	102683	150	\N
102928	39	102693	800	\N
102930	270	102695	500	\N
102944	65	102703	400	\N
102988	90	102730	100	\N
102998	86	102736	20	\N
102999	4	102737	62.5	\N
103000	56	102737	500	\N
103007	240	102741	400	\N
103041	281	102764	150	\N
103048	245	102769	500	\N
103049	205	102770	157	\N
103083	256	102796	50	\N
103084	256	102797	50	\N
104626	100050	104044	0.0050000000000000001	\N
104637	100059	104046	120	\N
104629	100057	104047	10	\N
104659	100071	104065	10	\N
104660	100039	104066	0.0500000000000000028	\N
104635	100055	104050	30	\N
104640	100061	104023	339.199999999999989	\N
104643	293	104051	70	\N
104645	128	104055	10	\N
104646	100063	104053	6	\N
104648	100064	104054	900	\N
104650	100066	104057	50	\N
104654	100068	104060	240	\N
104658	78	104064	69	\N
104663	367	104070	0.599999999999999978	\N
104664	114	104070	0.119999999999999996	\N
104666	367	104072	1	\N
104667	114	104072	0.200000000000000011	\N
104668	182	104073	0.25	\N
104669	180	104074	50	\N
104670	204	104075	2.14999999999999991	\N
104671	113	104068	10.3000000000000007	\N
104672	100029	104076	50	\N
104675	307	104078	100	\N
104676	100073	104078	200	\N
104678	227	104080	80	\N
104681	250	104082	125	\N
104682	100070	104083	250	\N
104684	100061	104085	3.89999999999999991	\N
104685	235	104085	64	\N
104686	187	104086	0.25	\N
104687	189	104086	0.0500000000000000028	\N
104693	97	104091	65	\N
104698	100076	104095	240	\N
104699	100077	104096	480	\N
104707	224	104104	500	\N
104713	102	104111	500	\N
104716	100085	104108	31.25	\N
104717	100086	104108	1.10000000000000009	\N
104718	100086	104109	5	\N
104720	71	104114	360	\N
104723	235	104116	68	\N
104724	283	104116	4.5	\N
104726	71	104118	450	\N
104727	100059	104119	480	\N
103088	71	102801	360	\N
104475	292	103899	500	\N
104479	100016	103901	40	\N
104553	349	103982	850	\N
104507	29	103916	166	\N
104508	26	103916	250	\N
104509	12	103916	50	\N
104525	204	103940	2.5	\N
104529	94	103950	200	\N
104530	50	103950	200	\N
104531	73	103951	200	\N
104532	278	103952	15	\N
104537	317	103958	250	\N
104540	100027	103959	50	\N
104542	100028	103961	960	\N
104551	71	103979	360	\N
104560	102	103988	200	\N
104562	57	103989	450	\N
104563	100035	103990	210	\N
104564	100036	103990	55	\N
104649	100065	104056	10	\N
104583	100037	103998	50	\N
104588	306	104011	250	\N
104590	100038	104013	50	\N
104594	100040	104016	100	\N
104597	100042	104019	440	\N
104610	100045	104030	10	\N
104611	100046	104031	720	\N
104614	100048	104033	50	\N
103602	94	103197	480	\N
103621	323	103212	75	\N
103639	277	103224	80	\N
103652	12	103236	120	\N
103653	26	103236	250	\N
103670	335	103251	510	\N
104978	102	104312	200	\N
104979	20	104312	200	\N
104980	289	104313	375	\N
104981	100097	104313	75	\N
104982	115	104315	10	\N
104983	100050	104318	0.0050000000000000001	\N
104984	263	104319	225	\N
104985	100134	104317	2.20000000000000018	\N
104986	100135	104317	5.20000000000000018	\N
104987	100133	104319	300	\N
104988	100016	104320	30	\N
104989	100040	104320	75	\N
104990	6	104321	500	\N
104991	100085	104322	30	\N
104992	115	104323	10	\N
104993	100086	104322	1	\N
104994	345	104324	0.0050000000000000001	\N
104999	92	104325	250	\N
105002	86	104349	20	\N
105003	31	104350	600	\N
105004	187	104351	0.25	\N
105005	189	104351	0.0500000000000000028	\N
105006	116	104353	1.25	\N
105007	204	104355	0.0050000000000000001	\N
105008	204	104354	0.5	\N
105009	100059	104352	0.0800000000000000017	\N
105010	100136	104356	125	\N
105011	100137	104357	100	\N
105012	204	104358	70	\N
105013	314	104359	300	\N
105014	100045	104359	50	\N
105015	100138	104360	150	\N
105016	67	104361	21	\N
105017	338	104362	15	\N
105018	71	104363	360	\N
105019	100139	104365	1.80000000000000004	\N
105020	100139	104364	9.69999999999999929	\N
105021	100140	104365	1.80000000000000004	\N
105022	100140	104364	9.40000000000000036	\N
105023	71	104366	360	\N
105028	100046	104370	720	\N
105025	100141	104367	600	\N
105026	100129	104368	9.5	\N
105027	100142	104369	400	\N
105029	100143	104371	200	\N
105030	20	104372	160	\N
105031	18	104373	636	\N
105032	100061	104374	17	\N
105033	283	104374	10	\N
105034	100024	104374	5	\N
105035	213	104375	80.2999999999999972	\N
105036	100144	104375	75.7999999999999972	\N
105037	77	104376	25	\N
105038	292	104377	250	\N
105039	253	104377	62.5	\N
105040	100124	104376	25	\N
105041	346	104378	0.00250000000000000005	\N
105042	71	104379	360	\N
105043	254	104380	0.125	\N
105044	100048	104380	0.125	\N
105045	100105	104383	150	\N
105046	100105	104382	8	\N
105047	100146	104381	75	\N
105048	100105	104381	100	\N
105049	254	104381	100	\N
105050	284	104382	250	\N
105051	100146	104383	75	\N
105052	50	104384	250	\N
105053	250	104385	125	\N
105054	100046	104384	280	\N
105055	100147	104386	62.5	\N
105056	71	104387	360	\N
105057	317	104389	175	\N
105058	4	104388	500	\N
105059	100073	104390	26.6999999999999993	\N
105060	100070	104390	6.70000000000000018	\N
105061	100124	104391	50	\N
105062	100151	104394	200	\N
105063	100151	104393	35	\N
105064	100150	104392	22.1999999999999993	\N
105065	86	104392	11.0999999999999996	\N
105066	100152	104395	200	\N
105067	12	104397	50	\N
105068	100153	104396	75	\N
105069	100153	104397	5	\N
105070	100132	104398	20	\N
105071	182	104400	25	\N
105072	182	104402	25	\N
105073	182	104401	6	\N
105074	4	104399	200	\N
105075	100155	104398	10	\N
105076	100154	104399	400	\N
105077	100036	104403	55	\N
105078	100035	104403	220	\N
105079	289	104404	525.200000000000045	\N
105080	100115	104404	62.5	\N
105082	100105	104406	100	\N
105083	100156	104407	5.97799999999999976	\N
105084	231	104410	255	\N
105085	346	104409	0.00250000000000000005	\N
105086	346	104408	0.00250000000000000005	\N
103679	311	103260	480	\N
103687	335	103268	510	\N
103692	169	103273	500	\N
103713	349	103289	800	\N
103738	227	103307	80	\N
103745	272	103312	250	\N
103773	32	103334	330	\N
103804	225	103361	500	\N
103805	345	103362	0.0050000000000000001	\N
103913	182	103455	25	\N
103925	342	103466	0.0050000000000000001	\N
103954	309	103487	750	\N
103968	45	103500	70	\N
104002	265	103524	750	\N
104005	342	103527	0.0050000000000000001	\N
104057	279	103571	46	\N
104067	310	103579	64	\N
104077	253	103587	250	\N
104079	44	103589	70	\N
104089	6	103597	500	\N
104113	296	103616	700	\N
104122	201	103623	500	\N
104156	278	103644	100	\N
104159	231	103646	500	\N
104161	284	103648	250	\N
104166	62	103653	600	\N
104177	70	103663	2	\N
104181	12	103667	50	\N
104182	26	103667	249	\N
104183	29	103667	166	\N
104195	350	103676	1050	\N
104197	357	103678	263	\N
104208	284	103687	12.5	\N
104254	68	103721	95	\N
104280	349	103739	850	\N
104286	73	103744	200	\N
104303	342	103756	2.5	\N
104321	341	103770	0.0050000000000000001	\N
104334	97	103780	65	\N
104339	315	103784	4	\N
104271	252	103733	100	\N
104366	203	103803	10	\N
105214	71	104511	360	\N
105215	245	104512	10	\N
105216	100130	104513	7.40000000000000036	\N
105217	112	104514	300	\N
105218	20	104515	90	\N
105219	102	104515	50	\N
105220	20	104516	160	\N
105221	18	104517	1	\N
105222	10	104518	250	\N
105223	18	104519	300	\N
105224	100147	104520	62.5	\N
105225	250	104520	62.5	\N
105226	263	104521	200	\N
105227	270	104521	200	\N
105339	100139	104619	18	\N
105340	100140	104619	18	\N
105341	100149	104617	2.5	\N
105342	100100	104618	500	\N
105343	204	104616	0.0299999999999999989	\N
105278	65	104558	300	\N
105279	100154	104558	60	\N
105368	100029	104646	50	\N
105370	100050	104645	0.0050000000000000001	\N
105371	9	104649	400	\N
105372	250	104648	90	\N
105373	100187	104648	125	\N
105228	123	104522	50	\N
105229	20	104523	157	\N
105230	86	104524	20	\N
105231	204	104525	70	\N
105232	4	104526	60	\N
105233	86	104526	6	\N
105234	19	104527	25	\N
105235	20	104527	75	\N
105236	102	104527	150	\N
105237	57	104528	500	\N
105238	44	104529	700	\N
105239	235	104530	500	\N
105240	227	104531	500	\N
105241	4	104532	500	\N
105242	18	104533	300	\N
105243	98	104534	100	\N
105244	71	104535	360	\N
105245	19	104536	160	\N
105246	20	104536	160	\N
105247	12	104537	120	\N
105248	26	104537	250	\N
105249	18	104538	400	\N
105250	19	104539	16	\N
105251	20	104539	62	\N
105252	102	104539	128	\N
105253	94	104540	480	\N
105254	18	104541	120	\N
105255	73	104542	288	\N
105256	12	104543	50	\N
105257	26	104543	250	\N
105258	29	104543	166	\N
105259	18	104544	300	\N
105260	235	104545	500	\N
105281	100024	104560	480	\N
105261	100101	104546	27.5	\N
105262	250	104546	37.5	\N
105263	102	104547	500	\N
105264	34	104548	200	\N
105265	309	104549	750	\N
105266	102	104550	200	\N
105267	26	104551	360	\N
105268	29	104551	315	\N
105269	100139	104552	12	\N
105270	100114	104552	17.6999999999999993	\N
105271	20	104553	51	\N
105272	44	104553	153	\N
105273	102	104553	51	\N
105274	370	104554	6	\N
105277	9	104557	500	\N
\.


--
-- Data for Name: FytoDatVersiegegevens; Type: TABLE DATA; Schema: public; Owner: -
--

COPY "FytoDatVersiegegevens" ("Titel", "Versienummer", "Versiedatum", "Rechthebbende", "Ontwikkelaar", "Omschrijving") FROM stdin;
Fyraad	1.1a	2003-01-07	Fytostat b.v.	Stoas GreenWise, Wageningen	Programma voor het muteren van artikel- en product informatie in de Fytostat database.
\.


--
-- Data for Name: FytoDeelnemers; Type: TABLE DATA; Schema: public; Owner: -
--

COPY "FytoDeelnemers" ("DnrId", "Code", "Omschr", "Afkorting", "Vervaldatum") FROM stdin;
100037	10	Belchim Crop Protection (vervallen)	BCP	2010-01-01 00:00:00
100034	21	Bayer Environmental Science	BES	\N
1	1	Aventis CropScience Benelux (vervallen)	AVE	2002-01-01 00:00:00
2	2	Aventis CropScience Benelux (vervallen)	AVE	2002-01-01 00:00:00
3	4	BASF Nederland B.V.	BAS	\N
4	5	Dow AgroSciences B.V.	DOW	\N
5	6	Certis Europe B.V.	CTS	\N
6	8	Syngenta Crop Protection B.V. (vervallen)	SYN	2001-01-01 00:00:00
7	9	Syngenta Crop Protection B.V.	SYN	\N
8	13	BASF Nederland B.V. (vervallen)	BAS	2000-01-01 00:00:00
9	14	Asepta B.V. (vervallen)	ASP	2008-01-01 00:00:00
10	15	Bayer CropScience SA-NV	BCS	\N
11	16	Luxan B.V. (vervallen)	LUX	2008-01-01 00:00:00
12	17	Monsanto Europe S.A.	MON	\N
13	18	Dupont de Nemours (Nederland) B.V.	DUP	\N
14	19	Agrichem B.V.	AGC	\N
15	20	Makhteshim Agan Holland B.V.	MAK	\N
100035	22	Nufarm	NUF	\N
\.


--
-- Data for Name: FytoDisclaimer; Type: TABLE DATA; Schema: public; Owner: -
--

COPY "FytoDisclaimer" ("Text") FROM stdin;
                                   Copyright FytoromAlle gegevens op de Fytorom in de vorm van programmatuur, bestanden, datastructuren, beelden etc. zijn eigendom van Fytostat, dan wel van derden waarvoor  Fytostat als informatiedistributeur optreedt. Niets van deze uitgave mag worden verveelvoudigd, opgeslagen in een geautomatiseerd gegevensbestand, gewijzigd of openbaar gemaakt, in enige vorm of op enige wijze, hetzij elektronisch, mechanisch, op papier of op enige andere manier zonder voorafgaande schriftelijke toestemming van Fytostat.                                   AansprakelijkheidOndanks alle zorg die aan de Fytorom wordt besteed blijven vergissingen, fouten en onvolledigheden mogelijk, waarvoor Fytostat geen enkele aansprakelijkheid aanvaardt.Ga zorgvuldig om met gewasbeschermingsmiddelen !Lees voor het gebruik altijd het etiket !
\.


--
-- Data for Name: FytoDomArtikelType; Type: TABLE DATA; Schema: public; Owner: -
--

COPY "FytoDomArtikelType" ("Typeletter", "TypeAfkorting", "Type") FROM stdin;
G	Grootv	Grootverpakking
P	Prim.verpakking	Primaire verpakking
\.


--
-- Data for Name: FytoDomInhoudsmaat; Type: TABLE DATA; Schema: public; Owner: -
--

COPY "FytoDomInhoudsmaat" ("Domeinnummer", "Afkorting", "Inhoudsmaat") FROM stdin;
1	l	liter
2	kg	kilogram
\.


--
-- Data for Name: FytoDomPrijstype; Type: TABLE DATA; Schema: public; Owner: -
--

COPY "FytoDomPrijstype" ("Waarde", "Afkorting", "Betekenis") FROM stdin;
B	BA	Basis-Adviesprijs
T	TA	Teler-Adviesprijs
\.


--
-- Data for Name: FytoDomRapportageEenheid; Type: TABLE DATA; Schema: public; Owner: -
--

COPY "FytoDomRapportageEenheid" ("FisNummer", "AfkortingEenheid", "BetekenisEenheid") FROM stdin;
1	liter	per liter
2	kg	per kilogram
3	stuks	per verpakking
\.


--
-- Data for Name: FytoDomToelatingsnummerconstante; Type: TABLE DATA; Schema: public; Owner: -
--

COPY "FytoDomToelatingsnummerconstante" ("Waarde", "Afkorting", "Betekenis") FROM stdin;
F	Fake	Fake (geen toelatingsnummer aanwezig)
N	nr	Nummer
T	\N	\N
K	\N	Kleinverbruik
\.


--
-- Data for Name: FytoDomVeldType; Type: TABLE DATA; Schema: public; Owner: -
--

COPY "FytoDomVeldType" ("FisNummer", "Afkorting", "Waarde") FROM stdin;
1	N	Numeriek
2	AN	Alfanumeriek
3	D	Datum
\.


--
-- Data for Name: FytoEenheden; Type: TABLE DATA; Schema: public; Owner: -
--

COPY "FytoEenheden" ("EhdId", "Code", "Omschr", "Vervaldatum") FROM stdin;
\.


--
-- Data for Name: FytoExtraWaardenAtlKenmerk; Type: TABLE DATA; Schema: public; Owner: -
--

COPY "FytoExtraWaardenAtlKenmerk" ("EakId", "KalId", "EhdId", "Nummer", "Character", "Datum", type) FROM stdin;
\.


--
-- Data for Name: FytoExtraWaardenPdtKenmerk; Type: TABLE DATA; Schema: public; Owner: -
--

COPY "FytoExtraWaardenPdtKenmerk" ("EpkId", "KptId", "EhdId", "Nummer", "Character", "Datum", type) FROM stdin;
\.


--
-- Data for Name: FytoFormHelp; Type: TABLE DATA; Schema: public; Owner: -
--

COPY "FytoFormHelp" ("HlpAppln", "HlpIndex", "HlpModtabName", "HlpGenerated", "HlpSeq", "HlpText", "HlpType") FROM stdin;
\.


--
-- Data for Name: FytoFormuleringen; Type: TABLE DATA; Schema: public; Owner: -
--

COPY "FytoFormuleringen" ("FmgId", "Code", "EcpaBenaming", "VrmId", "Vervaldatum") FROM stdin;
100001	CL	Contact vloeistof of gel	1	\N
100002	CP	Contact poeder	2	\N
100003	DT	Tablet voor directe toepassing	2	\N
100004	EG	Emulgeerbaar granulaat	2	\N
100005	EP	Emulgeerbaar poeder	2	\N
100006	GP	Stuifpoeder	2	\N
100007	LV	Vloeibare verdamper	1	\N
100008	SS	Wateroplosbaar poeder voor zaadbehandeling	2	\N
100009	ST	Water oplosbaar tablet	2	\N
100010	OD	Olie dispersie	1	\N
1	AB	Lokmiddel op graanbasis	2	\N
2	AE	Aerosol spuitbus	2	\N
3	AL	Vloeibare middelen onverdund	1	\N
4	AP	Andere poeder voor directe toepassing	2	\N
5	BB	Lokmiddel in blokvorm	2	\N
6	BR	Briket	2	\N
7	CB	Concentraat voor lokmiddel	1	\N
8	CG	Ingekapseld granulaat	2	\N
9	CS	Capsule suspensie	1	\N
10	DP	Stuifpoeder	2	\N
11	DS	Poeder voor droge zaadbehandeling	2	\N
12	EC	Emulgeerbare oplossing	1	\N
13	ED	Electrostatisch oplaadbare spuitvloeistof	1	\N
14	EO	Emulsie	1	\N
15	ES	Emulsie voor zaadbehandeling	1	\N
16	EW	Emulsie, olie in water	1	\N
17	FD	Doos met rookmiddel	2	\N
18	FG	Fijn granulaat	2	\N
19	FK	Rookstaaf	2	\N
20	FP	Rookpatroon	2	\N
21	FR	Rookstaafje	2	\N
22	FS	Suspensieconcentraat voor zaadbehandeling	1	\N
23	FT	Rooktablet	2	\N
24	FU	Rookontwikkelaar	2	\N
25	FW	Rookpellet	2	\N
26	GA	Gas	2	\N
27	GB	Lokmiddel in korrelvorm	2	\N
28	GE	Gasontwikkelend product	2	\N
29	GG	Macrogranulaat	2	\N
30	GR	Granulaat	2	\N
31	GS	Pasta op oliebasis	2	\N
32	HN	Hete nevel concentraat	1	\N
33	KN	Koude nevel concentraat	1	\N
34	LS	Vloeistof (oplossing) voor zaadbehandeling	1	\N
35	MG	Microgranulaat	2	\N
36	OF	Olie dispergeerbaar concentraat	1	\N
37	OL	Olie mengbaar concentraat	1	\N
38	OP	Olie dispergeerbaar poeder	2	\N
39	PA	Pasta op waterbasis	2	\N
40	PB	Lokmiddel in platte vorm	2	\N
41	PC	Gelconcentraat	2	\N
42	PR	Plantstaafje	2	\N
43	PS	Omhuld zaad	2	\N
44	RB	Lokmiddel (klaar voor gebruik)	2	\N
45	SB	Lokmiddel in brokken	2	\N
46	SC	Suspensie concentraat	1	\N
47	SE	Suspo emulsie	1	\N
48	SG	Wateroplosbaar granulaat	2	\N
49	SL	Wateroplosbaar concentraat	1	\N
50	SO	Spreider/hechter	1	\N
51	SP	Wateroplosbaar poeder	2	\N
52	TB	Tablet	2	\N
53	TP	Strooipoeder	2	\N
54	UL	ULV-product	1	\N
55	VP	Dampontwikkelend product	2	\N
56	WG	Waterdispergeerbaar granulaat	2	\N
57	WP	Waterdispergeerbaar poeder of spuitpoeder	2	\N
58	WS	Waterdispergeerbaar poeder voor vochtige zaadbehandeling	2	\N
59	XX	Overig, vast	2	\N
60	XY	Overig, vloeibaar	1	\N
100000	9	Dummy	100000	\N
\.


--
-- Data for Name: FytoGevaarsymbolen; Type: TABLE DATA; Schema: public; Owner: -
--

COPY "FytoGevaarsymbolen" ("GvlId", "Code", "Omschr", "Vervaldatum") FROM stdin;
1	b	Brandgevaarlijk	\N
2	o.	Ontvlambaar	\N
3	F	Licht ontvlambaar	\N
4	Xi	Irriterend	\N
5	Xn	Schadelijk	\N
6	T	Vergiftig	\N
7	T+	Zeer vergiftig	\N
8	C	Bijtend	\N
100001	XX	n.v.t.	\N
100007	O	Oxiderend	\N
100008	E	Ontplofbaar	\N
100009	F+	Zeer licht ontvlambaar	\N
100010	N	Milieugevaarlijk	\N
100011	01	GHS01 - Explosief	\N
100012	02	GHS02 - Ontvlambaar	\N
100013	03	GHS03 - Brand bevorderend (oxiderend)	\N
100014	04	GHS04 - Houder onder druk	\N
100015	05	GHS05 - Corrosief (Bijtend)	\N
100016	06	GHS06 - Toxisch (Giftig)	\N
100017	07	GHS07 - Schadelijk	\N
100018	08	GHS08 - Schadelijk voor de gezondheid op lange termijn	\N
100019	09	GHS09 - Milieugevaarlijk	\N
\.


--
-- Data for Name: FytoGevaarsymbolenProduct; Type: TABLE DATA; Schema: public; Owner: -
--

COPY "FytoGevaarsymbolenProduct" ("GptId", "PdtId", "GvlId", "Type") FROM stdin;
103984	103084	5	\N
103994	103899	5	\N
103997	103901	4	\N
104025	103940	100001	\N
104027	103951	5	\N
104028	103952	100010	\N
104036	103958	4	\N
104037	103959	100010	\N
104038	103961	4	\N
104046	103916	5	\N
104049	103982	4	\N
104054	103990	8	\N
104055	103990	100007	\N
104058	103998	100010	\N
104070	103988	5	\N
104072	104013	100010	\N
104074	103142	5	\N
104076	104016	4	\N
104079	104019	4	\N
104083	104023	5	\N
104091	104030	100001	\N
104092	104031	5	\N
104094	104033	4	\N
104108	104047	100010	\N
104111	104050	5	\N
104112	104051	5	\N
104114	104054	100001	\N
104115	104053	4	\N
104116	104055	6	\N
104117	104056	5	\N
104118	104057	5	\N
104119	104060	4	\N
104123	104064	4	\N
104129	103989	100010	\N
104130	103989	6	\N
104131	104068	5	\N
104133	104070	100010	\N
104135	104073	100001	\N
104136	104074	5	\N
104137	104076	5	\N
104138	104033	100010	\N
104139	102906	100010	\N
104141	102853	5	\N
104144	103500	100010	\N
104148	104078	5	\N
104150	104080	5	\N
104152	104082	5	\N
104153	104083	5	\N
104154	104085	5	\N
104155	104086	100009	\N
104159	104091	100010	\N
104163	104096	5	\N
104164	104095	5	\N
104172	104108	4	\N
104173	104108	100010	\N
104174	104109	4	\N
104175	104109	100010	\N
104178	104114	100010	\N
104180	104116	4	\N
104187	104120	100010	\N
104188	104120	4	\N
104189	104121	5	\N
104191	104075	100001	\N
104193	102919	5	\N
104194	102919	100010	\N
104196	103597	100010	\N
104197	104078	100010	\N
104198	103524	100010	\N
104199	104031	100010	\N
104200	102922	100010	\N
104201	103950	4	\N
104202	103950	100010	\N
104203	104082	100010	\N
104204	102837	100010	\N
104205	102915	100010	\N
104208	104051	100010	\N
104209	102883	100010	\N
104211	104016	100010	\N
104213	103646	100010	\N
104215	102579	100010	\N
104222	102909	100010	\N
104224	103571	100010	\N
104227	102920	100010	\N
104228	102926	100010	\N
104229	104123	5	\N
104231	103780	100010	\N
104232	103587	100010	\N
104233	103958	100010	\N
104234	103961	100010	\N
104235	103156	100010	\N
104236	104125	100010	\N
104238	102892	100010	\N
104239	104085	100010	\N
104240	104126	100010	\N
104241	104126	5	\N
104242	102596	100010	\N
104243	104080	100010	\N
104245	102865	100010	\N
104246	102605	100010	\N
104247	102770	7	\N
104250	104128	100010	\N
104251	104129	4	\N
104252	104130	5	\N
104255	103952	5	\N
104260	102633	100010	\N
104261	102695	100010	\N
104263	104011	100010	\N
104264	103155	100010	\N
104265	102594	100010	\N
104266	103733	100010	\N
104267	103251	8	\N
104268	103251	100010	\N
104269	102764	5	\N
104272	102930	5	\N
104273	102930	100010	\N
104274	102637	100010	\N
104275	103307	5	\N
104276	103307	100010	\N
104277	102889	100010	\N
104278	103268	8	\N
104279	102678	100010	\N
104281	102670	100010	\N
104284	104131	5	\N
104285	104131	100010	\N
104287	104133	5	\N
104289	104057	100010	\N
104290	102679	100010	\N
104291	104019	100010	\N
104292	103803	5	\N
104297	103361	5	\N
104298	103361	100010	\N
104300	103133	100010	\N
104301	103273	100010	\N
104302	104116	100010	\N
104303	104050	100010	\N
104305	104055	100010	\N
104307	104083	100010	\N
104308	103899	100010	\N
104309	104136	100010	\N
104310	104136	5	\N
104311	104137	4	\N
104312	104138	100010	\N
104314	104056	100010	\N
104316	102693	100010	\N
104317	102703	100010	\N
104318	104135	100010	\N
104325	104141	100001	\N
104326	104104	4	\N
104327	104104	100010	\N
104330	104142	100001	\N
104332	103644	4	\N
104334	102737	100010	\N
104335	104144	5	\N
104336	104145	100010	\N
104337	104145	5	\N
104339	102886	100001	\N
104341	103616	100010	\N
104343	104146	5	\N
104344	104148	100001	\N
104345	104149	4	\N
104346	104149	100009	\N
104347	104150	100009	\N
104348	104151	100010	\N
104349	104152	5	\N
104350	104152	100010	\N
104351	104153	5	\N
104352	104153	100010	\N
104354	102764	100010	\N
104356	104154	100010	\N
104357	104154	5	\N
104358	104155	100010	\N
104361	104157	100001	\N
104362	104159	5	\N
104363	104159	100010	\N
104364	102992	5	\N
104368	104162	100001	\N
104369	103951	100010	\N
105126	104546	5	\N
105127	104546	100010	\N
104375	104163	100010	\N
104762	104394	100010	\N
104763	104393	100010	\N
104764	104392	100010	\N
104765	104138	5	\N
104766	104395	100010	\N
104767	104397	100010	\N
104768	104396	100010	\N
104769	104396	5	\N
104770	104398	100010	\N
104771	104398	5	\N
104772	104399	100010	\N
104773	104399	5	\N
104774	104400	5	\N
104775	104402	5	\N
104776	104401	100010	\N
104777	104401	5	\N
104778	104400	100010	\N
104779	104402	100010	\N
104780	104403	8	\N
104781	104403	100007	\N
104782	104404	4	\N
105128	104547	100001	\N
105129	104548	6	\N
105130	104548	100010	\N
105131	104549	100001	\N
105132	104550	5	\N
105133	104551	5	\N
105134	104552	4	\N
105135	104553	100001	\N
105136	104554	100001	\N
105139	104557	100001	\N
105140	102876	100010	\N
105141	104558	100010	\N
105142	104558	5	\N
105143	103362	100001	\N
105144	104324	100001	\N
105145	102848	100010	\N
105210	104617	100001	\N
105212	104560	100010	\N
105213	104616	100001	\N
105214	104619	100001	\N
105215	104618	100010	\N
105216	102926	100018	\N
105249	104646	5	\N
105250	104648	100017	\N
105251	104648	100018	\N
105252	104648	100019	\N
105254	104649	100010	\N
105255	104645	100001	\N
105256	104649	5	\N
104783	104404	100010	\N
104786	104406	4	\N
104787	104201	100001	\N
104788	104410	5	\N
104789	104409	5	\N
104790	104408	5	\N
104791	104410	100010	\N
104792	104411	100010	\N
104793	104411	6	\N
104794	104413	100010	\N
104795	104413	5	\N
104796	104046	100001	\N
104797	103979	100001	\N
104799	104065	100001	\N
104801	104066	100001	\N
104803	104412	100010	\N
104804	104365	100001	\N
104807	104304	100001	\N
104819	104356	100001	\N
104820	104315	100001	\N
104822	104382	100001	\N
104824	104303	100001	\N
104830	104323	100001	\N
104833	104305	100001	\N
104836	104361	100001	\N
104841	104352	100001	\N
104843	104258	100001	\N
104845	104261	100001	\N
104846	104158	100001	\N
104848	104407	100001	\N
104852	104194	100001	\N
104853	104318	100001	\N
104856	104371	100001	\N
104862	104044	100001	\N
104933	104463	100010	\N
104934	104463	5	\N
104935	104464	8	\N
104936	104464	100010	\N
104937	104465	100010	\N
104938	104465	5	\N
104939	104466	100001	\N
104940	104467	100010	\N
104941	104468	100010	\N
104942	104469	100001	\N
104945	104467	100001	\N
104946	104474	100010	\N
104947	104475	6	\N
104948	104475	100010	\N
104949	104476	5	\N
104950	104476	100010	\N
104951	104477	100010	\N
105007	103676	100001	\N
105008	103678	100001	\N
105010	104512	4	\N
105011	104512	100010	\N
105012	104513	100010	\N
105013	104514	5	\N
105014	104514	100010	\N
105016	104516	100001	\N
105018	104518	5	\N
105020	104520	5	\N
105021	104520	100010	\N
105022	104521	5	\N
105023	104521	100010	\N
105027	104525	5	\N
105028	104525	100010	\N
105029	104526	100010	\N
105030	104526	4	\N
105038	104534	100001	\N
105040	104536	100010	\N
105088	104511	100010	\N
105089	104515	100010	\N
105090	104517	5	\N
105091	104519	8	\N
105092	104522	6	\N
105093	104523	100010	\N
105094	104524	100010	\N
105095	104527	4	\N
105096	104528	6	\N
105097	104529	5	\N
105098	104530	100010	\N
105099	104531	6	\N
105100	104532	100010	\N
105101	104533	5	\N
105102	104535	4	\N
105103	104537	5	\N
105104	104538	100010	\N
105105	104539	100010	\N
105106	104540	4	\N
105107	104541	100010	\N
105108	104542	5	\N
105109	104543	5	\N
105110	104544	5	\N
105111	104545	5	\N
105112	104164	100010	\N
105113	104474	6	\N
105114	104522	100010	\N
105115	104527	100010	\N
105116	104528	100010	\N
105117	104529	100010	\N
105118	104531	100010	\N
105119	104533	100010	\N
105120	104535	100010	\N
105121	104540	100010	\N
105122	104541	5	\N
105123	104542	100010	\N
105124	104544	100010	\N
105125	104545	100010	\N
104376	104163	4	\N
104382	103154	100010	\N
104383	104129	100010	\N
104384	103744	100010	\N
104385	104119	100010	\N
104386	104164	5	\N
104387	102801	100010	\N
104388	103589	100010	\N
104396	104165	5	\N
104397	104165	100010	\N
104398	103312	100010	\N
104399	104166	5	\N
104403	104168	100010	\N
104404	104168	6	\N
104413	104169	4	\N
104414	104169	100010	\N
104415	104170	100010	\N
104418	104172	100010	\N
104419	104173	100010	\N
104420	104173	4	\N
104433	102741	100010	\N
104437	104096	100010	\N
104440	103334	100010	\N
104445	102904	100010	\N
104449	104064	100010	\N
104450	104130	100010	\N
104455	104111	100010	\N
104473	104185	4	\N
104474	104185	100010	\N
104478	104187	100010	\N
104479	104188	8	\N
104480	104188	100010	\N
104482	104191	5	\N
104483	104191	100010	\N
104484	104192	4	\N
104485	104192	100010	\N
104486	104193	5	\N
104487	104193	100010	\N
104488	104195	5	\N
104489	104195	100010	\N
104490	104197	5	\N
104491	104197	100010	\N
104493	104198	4	\N
104494	104198	100010	\N
104495	104199	100001	\N
104496	104200	100001	\N
104497	104202	100009	\N
104499	104204	100010	\N
104500	104204	5	\N
104501	104205	100010	\N
104502	104205	4	\N
104503	104207	5	\N
104504	104207	100010	\N
104506	104208	100010	\N
104507	104209	100010	\N
104510	104123	100010	\N
104511	104211	100010	\N
104512	104211	5	\N
104515	104214	4	\N
104516	104214	100010	\N
104522	104217	100010	\N
104524	104218	100010	\N
104525	104218	5	\N
104526	104220	100010	\N
104527	104220	5	\N
104528	104221	4	\N
104529	104221	100010	\N
104530	104222	100010	\N
104531	104223	100001	\N
104532	104224	100010	\N
104533	104225	100010	\N
104535	102820	100010	\N
104537	104202	100010	\N
104538	102921	100010	\N
104540	104147	4	\N
104541	104070	100009	\N
104542	104146	100010	\N
104543	102604	100010	\N
104544	104072	100009	\N
104546	104227	100001	\N
104550	103455	100010	\N
104551	104228	100010	\N
104552	104228	4	\N
104553	104118	100010	\N
104558	103072	100010	\N
104559	104231	100010	\N
104560	104231	5	\N
104561	104232	100001	\N
104562	104233	100001	\N
104563	104234	5	\N
104566	104236	100001	\N
104567	104237	100010	\N
104568	104237	5	\N
104569	104238	6	\N
104570	104238	100010	\N
104571	104239	100010	\N
104572	104239	5	\N
104573	104240	100010	\N
104574	104240	5	\N
104576	104242	100010	\N
104578	104244	6	\N
104579	104244	100010	\N
104581	104245	100001	\N
104585	104248	6	\N
104586	104249	100010	\N
104588	104251	4	\N
104592	104254	6	\N
104593	104254	100010	\N
104594	104255	5	\N
104595	104255	100010	\N
104597	104086	100010	\N
104598	104225	100009	\N
104599	104257	5	\N
104600	104257	100010	\N
104601	104259	100001	\N
104602	104260	100001	\N
104603	104262	5	\N
104604	104263	100001	\N
104605	104264	100010	\N
104606	104264	4	\N
104609	104265	5	\N
104610	104265	100010	\N
104611	104266	100001	\N
104612	104074	100010	\N
104613	103047	100010	\N
104614	104267	4	\N
104615	104267	100010	\N
104616	104268	4	\N
104617	104268	100010	\N
104618	104269	4	\N
104619	104269	100010	\N
104620	104270	5	\N
104621	104270	100007	\N
104622	104270	100010	\N
104623	104271	4	\N
104624	104271	100010	\N
104629	104275	5	\N
104630	104275	100010	\N
104632	104187	4	\N
104638	104280	5	\N
104639	104280	100010	\N
104642	104282	5	\N
104643	104282	100010	\N
104644	104283	100010	\N
104645	104285	100010	\N
104646	104286	100010	\N
104647	104286	4	\N
104648	104287	5	\N
104649	104287	100010	\N
104650	104288	100010	\N
104651	104288	5	\N
104652	104289	5	\N
104653	104289	100010	\N
104654	104290	5	\N
104655	103579	100001	\N
104656	104132	100001	\N
104658	104291	6	\N
104659	104291	100010	\N
104660	104292	4	\N
104661	104294	100010	\N
104662	104295	4	\N
104663	104295	100010	\N
104664	104296	5	\N
104665	104296	100010	\N
104666	104297	5	\N
104667	104298	5	\N
104668	104298	100010	\N
104669	104299	100010	\N
104670	104300	100010	\N
104671	104301	100009	\N
104672	104302	100010	\N
104673	104306	4	\N
104674	104306	100010	\N
104675	104307	4	\N
104676	104307	100010	\N
104677	104308	4	\N
104678	104308	100010	\N
104679	104309	4	\N
104682	104311	5	\N
104683	104311	100010	\N
104684	104312	100010	\N
104685	104312	4	\N
104686	104313	100010	\N
104687	104313	4	\N
104688	104317	100007	\N
104689	104290	100010	\N
104690	104317	5	\N
104691	104319	5	\N
104692	104320	100010	\N
104693	104320	4	\N
104694	104321	100010	\N
104695	104321	5	\N
104696	104322	100010	\N
104697	104322	4	\N
104702	104325	5	\N
104705	104349	100010	\N
104706	104350	5	\N
104707	104351	100009	\N
104708	104351	100010	\N
104709	104353	100010	\N
104710	104354	4	\N
104711	104354	100010	\N
104712	104355	100010	\N
104713	104357	100010	\N
104714	104357	4	\N
104715	104358	5	\N
104716	104359	5	\N
104717	104121	100010	\N
104718	104360	100010	\N
104719	104360	5	\N
104720	104362	100010	\N
104721	104362	7	\N
104722	104363	4	\N
104723	104364	4	\N
104724	104363	100010	\N
104725	104366	100010	\N
104726	104367	100010	\N
104727	104367	5	\N
104728	104368	100010	\N
104729	104369	100010	\N
104730	104370	100010	\N
104731	104370	5	\N
104732	104372	4	\N
104733	104372	100010	\N
104734	104373	100010	\N
104735	104373	5	\N
104736	104374	100010	\N
104737	104375	100010	\N
104738	104376	4	\N
104739	104377	100010	\N
104740	104377	5	\N
104741	104376	100010	\N
104742	104378	5	\N
104743	104379	4	\N
104744	104380	100001	\N
104745	104383	5	\N
104746	104381	5	\N
104747	104381	100010	\N
104748	104383	100010	\N
104749	104384	5	\N
104750	104384	100010	\N
104751	104386	100010	\N
104752	104385	100010	\N
104753	104386	5	\N
104754	104385	5	\N
104755	104387	100010	\N
104756	104389	4	\N
104757	104388	100010	\N
104758	104390	100010	\N
104759	104390	5	\N
104760	104391	100010	\N
104761	104391	4	\N
102643	102579	4	\N
102658	102594	5	\N
102660	102596	5	\N
102664	102600	5	\N
102668	102604	4	\N
102669	102605	4	\N
102674	102610	100010	\N
102698	102633	5	\N
102708	102643	100001	\N
102709	102644	100001	\N
102736	102670	5	\N
102744	102678	4	\N
102750	102683	6	\N
102760	102693	4	\N
102762	102695	4	\N
102797	102730	5	\N
102804	102736	100010	\N
102805	102737	5	\N
102809	102741	5	\N
102838	102769	100010	\N
102839	102770	100010	\N
102866	102796	100010	\N
102867	102797	4	\N
102872	102801	4	\N
102889	102818	100001	\N
102891	102820	8	\N
102906	102835	100010	\N
102908	102837	5	\N
102909	102838	100001	\N
102914	102843	100010	\N
102917	102846	100010	\N
102919	102848	5	\N
102934	102863	100001	\N
102936	102865	5	\N
102939	102867	100010	\N
102944	102872	100010	\N
102947	102874	100001	\N
102949	102876	4	\N
102951	102878	100010	\N
102956	102883	5	\N
102963	102889	5	\N
102966	102892	5	\N
102975	102901	5	\N
102978	102904	6	\N
102979	102905	100010	\N
102980	102906	4	\N
102981	102907	100010	\N
102983	102909	5	\N
102989	102915	5	\N
102991	102917	100010	\N
102994	102920	5	\N
102995	102921	5	\N
102996	102922	5	\N
103000	102926	5	\N
103008	102934	100001	\N
103009	102935	5	\N
103023	102949	5	\N
103066	102992	100010	\N
103075	103001	100001	\N
103095	103021	5	\N
103108	103033	100001	\N
103122	103047	5	\N
103147	103072	5	\N
103159	103084	100010	\N
103164	103089	100001	\N
103195	103120	100001	\N
103208	103133	6	\N
103231	103154	5	\N
103232	103155	5	\N
103233	103156	6	\N
103277	103197	5	\N
103292	103212	4	\N
103304	103224	100001	\N
103316	103236	5	\N
103340	103260	4	\N
103349	103268	100010	\N
103354	103273	5	\N
103372	103289	100001	\N
103396	103312	5	\N
103418	103334	8	\N
103540	103455	5	\N
103554	103466	100001	\N
103575	103487	5	\N
103588	103500	5	\N
103613	103524	5	\N
103616	103527	100001	\N
103661	103571	5	\N
103678	103587	5	\N
103680	103589	5	\N
103689	103597	5	\N
103708	103616	6	\N
103716	103623	100001	\N
103740	103646	5	\N
103742	103648	100010	\N
103747	103653	100010	\N
103757	103663	5	\N
103761	103667	5	\N
103772	103678	100010	\N
103781	103687	100001	\N
103815	103721	5	\N
103827	103733	4	\N
103833	103739	4	\N
103850	103756	5	\N
103864	103770	4	\N
103874	103780	5	\N
103878	103784	100001	\N
103933	103837	100001	\N
103936	103840	100001	\N
103943	103847	100010	\N
103953	103857	4	\N
103960	103744	5	\N
103963	102610	5	\N
\.


--
-- Data for Name: FytoHoofdtoepassingsgebieden; Type: TABLE DATA; Schema: public; Owner: -
--

COPY "FytoHoofdtoepassingsgebieden" ("HtdId", "Code", "Omschr", "Vervaldatum") FROM stdin;
100000	1	HERBICIDEN	\N
100001	2	INSECTICIDEN/ACARICIDEN	\N
100002	3	FUNGICIDEN	\N
100003	4	OVERIGE MIDDELEN	\N
100004	5	HUIS- EN TUINMIDDELEN	\N
\.


--
-- Data for Name: FytoKenmerkenArtikel; Type: TABLE DATA; Schema: public; Owner: -
--

COPY "FytoKenmerkenArtikel" ("KalId", "AtkId", "AtlId", "Type") FROM stdin;
\.


--
-- Data for Name: FytoKenmerkenProduct; Type: TABLE DATA; Schema: public; Owner: -
--

COPY "FytoKenmerkenProduct" ("KptId", "PdtId", "PdkId", "Type") FROM stdin;
\.


--
-- Data for Name: FytoMaterialen; Type: TABLE DATA; Schema: public; Owner: -
--

COPY "FytoMaterialen" ("MtlId", "Code", "Omschr", "Vervaldatum") FROM stdin;
100250	51	Aluminium + PE	\N
0	0	DUMMY verpakkingsmateriaal	\N
1	1	PE (polyetheen)	\N
2	2	PE (fluor gecoat)	\N
3	3	PE (krimpfolie)	\N
4	4	PE (polyamide)	\N
5	5	PE (ethylfenylalcohol)	\N
6	6	PET	\N
7	7	Polypropyleen	\N
8	8	PVC	\N
9	9	Andere kunststof	\N
10	10	Glas	\N
11	11	Aluminium	\N
12	12	Aluminium gecoat	\N
13	13	Blik	\N
14	14	Blik gelakt	\N
15	15	Staal	\N
16	16	Staal gecoat	\N
17	17	Staal + PE	\N
18	18	Papier + PE	\N
19	19	Papier (PE gecoat)	\N
20	20	Papier (gecoat + PE)	\N
21	21	Papier (alu gecoat)	\N
22	22	Karton	\N
23	23	Karton + PE	\N
24	24	Karton + alu	\N
25	25	Karton + papier (PE gecoat)	\N
26	26	Karton + papier (ALU gecoat)	\N
27	27	Karton + PE + WOF	\N
28	28	PE + WOF	\N
29	29	Papier (gecoat) + WOF	\N
30	30	Papier + PE + WOF	\N
31	31	Hout (verpakking)	\N
32	32	Hout (pallets)	\N
33	33	PP + PE (big bags)	\N
34	34	PE/hout/metaal (bulk)	\N
35	35	PE/metaal (bulk)	\N
36	36	Bulk (los verpakt)	\N
37	37	Hout(pallets) + krimpfolie	\N
50	50	Overige	\N
\.


--
-- Data for Name: FytoMaterialenStdVerpak; Type: TABLE DATA; Schema: public; Owner: -
--

COPY "FytoMaterialenStdVerpak" ("MsgId", "MtlId", "SdgId", "Gewicht", "HoofdmateriaalJn", "Type") FROM stdin;
100002	1	100252	57	t	\N
100003	6	100253	56	t	\N
100004	11	100484	110	t	\N
100007	4	100257	77	t	\N
100013	1	100263	150	t	\N
100022	1	100272	1295	t	\N
100069	1	100270	265	t	\N
100100	22	100332	350	t	\N
100101	6	100333	320	t	\N
100102	22	100334	500	t	\N
100103	6	100335	370	t	\N
100104	22	100336	221	t	\N
100105	9	100337	16000	t	\N
100106	23	100338	98	t	\N
100107	22	100339	2000	t	\N
100108	28	100340	50	t	\N
100109	22	100341	2255	t	\N
100110	18	100342	221	t	\N
100111	0	100343	0	t	\N
100213	1	100447	80	t	\N
100214	4	100448	125	t	\N
100215	1	100449	325	t	\N
100216	4	100450	305	t	\N
100217	1	100451	425	t	\N
100218	4	100452	425	t	\N
100219	9	100453	51	t	\N
100220	9	100454	35	t	\N
100221	25	100455	110	t	\N
100222	25	100456	120	t	\N
100223	23	100457	70	t	\N
100224	23	100458	69	t	\N
100225	25	100460	255	t	\N
100226	25	100471	106	t	\N
100227	19	100461	30	t	\N
100228	19	100462	40	t	\N
100229	19	100464	80	t	\N
100230	19	100463	80	t	\N
100231	19	100465	150	t	\N
100232	19	100466	150	t	\N
100233	19	100467	180	t	\N
100234	19	100468	170	t	\N
100235	19	100469	258	t	\N
100236	19	100470	334	t	\N
100237	22	100472	600	t	\N
100238	37	100473	23031	t	\N
100239	22	100474	1180	t	\N
100240	22	100475	8800	t	\N
100241	22	100476	1520	t	\N
100242	22	100477	1600	t	\N
100243	22	100478	720	t	\N
100244	22	100479	990	t	\N
100245	22	100480	895	t	\N
100246	22	100481	600	t	\N
100247	23	100459	295	t	\N
100248	1	100445	18000	t	\N
100249	11	100446	0	t	\N
100250	18	100254	35	t	\N
100251	18	100482	100	t	\N
100252	18	100483	30	t	\N
100253	11	100485	115	t	\N
100254	18	100486	226	t	\N
100255	6	100487	58	t	\N
100256	1	100488	248	t	\N
100257	21	100489	85	t	\N
100258	23	100490	323	t	\N
100259	23	100491	638	t	\N
100260	1	100494	168	t	\N
100261	1	100495	274	t	\N
100262	1	100496	665	t	\N
100263	6	100497	42	t	\N
100264	23	100492	89	t	\N
100265	6	100493	38	t	\N
100266	25	100498	102	t	\N
100267	1	100499	58	t	\N
100268	1	100500	220	t	\N
100269	1	100501	350	t	\N
100270	19	100502	375	t	\N
100271	2	100503	220	t	\N
100272	25	100504	230	t	\N
100273	4	100505	58	t	\N
100274	25	100506	75	t	\N
100275	1	100507	102	t	\N
100276	19	100508	141	t	\N
100277	25	100509	90	t	\N
100278	9	100510	2	t	\N
100279	4	100511	32	t	\N
100280	21	100512	51	t	\N
100281	1	100513	32	t	\N
100282	32	100514	15000	t	\N
100283	22	100515	720	t	\N
100284	22	100516	1116	t	\N
100285	22	100517	1000	t	\N
100286	22	100518	800	t	\N
100287	22	100519	400	t	\N
100288	22	100520	400	t	\N
100289	22	100521	600	t	\N
100290	22	100522	1255	t	\N
100291	22	100523	600	t	\N
100292	22	100524	1278	t	\N
100293	22	100525	600	t	\N
100294	22	100526	200	t	\N
100295	22	100527	500	t	\N
100296	22	100528	500	t	\N
100335	1	100560	407	t	\N
100336	21	100561	119	t	\N
100337	23	100562	101	t	\N
100338	23	100563	113	t	\N
100339	24	100564	67	t	\N
100340	24	100565	80	t	\N
100341	24	100566	298	t	\N
100342	1	100567	13	t	\N
100343	1	100568	16.5	t	\N
100344	1	100569	32	t	\N
100345	1	100570	55	t	\N
100346	1	100574	83	t	\N
100347	1	100571	32	t	\N
100348	1	100572	45	t	\N
100349	1	100573	133	t	\N
100350	1	100261	280	t	\N
100351	1	100575	771	t	\N
100352	1	100576	940	t	\N
100353	1	100577	2760	t	\N
100354	1	100578	8000	t	\N
100355	4	100579	49	t	\N
100356	4	100580	220	t	\N
100357	4	100581	60	t	\N
100358	4	100582	49	t	\N
100359	4	100583	300	t	\N
100360	26	100584	50	t	\N
100361	19	100585	120	t	\N
100362	19	100586	257	t	\N
100363	19	100587	40	t	\N
100364	26	100588	78	t	\N
100365	27	100589	15	t	\N
100366	4	100264	94	t	\N
100496	6	100267	168	t	\N
100497	19	100268	40	t	\N
100498	15	100269	18500	t	\N
100499	6	100265	70	t	\N
100500	1	100266	100	t	\N
100501	15	100719	2000	t	\N
100502	1	100720	470	t	\N
100503	22	100721	680	t	\N
100504	22	100722	870	t	\N
100505	9	100723	300	t	\N
100506	22	100724	680	t	\N
100518	22	100735	530	t	\N
100519	22	100736	340	t	\N
100520	22	100737	900	t	\N
100521	22	100738	1000	t	\N
100523	22	100778	300	t	\N
100524	22	100776	300	t	\N
100525	23	100750	100	t	\N
100526	1	100751	100	t	\N
100527	18	100752	316	t	\N
100528	23	100753	365	t	\N
100529	1	100754	248	t	\N
100530	18	100755	198	t	\N
100531	22	100783	300	t	\N
100532	32	100765	7500	t	\N
100533	32	100766	7500	t	\N
100534	32	100767	7500	t	\N
100535	32	100768	7500	t	\N
100536	32	100769	7500	t	\N
100537	32	100770	7500	t	\N
100538	32	100771	7500	t	\N
100539	22	100759	300	t	\N
100540	22	100760	300	t	\N
100541	22	100761	300	t	\N
100542	22	100762	300	t	\N
100543	22	100763	300	t	\N
100544	22	100779	300	t	\N
100545	22	100780	300	t	\N
100546	22	100781	300	t	\N
100547	22	100782	300	t	\N
100548	32	100772	7500	t	\N
100549	32	100773	7500	t	\N
100550	32	100774	7500	t	\N
100551	32	100739	7500	t	\N
100552	32	100775	7500	t	\N
100553	32	100757	7500	t	\N
100554	22	100749	300	t	\N
100555	2	100758	224	t	\N
100556	22	100764	300	t	\N
100557	22	100777	300	t	\N
100590	4	100822	55	t	\N
100591	1	100823	9	t	\N
100592	9	100824	18	t	\N
100593	12	100825	87.5	t	\N
100594	1	100826	800	t	\N
100595	21	100829	43	t	\N
100596	33	100831	36	t	\N
100597	21	100832	240	t	\N
100598	21	100833	138	t	\N
100599	1	100837	24.5	t	\N
100600	9	100838	70	t	\N
100601	9	100839	13.5	t	\N
100602	12	100840	74.5	t	\N
100603	1	100841	90	t	\N
100604	1	100842	1500	t	\N
100605	19	100843	280	t	\N
100606	1	100844	27	t	\N
100607	19	100845	12.4000000000000004	t	\N
100608	19	100846	135	t	\N
100609	21	100847	87	t	\N
100618	9	100856	100	t	\N
100619	1	100857	2975	t	\N
100620	23	100898	45	t	\N
100621	50	100899	1.80000000000000004	t	\N
100622	50	100900	1.80000000000000004	t	\N
100623	50	100901	12.4000000000000004	t	\N
100624	9	100902	10	t	\N
100626	22	100904	1114	t	\N
100627	1	100905	1126.20000000000005	t	\N
100628	1	100906	259.5	t	\N
100629	1	100907	90	t	\N
100630	22	100908	900	t	\N
100631	22	100909	505	t	\N
100632	50	100910	0	t	\N
100633	50	100911	1	t	\N
100634	32	100912	7500	t	\N
100635	32	100913	7500	t	\N
100636	32	100914	7500	t	\N
100637	1	100915	155	t	\N
100638	22	100916	600	t	\N
100639	1	100917	50	t	\N
100640	22	100918	220	t	\N
100641	22	100919	220	t	\N
100642	9	100920	700	t	\N
100643	32	100921	7500	t	\N
100644	32	100922	7500	t	\N
100645	32	100923	7500	t	\N
100646	32	100924	7500	t	\N
100647	19	100925	258	t	\N
100680	32	100958	7500	t	\N
100681	1	100959	10500	t	\N
100684	6	100962	38	t	\N
100685	22	100963	22	t	\N
100686	32	100964	7500	t	\N
100687	32	100965	7500	t	\N
100689	6	100967	58	t	\N
100690	1	100968	350	t	\N
100691	1	100969	1380	t	\N
100692	1	100970	3100	t	\N
100693	6	100971	35	t	\N
100694	1	100972	102	t	\N
100695	1	100973	305	t	\N
100696	11	100974	30	t	\N
100697	21	100975	3	t	\N
100698	6	100976	37	t	\N
100699	18	100977	102	t	\N
100700	22	100978	1490	t	\N
100701	22	100979	360	t	\N
100702	22	100980	442	t	\N
100703	22	100981	450	t	\N
100704	22	100982	26	t	\N
100705	22	100983	1401	t	\N
100706	32	100984	24000	t	\N
100707	21	100985	166	t	\N
100708	4	100986	58	t	\N
100709	1	100987	100	t	\N
100710	23	100988	450	t	\N
100711	4	100989	238	t	\N
100712	18	100990	320	t	\N
100713	18	100991	200	t	\N
100714	2	100992	239	t	\N
100715	15	100993	22000	t	\N
100716	18	100994	46	t	\N
100717	6	100995	69	t	\N
100718	2	100996	231	t	\N
100719	6	100997	38	t	\N
100720	23	100998	50	t	\N
100721	18	100999	116	t	\N
100723	50	101001	15	t	\N
100724	32	101002	7500	t	\N
100725	23	101003	500	t	\N
100726	32	101004	7500	t	\N
100727	1	101005	8000	t	\N
100728	1	101006	1100	t	\N
100729	13	101007	50	t	\N
100730	22	101008	300	t	\N
100731	32	101009	7500	t	\N
100732	32	101011	7500	t	\N
100733	22	101010	300	t	\N
100738	6	101016	105	t	\N
100739	9	101022	8	t	\N
100740	1	101033	45	t	\N
100741	1	101028	30	t	\N
100742	9	101026	32	t	\N
100743	9	101030	60	t	\N
100744	9	101029	55	t	\N
100745	50	101035	61.2000000000000028	t	\N
100746	50	101034	55.3999999999999986	t	\N
100747	12	101017	58.5	t	\N
100748	9	101018	60	t	\N
100749	1	101023	8	t	\N
100750	1	101024	14	t	\N
100751	9	101025	14	t	\N
100752	1	101027	32	t	\N
100753	1	101032	45	t	\N
100754	1	101031	32	t	\N
100755	1	101020	9	t	\N
100756	1	101019	32	t	\N
100757	9	101021	9	t	\N
100832	18	101286	226	t	\N
100833	1	101287	665	t	\N
100834	18	101288	35	t	\N
100835	18	101289	100	t	\N
100836	1	101290	71	t	\N
100837	22	101291	170	t	\N
100838	6	101292	40	t	\N
100839	22	101293	196	t	\N
100840	22	101294	240	t	\N
100841	22	101295	940	t	\N
100842	26	101296	1050	t	\N
100843	22	101297	820	t	\N
100844	32	101298	21000	t	\N
100845	32	101299	21600	t	\N
100846	32	101300	23280	t	\N
100847	32	101301	20760	t	\N
100848	32	101302	22740	t	\N
100849	32	101303	21440	t	\N
100850	32	101304	29720	t	\N
100854	1	101308	1224	t	\N
100855	50	101309	44	t	\N
100856	25	101310	110	t	\N
100857	23	101311	720	t	\N
100858	1	101312	3000	t	\N
100859	1	101313	300	t	\N
100861	1	101315	18000	t	\N
100862	1	101316	100	t	\N
100863	32	101317	7500	t	\N
100864	22	101318	300	t	\N
100867	15	101321	21500	t	\N
100870	23	101325	650	t	\N
100871	32	101324	7500	t	\N
100872	4	101326	85	t	\N
100873	4	101327	89	t	\N
100874	4	101328	270	t	\N
100875	4	101329	440	t	\N
100876	1	101330	70	t	\N
100877	23	101331	100	t	\N
100878	1	101332	50	t	\N
100879	18	101333	235	t	\N
100880	17	101334	64000	t	\N
100881	1	101335	900	t	\N
100882	17	101336	21500	t	\N
100883	17	101337	8400	t	\N
100884	1	101338	300	t	\N
100885	1	101339	250	t	\N
100886	24	101340	140	t	\N
100887	1	101341	89	t	\N
100888	4	101342	106	t	\N
100889	26	101343	700	t	\N
100890	26	101344	900	t	\N
100891	1	101345	416	t	\N
100892	9	101346	25	t	\N
100893	21	101347	700	t	\N
100894	22	101348	135	t	\N
100895	17	101349	3	t	\N
100896	1	101350	2	t	\N
100897	1	101351	38	t	\N
100898	18	101352	312	t	\N
100899	33	101353	312	t	\N
100900	22	101354	375	t	\N
100901	1	101355	246	t	\N
100902	4	101356	296	t	\N
100903	1	101357	175	t	\N
100904	24	101358	460	t	\N
100905	1	101359	63	t	\N
100906	0	101360	1	t	\N
100907	1	101361	8	t	\N
100908	22	101362	1190	t	\N
100909	32	101363	21060	t	\N
100910	22	101364	104	t	\N
100911	24	101365	67	t	\N
100912	22	101366	660	t	\N
100913	24	101367	252	t	\N
100914	22	101368	660	t	\N
100915	23	101369	20	t	\N
100916	22	101370	1050	t	\N
100917	32	101371	21000	t	\N
100918	32	101372	7500	t	\N
100922	21	101376	240	t	\N
100923	4	101377	270	t	\N
100924	4	101378	89	t	\N
100925	4	101379	246	t	\N
100926	24	101380	140	t	\N
100927	23	101381	100	t	\N
100928	17	101382	21500	t	\N
100929	1	101383	8	t	\N
100931	7	101385	200	t	\N
100932	1	101386	111	t	\N
100933	1	101387	175	t	\N
100934	22	101388	300	t	\N
100935	19	101389	111	t	\N
100936	1	101390	280	t	\N
100937	1	101391	407	t	\N
100938	21	101392	119	t	\N
100939	23	101393	113	t	\N
100940	24	101394	67	t	\N
100941	24	101395	298	t	\N
100942	1	101396	20	t	\N
100943	1	101397	6.5	t	\N
100944	1	101398	32	t	\N
100945	1	101399	64	t	\N
100946	1	101400	110	t	\N
100947	4	101401	55	t	\N
100948	1	101402	9	t	\N
100949	9	101403	13.5	t	\N
100950	9	101404	52	t	\N
100951	9	101405	70	t	\N
100952	12	101406	99	t	\N
100953	12	101417	80	t	\N
100954	19	101407	280	t	\N
100955	19	101408	12.4000000000000004	t	\N
100956	23	101409	45	t	\N
100957	50	101410	1.80000000000000004	t	\N
100958	50	101411	1.80000000000000004	t	\N
100959	50	101412	12.4000000000000004	t	\N
100960	50	101413	12	t	\N
100961	50	101414	1	t	\N
100962	50	101415	26	t	\N
100963	1	101416	32	t	\N
100964	1	101418	65	t	\N
100965	1	101419	65	t	\N
100966	1	101420	50	t	\N
100967	1	101421	32	t	\N
100968	9	101422	32	t	\N
100969	9	101423	97	t	\N
100970	9	101424	83	t	\N
100971	9	101425	14	t	\N
100972	1	101426	14	t	\N
100973	1	101427	24	t	\N
100974	9	101428	8	t	\N
100975	9	101429	9	t	\N
100976	1	101430	32	t	\N
100977	12	101431	70	t	\N
100978	50	101432	52	t	\N
100979	50	101433	78	t	\N
100980	50	101434	44	t	\N
100981	1	101435	100	t	\N
100982	22	101436	135	t	\N
100983	1	101437	2	t	\N
100984	1	101438	38	t	\N
100985	18	101439	312	t	\N
100986	1	101440	246	t	\N
100987	1	101441	63	t	\N
100988	9	101442	14	t	\N
100990	0	101444	100	t	\N
100991	32	101445	640	t	\N
100992	32	101446	360	t	\N
100993	32	101447	400	t	\N
100994	32	101448	600	t	\N
100996	0	101450	15	t	\N
100997	0	101451	50	t	\N
100998	1	101452	77	t	\N
100999	22	101453	3000	t	\N
101000	22	101454	3000	t	\N
101001	22	101455	3000	t	\N
101002	22	101456	3000	t	\N
101003	22	101457	3000	t	\N
101004	22	101458	2000	t	\N
101005	4	101459	112	t	\N
101007	1	101462	400	t	\N
101008	1	101463	500	t	\N
101009	50	101464	50	t	\N
101010	50	101465	115	t	\N
101011	0	101466	67	t	\N
101012	0	101467	30	t	\N
101013	18	101469	179	t	\N
101014	1	101470	83	t	\N
101015	1	101471	272	t	\N
101016	22	101472	575	t	\N
101017	22	101473	770	t	\N
101018	4	101474	90	t	\N
101019	22	101475	480	t	\N
101020	22	101476	720	t	\N
101021	4	101477	110	t	\N
101022	4	101478	250	t	\N
101023	4	101479	27	t	\N
101024	22	101480	500	t	\N
101025	4	101481	78	t	\N
101026	22	101482	600	t	\N
101027	22	101483	950	t	\N
101029	22	101485	3000	t	\N
101030	1	101486	1050	t	\N
101031	1	101487	12	t	\N
101032	22	101489	3000	t	\N
101033	50	101488	2	t	\N
101034	22	101490	370	t	\N
101035	32	101491	20144	t	\N
101037	22	101493	620	t	\N
101038	18	101494	334	t	\N
101039	18	101495	20	t	\N
101040	22	101496	12	t	\N
101041	1	101497	500	t	\N
101042	1	101498	100	t	\N
101043	4	101499	54	t	\N
101044	22	101500	650	t	\N
101047	9	101503	500	t	\N
101048	1	101504	50	t	\N
101049	0	101505	50	t	\N
101054	50	101510	2000	t	\N
101057	24	101513	120	t	\N
101058	22	101514	770	t	\N
101059	1	101515	98	t	\N
101060	22	101516	300	t	\N
101061	7	101517	96	t	\N
101062	22	101518	430	t	\N
101111	1	101468	400	t	\N
101112	50	101564	10	t	\N
101113	1	101565	300	t	\N
101114	1	101566	200	t	\N
101115	1	101567	150	t	\N
101116	1	101568	800	t	\N
101117	22	101569	300	t	\N
101118	1	101570	8500	t	\N
101119	22	101571	3000	t	\N
101120	1	101572	280	t	\N
101121	1	101573	407	t	\N
101122	1	101574	225	t	\N
101123	1	101575	1064	t	\N
101124	1	101576	50	t	\N
101125	1	101577	500	t	\N
101126	1	101578	180	t	\N
101127	0	101579	1	t	\N
101128	6	101581	17	t	\N
101129	1	101582	5500	t	\N
101130	1	101583	70000	t	\N
101131	1	101584	400	t	\N
101132	1	101585	250	t	\N
101133	9	101586	250	t	\N
101134	9	101587	83	t	\N
101135	9	101588	400	t	\N
101136	1	101589	86	t	\N
101137	1	101590	86006	t	\N
101138	1	101591	1070	t	\N
101139	18	101593	356	t	\N
101140	18	101594	179	t	\N
101141	18	101595	346	t	\N
101142	18	101596	338	t	\N
101143	18	101580	90	t	\N
101144	100250	101592	60	t	\N
101145	14	101597	1182	t	\N
101146	14	101598	433	t	\N
101147	14	101599	67	t	\N
101148	0	101600	1000	t	\N
101149	1	101601	1280	t	\N
101150	1	101602	300	t	\N
101151	1	101603	110	t	\N
101152	22	101604	770	t	\N
101153	18	101605	65	t	\N
101154	25	101606	100	t	\N
101155	22	101607	745	t	\N
101156	4	101608	110	t	\N
101157	4	101609	92	t	\N
101158	1	101610	350	t	\N
101159	1	101611	250	t	\N
101160	22	101612	300	t	\N
101161	1	101613	100	t	\N
101162	0	101614	3000	t	\N
101163	50	101615	1.80000000000000004	t	\N
101164	18	101616	100	t	\N
101165	22	101617	100	t	\N
101166	22	101618	100	t	\N
101167	5	101619	50	t	\N
101168	22	101620	100	t	\N
101169	22	101621	100	t	\N
101170	22	101622	100	t	\N
101171	19	101623	100	t	\N
101172	16	101624	1000	t	\N
101173	16	101625	10000	t	\N
101174	16	101626	9000	t	\N
101175	22	101627	100	t	\N
101176	22	101628	920	t	\N
101177	4	101629	86	t	\N
101178	22	101630	690	t	\N
101179	32	101631	20990	t	\N
101180	4	101632	285	t	\N
101181	0	101633	25	t	\N
101182	1	101634	73	t	\N
101183	22	101635	545	t	\N
101184	1	101636	180	t	\N
101185	22	101637	560	t	\N
101186	0	101638	1	t	\N
101187	0	101639	1	t	\N
101188	0	101640	1	t	\N
101189	0	101641	1	t	\N
101190	0	101642	1	t	\N
101191	0	101643	1	t	\N
101195	15	101647	42000	t	\N
101196	22	101648	179	t	\N
101197	4	101649	32	t	\N
101198	0	101650	1	t	\N
101199	0	101651	1	t	\N
101200	0	101652	1	t	\N
101201	0	101653	1	t	\N
101202	0	101654	1	t	\N
101203	0	101655	1	t	\N
101204	0	101656	1	t	\N
101205	22	101657	100	t	\N
101206	12	101658	20	t	\N
101207	0	101659	1	t	\N
101208	0	101660	1	t	\N
101209	0	101661	1	t	\N
101210	22	101662	400	t	\N
101211	0	101663	1	t	\N
101212	22	101664	100	t	\N
101213	22	101665	26	t	\N
101214	22	101666	100	t	\N
101215	22	101667	100	t	\N
101216	0	101668	1	t	\N
101217	0	101669	1	t	\N
101218	1	101670	1	t	\N
101219	1	101672	1	t	\N
101220	1	101671	1	t	\N
101221	1	101673	1	t	\N
101222	0	101674	1	t	\N
101223	0	101677	1	t	\N
101224	0	101675	1	t	\N
101225	0	101676	1	t	\N
101226	0	101678	1	t	\N
101227	4	101679	180	t	\N
101228	22	101680	1640	t	\N
101229	32	101681	21000	t	\N
101230	12	101682	10000	t	\N
101231	22	101683	400	t	\N
101233	22	101685	375	t	\N
101234	8	101686	54	t	\N
101235	7	101687	499	t	\N
101236	22	101688	75	t	\N
101237	1	101689	60	t	\N
101238	1	101690	8200	t	\N
101239	22	101691	500	t	\N
101240	12	101692	50000	t	\N
101241	22	101693	580	t	\N
101242	22	101694	100	t	\N
101243	22	101695	400	t	\N
101244	1	101696	60	t	\N
101245	22	101697	500	t	\N
101246	9	101698	50	t	\N
101247	0	101699	1	t	\N
101248	0	101700	1	t	\N
101249	1	101701	110	t	\N
101251	22	101704	834	t	\N
101252	50	101702	1800	t	\N
101253	11	101706	100	t	\N
101254	23	101705	460	t	\N
101255	5	101703	160	t	\N
101256	23	101707	560	t	\N
101257	7	101708	715	t	\N
101258	18	101709	550	t	\N
101259	7	101710	180	t	\N
101260	22	101711	400	t	\N
101261	9	101712	177	t	\N
101262	1	101713	796	t	\N
101263	1	101714	92	t	\N
101264	9	101715	296	t	\N
101265	22	101716	834	t	\N
101266	0	101717	1	t	\N
101267	2	101718	748	t	\N
101268	1	101719	220	t	\N
101269	22	101720	299	t	\N
101270	0	101721	500	t	\N
101271	1	101722	87	t	\N
101272	9	101723	360	t	\N
101273	4	101724	99	t	\N
101274	26	101725	500	t	\N
101275	9	101726	100	t	\N
101276	1	101727	220	t	\N
101277	0	101728	1	t	\N
101278	9	101729	300	t	\N
101279	18	101730	77	t	\N
101281	1	101731	100	t	\N
101283	1	101732	1650	t	\N
101284	1	101733	92	t	\N
101285	22	101734	50	t	\N
101286	1	101735	31	t	\N
101287	22	101736	360	t	\N
101288	32	101737	21780	t	\N
101289	1	101738	181	t	\N
101290	32	101739	21450	t	\N
101291	32	101740	18740	t	\N
101292	1	101741	92	t	\N
101293	22	101742	1564	t	\N
101294	22	101743	165	t	\N
101295	1	101744	12	t	\N
101296	1	101745	232	t	\N
101297	50	101746	1	t	\N
101298	8	101747	1	t	\N
101299	12	101748	99	t	\N
101308	1	101756	200	t	\N
101309	1	101768	200	t	\N
101310	1	101767	90	t	\N
101311	1	101764	210	t	\N
101312	1	101765	390	t	\N
101313	1	101766	450	t	\N
101314	1	101769	350	t	\N
101315	1	101770	500	t	\N
101388	1	101843	460	t	\N
101389	1	101844	480	t	\N
101390	1	101845	440	t	\N
101391	1	101846	510	t	\N
101392	1	101847	330	t	\N
101393	1	101848	490	t	\N
101394	1	101849	450	t	\N
101395	1	101850	300	t	\N
101396	1	101851	500	t	\N
101397	1	101852	400	t	\N
101398	1	101853	550	t	\N
101399	1	101854	750	t	\N
101400	1	101855	350	t	\N
101401	18	101856	200	t	\N
101402	1	101857	700	t	\N
101403	9	101858	680	t	\N
101404	23	101859	430	t	\N
101405	18	101860	200	t	\N
101406	1	101861	700	t	\N
101407	1	101862	1000	t	\N
101408	18	101863	140	t	\N
101409	13	101864	580	t	\N
101410	1	101865	420	t	\N
101411	18	101866	150	t	\N
101412	32	101868	11800	t	\N
101413	1	101867	240	t	\N
101414	32	101742	1180	f	\N
101507	1	101915	160	t	\N
101508	4	101915	17	f	\N
101515	22	101922	500	t	\N
101516	1	101924	365.5	t	\N
101517	1	101923	93	t	\N
101526	22	101935	929	t	\N
101527	7	101936	60	t	\N
\.


--
-- Data for Name: FytoMilieuEffecten; Type: TABLE DATA; Schema: public; Owner: -
--

COPY "FytoMilieuEffecten" ("MetId", "Code", "Omschr", "Vervaldatum") FROM stdin;
\.


--
-- Data for Name: FytoMilieuEffectenProduct; Type: TABLE DATA; Schema: public; Owner: -
--

COPY "FytoMilieuEffectenProduct" ("MctId", "PdtId", "MetId", "Type") FROM stdin;
\.


--
-- Data for Name: FytoMilieucategorieen; Type: TABLE DATA; Schema: public; Owner: -
--

COPY "FytoMilieucategorieen" ("MieId", "Code", "Omschr", "Vervaldatum") FROM stdin;
\.


--
-- Data for Name: FytoMilieucodesClm; Type: TABLE DATA; Schema: public; Owner: -
--

COPY "FytoMilieucodesClm" ("McmId", "Code", "Omschr", "Vervaldatum") FROM stdin;
\.


--
-- Data for Name: FytoMutatieImport; Type: TABLE DATA; Schema: public; Owner: -
--

COPY "FytoMutatieImport" ("MtiId", "DnrId", "Versie", "SubVersie", "TabelAlias", "Importdatum", "HerimporterenJn") FROM stdin;
\.


--
-- Data for Name: FytoOZinnen; Type: TABLE DATA; Schema: public; Owner: -
--

COPY "FytoOZinnen" ("OznId", "Code", "Omschr", "Vervaldatum", "Type") FROM stdin;
100080	0017	Kan aanleiding geven tot zelfontbranding, speciaal onder vochtige omstandigheden. (R)	\N	\N
100082	0015	Draag geschikte oogbescherming bij het aanmaken van de spuitvloeistof.	\N	\N
100083	0014	Draag geschikte handschoenen en een beschermingsmiddel voor de mond, ook bij het beplanten van behandelde grond.	\N	\N
100084	0013	Vermijd het gebruik van apparatuur welke aanleiding kan geven tot stofvorming. (S)	\N	\N
100085	0012	Rekening houden met de windrichting. Let in dit verband ook op aangrenzende consumptiegewassen.	\N	\N
100106	0043	Draag geschikte ademhalingsbescherming vanaf het openen van de verpakking tot en met het bereiden van de spuitoplossing.	\N	\N
100107	0042	Behandelde zaden niet voor menselijke of dierlijke consumptie bestemmen.	\N	\N
100108	0041	Behandelde pootaardappelen niet voor menselijke of dierlijke consumptie bestemmen.	\N	\N
100109	0040	Draag geschikte handschoenen tijdens het mengen/laden en tijdens het sorteren van behandelde pootaardappelen.	\N	\N
100111	0038	De toepassing door middel van een vliegtuig is verboden.	\N	\N
100112	0037	Draag geschikte laarzen en een hoofddeksel.	\N	\N
100113	0036	Draag een geschikt ademhalingsbeschuttingsmiddel (volgelaatsmasker of luchtkap met aanblaascombinatiefilter (P2-voorfilter + A2-koolfilter).	\N	\N
100115	0034	Gebruik geen alcoholische dranken, voor en na de toepassing.	\N	\N
100132	0046	Gebruik geen alcoholische dranken voor, tijdens en na de toepassing.	\N	\N
100133	0045	Draag geschikte ademhalingsbescherming vanaf het openen van de verpakking tot en met het spuiten.	\N	\N
100144	0055	Verkoop alleen toegestaan in onze ongeopende originele verpakking	\N	\N
100145	0054	Droog en achter slot bewaren	\N	\N
100146	0053	Niet gebruiken in de buurt van (tuin-)vijvers gezien het mogelijke effect op waterorganismen.	\N	\N
100147	0052	Droog en koel bewaren	\N	\N
100148	0051	Na gebruik zorgvuldig de handen wassen.	\N	\N
100149	0050	Vorstvrij bewaren.	\N	\N
100150	0049	Droog bewaren.	\N	\N
100151	0048	Niet toepassen in vijvers of aquaria.	\N	\N
100152	0047	Droog, koel en donker bewaren.	\N	\N
100155	0057	Inhoud alleen in de oorspronkelijke verpakking bewaren. Verpakking niet opnieuw gebruiken	\N	\N
100156	0056	Kan irritatie veroorzaken	\N	\N
100176	0065	Rattenbestrijders, die dit middel veelvuldig toepassen, dienen bij medische en tandheelkundige behandeling mede te delen, dat met anticoagulantia wordt gewerkt.	\N	\N
100177	0064	Opname door de mond vermijden.	\N	\N
100179	0063	Houder onder druk.	\N	\N
100180	0062	Ook na gebruik niet doorboren of verbranden.	\N	\N
100181	0061	Alvorens de behandelde ruimte te betreden eerst grondig luchten.	\N	\N
100187	0060	Gebruikte bussen uitsluitend in het vuilnisvat deponeren.	\N	\N
100189	0059	Kort voor, tijdens en kort na het toepassen geen alcoholische dranken gebruiken.	\N	\N
100190	0058	Sterk irriterend voor de huid.	\N	\N
100223	0067	Het is niet toegestaan dit middel toe te passen d.m.v. een met de hand getrokken of geduwde spuitboom (spuitfiets).	\N	\N
100224	0068	Verontreinigde kleding onmiddellijk uittrekken en de huid wassen. Was de kleren voor u ze opnieuw gebruikt.	\N	\N
100225	0069	Bij een ongeval met dit product onmiddellijk een arts raadplegen (indien mogelijk hem dit etiket tonen).	\N	\N
100226	0070	Mensen die dit product hebben ingeslikt of in de mond hebben gehad moeten onmiddellijk naar een ziekenhuis worden vervoerd waaraan een beademingscentrum is verbonden.	\N	\N
100228	0072	Draag geschikte beschermende kleding, handschoenen en een beschermingsmiddel voor het gezicht tijdens het aanmaken van de spuitvloeistof.	\N	\N
100229	0073	Draag geschikte beschermende kleding, pvc-handschoenen en een bescherming voor het gezicht gedurende het mengen, laden en toepassen van het middel.	\N	\N
100230	0074	Iedere dag dienen nieuwe pvc-handschoenen gedragen te worden.	\N	\N
100438	0907R	Na een gewas- of ruimtebehandeling uitsluitend herbetreden nadat de spuitvloeistof is opgedroogd en er in de kassen gedurende 2 uur geventileerd is.	\N	\N
100232	0076	Draag geschikte beschermende kleding en handschoenen indien men werkt in een behandeld gewas.	\N	\N
100233	0077	Draag geschikte handschoenen indien men werkt met behandelde bollen.	\N	\N
100234	0078	Indien huidreacties optreden a.g.v. overgevoeligheid voor Shirlan Flow, niet meer werken met dit product of met dit product behandelde planten of bollen.	\N	\N
100439	0007	Kan bij gebruik ontvlambaar worden.	\N	\N
100444	0909R	De wachttijd tussen de laatste toepassing en de eerste herbetredingswerkzaamheden bedraagt: in boomgaarden (appels peren, perziken) 4 dagen zonder handschoenen, 1 dag met handschoenen.  In andere teelten 3 dagen zonder handschoenen en 0 dagen met handschoenen.	\N	\N
100237	0082	Droog, koel en in goed gesloten originele verpakking bewaren.	\N	\N
100238	0081	Vorstvrij, goed gesloten in originele verpakking bewaren.	\N	\N
100239	0084	Dit middel is gevaarlijk voor bijen en hommels. Niet toegestaan is toepassing in bloeiende gewassen of in gewassen wanneer deze actief bezocht worden door bijen of hommels.	\N	\N
100240	0083	Niet toegestaan is toepassing wanneer bloeiende onkruiden aanwezig zijn.	\N	\N
100241	0085	Schudden voor gebruik	\N	\N
100242	0086	Niet voor onkruiden in het gazon	\N	\N
100243	0087	Voorkom uitspoeling naar vijvers	\N	\N
100244	0088	Na aanraking met de huid onmiddellijk met overvloedig water afspoelen	\N	\N
100251	0089	Draag een volgelaatsmasker voorzien van A2P2-filter vanaf het openen van de verpakking tot en met het toepassen van het middel.	\N	\N
100254	0090	Na gebruik handen wassen	\N	\N
100255	0091	Niet spuiten in de richting van een vlam of een gloeiend voorwerp	\N	\N
100256	0092	Beschermen tegen de zon en niet blootstellen aan een hogere temperatuur dan 50 C.	\N	\N
100265	0093	Behandeld zaad niet voor menselijke of dierlijke consumptie gebruiken.	\N	\N
100445	0031	Draag geschikte beschermende kleding en handschoenen tijdens het mengen en laden	\N	\N
100267	0095	Niet toegestaan is toepassing in bloeiende gewassen of in gewassen wanneer deze actief bezocht worden door bijen of hommels	\N	\N
100268	0096	Om mogelijke vergiftiging te voorkomen er op toezien dat uitgestrooide korrels niet door huisdieren worden gegeten	\N	\N
100269	0097	Niet toepassen in aanwezigheid van kinderen	\N	\N
100270	0098	Tijdens het aanmaken van de spuitvloeistof en het spuiten een geschikt adembeschermingsapparaat dragen	\N	\N
100271	0099	De opslag dient plaats te vinden bij een temperatuur van minimaal 0 graden Celcius	\N	\N
100453	0075	Draag geschikte handschoenen, ook bij werkzaamheden aan behandeld gewas.	\N	\N
100454	0079	Bevat pendimethanin. Kan een allergische reactie veroorzaken.	\N	\N
100299	0104	Niet bewaren bij zaaizaden, pootgoed en bij kunstmest	\N	\N
100300	0103	Aangebroken verpakkingen uitsluitend afgescheiden bewaren van overige gewasbeschermingsmiddelen	\N	\N
100301	0102	Dit middel zodanig bewaren, dat het zowel als zodanig als in dampvorm niet in aanraking kan komen met andere bestrijdingsmiddelen.	\N	\N
100302	0107	Niet toepassen als regen wordt verwacht	\N	\N
100303	0108	Niet toepassen op planten en niet in vijvers of aquaria	\N	\N
100304	0110	Het middel is onaantrekkelijk voor honden en katten gemaakt door toevoeging van Bitrex	\N	\N
100305	0109	Om mogelijke vergiftiging te voorkomen er op toezien dat uitgestrooide korrels niet door kinderen en/of huisdieren worden gegeten.	\N	\N
100308	0113	Keukengerei, aquaria en vogelkooien goed afdekken, aquariumpompen uitschakelen	\N	\N
100309	0114	Gevaarlijk voor niet-doelwitarthropoden. Vermijd onnodige blootstelling	\N	\N
100319	0124	Toediening dient te geschieden door middel van aangieten of dompelen	\N	\N
100393	0197	Middel en oplossingen ervan niet opslaan of laten overstaan in gegalvaniseerde of metalen tanks, omdat daardoor een zeer brandbaar gas kan ontstaan (niet roken)	\N	\N
100398	0208	Na een gewas- of ruimtebehandeling uitsluitend herbetreden nadat de spuitvloeistof is opgedroogd en er in de kassen gedurende 2 uur geventileerd is.	\N	\N
100399	0207	Na een gewasbehandeling uitsluitend herbetreden nadat de spuitvloeistof is opgedroogd.	\N	\N
100401	0205	Tijdens sorteren en verpakken geschikte handschoenen en lange mouwen dragen indien binnen 14 dagen na de toepassing is geoogst.	\N	\N
100404	0202	Toegestaan is uitsluitend het gebruik als onkruidbestrijdingsmiddel in de teelt van snijmas en korrelmas	\N	\N
100405	0201	Het middel is uitsluitend bestemd voor beroepsmatig gebruik	\N	\N
100406	0212	Bevat permethrin, tetramethrin. Kan een allergische reactie veroorzaken	\N	\N
100410	0218	Het loof van suikerbieten en rode bieten mag niet worden vervoederd	\N	\N
100411	0217	Dit middel mag per teelt maximaal 2 keer worden toegepast.	\N	\N
100412	0216	Om in het water levende organismen te beschermen is de toepassing in percelen die grenzen aan oppervlaktewater uitsluitend toegestaan indien een maximale dosering van 2 liter/ha wordt toegepast	\N	\N
100413	0215	of indien bij dosering van 2 tot 4 liter/ha gebruik wordt gemaakt van 75% driftreducerende doppen.	\N	\N
100414	0214	Om in het water levende organismen te beschermen is de toepassing op percelen aan oppervlaktewater uitsluitend toegestaan indien gebruik gemaakt wordt van 90% driftreducerende doppen.	\N	\N
100415	0222	Om het grondwater te beschermen mag dit product niet worden gebruikt in grondwaterbeschermingsgebieden.	\N	\N
100459	0105	Micro-organismen kunnen mogelijk sensibiliserende reacties veroorzaken	\N	\N
100460	0106	Om in het water levende organismen te beschermen mag u dit product niet gebruiken op ondoordringbare oppervlakken, zoals asfalt, beton, kasseien en spoorlijnen, of op andere plaatsen waar het product gemakkelijk kan wegstromen.	\N	\N
100464	0116	Dit middel is schadelijk.	\N	\N
100462	0112	Dit product is ongeopend en bij een temperatuur van maximaal 10 graden Celcius 6 maanden houdbaar.	\N	\N
100463	0111	Dit middel is milieugevaarlijk.	\N	\N
100465	0117	Draag geschikte ademhalingsbescherming gedurende het mengen en laden van het middel.	\N	\N
100466	0122	Giftig bij oogcontact (RSh 1)	\N	\N
100467	0145	Verpakking droog houden	\N	\N
100468	0144	Blootstelling vermijden, voor gebruik speciale aanwijzingen raadplegen	\N	\N
100469	0142	Om de vogels te beschermen dient het product volledig in de bodem ondergewerkt te worden; zorg ervoor, dat het product ook aan het voorend is ondergewerkt	\N	\N
100470	0123	Dit middel is gevaarlijk voor niet-doelwitarthropoden. Vermijd onnodige blootstelling. Introductie van arthropoden als natuurlijke plaagbestrijders mag niet eerder dan 3 dagen na laatste toepassing plaatsvinden	\N	\N
100471	0127	Om vogels te beschermen moet het product volledig in de bodem worden ingewerkt tot een diepte van minstens 15 centimeter en moet gemorst product onmiddellijk worden verwijderd	\N	\N
100472	0126	Toepassen kort voor of tijdens het poten of planten op zodanige wijze dat het middel direct na toepassing moet worden ingewerkt	\N	\N
100473	0125	In verband met residuen in volggewassen mogen na gebruik de eerstvolgende 9 maanden geen blad- en knolgewassen voor consumptie en vervoedering en de eerstvolgende 5 maanden geen granen geteeld worden	\N	\N
100474	0128	Om de vogels te beschermen dient gemorst product verwijderd te worden	\N	\N
100476	0150	De toepasser dient de afnemer van zaden en/of planten er schriftelijk van op de hoogte te stellen dat bladluizen zodanig bestreden moeten worden dat er geen honingdauw wordt gevormd waar bijen op af kunnen komen.	\N	\N
100479	0165	Om het grondwater te beschermen is de toepassing uitsluitend toegestaan tussen 1 maart en 31 augustus.	\N	\N
100480	0183	Toegestaan is uitsluitend het gebruik als middel ter bestrijding van groene aanslag.	\N	\N
100481	0186	Dit middel is giftig voor vissen en andere waterorganismen: voorkomen moet worden dat de vloeistof het oppervlaktewater bereikt.	\N	\N
100482	0192	Het behandelen van verharde oppervlakken en apparatuur naast watergangen is niet toegestaan.	\N	\N
100483	0203	Draag geschikte handschoenen bij hanteren van behandeld zaaizaad.	\N	\N
100475	0149	Bevat cyflumetofen. Kan een allergische reactie veroorzaken.	\N	\N
100477	0151	Bevat prothioconazool. Kan een allergische reactie veroorzaken	\N	\N
100478	0159	Niet blootstellen aan direct zonlicht	\N	\N
100416	0227	Op percelen die grenzen aan watergangen is gebruik uitsluitend toegestaan indien wordt gespoten met een spuitdop uit de categorie 75% voor de onbedekte teelt van aardbeien, asperge, bloembollen, uien, sjalotten, bloemkool, boerenkool, broccoli, sluitkool, bolbloemen en knolbloemen.	\N	\N
100440	0908R	Na een gewas- of ruimte behandeling uitsluitend herbetreden nadat de spuitvloeistof is opgedroogd en er in  kassen  gedurende 2 uur geventileerd is; werkzaamheden kunnen vervolgens worden uitgevoerd zonder gebruik van beschermende maatregelen. Certis adviseert geschikte beschermende kleding en handschoenen te dragen tijdens gewaswerkzaamheden, oogsten/snijden, sorteren en verpakken.	\N	\N
100448	0066	Toegestaan is uitsluitend het gebruik als schimmelbestrijdingsmiddel als gewasbehandeling in de teelt van consumptie-, poot-, en fabrieksaardappelen.	\N	\N
100419	0225	Toegestaan is uitsluitend het gebruik als schimmelbestrijdingsmiddel in de bedekte teelt van rozen.	\N	\N
100420	0223	Toegestaan is uitsluitend het gebruik als middel ter bestrijding van zwarte en bruine ratten en huismuizen in bedrijfsruimten en woon- en verblijfsruimten met dien verstande dat het middel moet worden uitgelegd in speciaal hiervoo bestemde aan bovenzijde afgesloten voerbakjes.	\N	\N
100361	0166	Was alle beschermende kleding na gebruik	\N	\N
100449	0044	Tijdens gewaswerkzaamheden geschikte beschermende kleding en handschoenen dragen gedurende 14 dagen.	\N	\N
100450	0039	Toegestaan is uitsluitend het gebruik als kiemremmingsmiddel voor consumptieaardappelen in buitenluchtgekoelde en/of mechanisch gekoelde opslagplaatsen met dien verstande dat de termijn tussen de laatste behandeling en het in verkoop brengen van behandelde partijen niet korter mag zijn dan 2 maanden bij een dosering van 150 ml per ton aardappelen. Bij een dosering van 75 ml per ton aardappelen geldt geen wachttermijn.	\N	\N
100423	0230	Op percelen die grenzen aan watergangen is gebruik uitsluitend toegestaan indien wordt gespoten met een spuitdop uit de categorie 90 % voor de onbedekte teelt van bramen, frambozen, bessen, bloemisterijgewassen, boomkwekerijgewassen en vaste planten.	\N	\N
100451	0035	Toegestaan is uitsluitend het gebruik als kiemremmingsmiddel voor consumptieaardappelen in buitenluchtgekoelde en/of mechanisch gekoelde bewaarplaatsen voorzien van een geforceerd ventilatiesysteem.	\N	\N
100425	0232	Draag geen handschoenen of rubberlaarzen tijdens het inlaten van het gas	\N	\N
100426	0234	De termijn tussen de laatste bespuiting en de oogst mag niet korter zijn dag 35 dagen.	\N	\N
100427	0233	Om resistentieopbouw te voorkomen mag u dit product of andere producten die epoxiconazool of triazoolverbindingen bevatten, niet vaker dan 2 maal per teeltseizoen tegen de genoemde ziekte inzetten.	\N	\N
100428	0236	Kan bij (langdurig) contact corrosie veroorzaken bij metalen	\N	\N
100429	0238	Beschermen tegen bevriezen	\N	\N
100430	0239	Lokdoos buiten bereik van kinderen en (huis) dieren plaatsen	\N	\N
100431	0900R	Na een gewasbehandeling uitsluitend herbetreden nadat de spuitvloeistof is opgedroogd; werkzaamheden kunnen vervolgens worden uitgevoerd zonder gebruik van beschermende maatregelen.	\N	\N
100432	0901R	Na een gewas- of ruimtebehandeling uitsluitend herbetreden nadat de spuitvloeistof is opgedroogd en er in kassen gedurende 2 uur geventileerd is; werkzaamheden kunnen vervolgens worden uitgevoerd zonder gebruik van beschermende maatregelen.	\N	\N
100433	0902R	Na een gewas- of ruimtebehandeling uitsluitend herbetreden nadat de spuitvloeistof is opgedroogd en er in kassen gedurende 2 uur geventileerd is. Tijdens gewaswerkzaamheden en oogsten/snijden gedurende 14 dagen na de toepassing geschikte beschermende kleding en handschoenen dragen. Tijdens sorteren en verpakken geschikte handschoenen en lange mouwen dragen indien binnen 14 dagen na de toepassing is geoogst.	\N	\N
100434	0903R	Na een gewasbehandeling uitsluitend herbetreden nadat de spuitvloeistof is opgedroogd. Voor de teelt van duizendschoon, hypericum en stokrozen geldt: Tijdens gewaswerkzaamheden en oogsten/snijden gedurende 14 dagen na de toepassing geschikte beschermende kleding en handschoenen dragen. Tijdens sorteren en verpakking geschikte handschoenen en lange mouwen dragen indien binnen 14 dagen na de toepassing is geoogst.	\N	\N
100435	0904R	Na een gewas- of ruimtebehandeling uitsluitend herbetreden nadat de spuitvloeistof is opgedroogd en er in kassen gedurende 2 uur geventileerd is. Voor de teelt van rozen geldt: Tijdens gewaswerkzaamheden en oogsten/snijden gedurende 14 dagen na de toepassing geschikte beschermende kleding en handschoenen dragen. Tijdens sorteren en verpakken geschikte handschoenen en lange mouwen dragen indien binnen 14 dagen na de toepassing is geoogst.	\N	\N
100436	0905R	Na een gewasbehandeling uitsluitend herbetreden nadat de spuitvloeistof is opgedroogd; werkzaamheden kunnen vervolgens worden uitgevoerd zonder gebruik van beschermende maatregelen. Indien met meer dan 4,5 l/ha is gespoten: tijdens gewaswerkzaamheden gedurende 30 dagen na de toepassing geschikte beschermende kleding en handschoenen dragen.	\N	\N
100437	0906R	Werkzaamheden kunnen worden uitgevoerd zonder gebruik van beschermende maatregelen na het ophangen van de ampullen.	\N	\N
100455	0080	Tijdens gewaswerkzamheden en oogsten/snijden gedurende 7 dagen na de toepassing geschikte beschermende kleding en handschoenen dragen.	\N	\N
100456	0100	Draag een geschikte adembescherming (BS4275 reductiefactor 40) vanaf het openen van de verpakking tot en met het toepassen van het middel.	\N	\N
100457	0094	Draag een geschikte adembescherming (BS4275 reductiefactor 40), indien de behandelde grond moet worden betreden bij het verwijderen van het plastic folie en bij de eerstvolgende grondbewerking.	\N	\N
100458	0101	Bevat pyroxsulam en cloquintocet-mexyl. Kan een allergische reactie veroorzaken	\N	\N
100323	0131	Volg de gebruiksaanwijzing om gevaar voor mens en milieu te voorkomen	\N	\N
100324	0130	Bevat metazachloor. Kan een allergische reactie veroorzaken.	\N	\N
100325	0129	Draag geschikte beschermende kleding, handschoenen en een beschermingsmiddel voor het gezicht tijdens het mengen en laden van het middel	\N	\N
100327	0132	Voor gebruik de bijgevoegde gebruiksaanwijzing lezen	\N	\N
100328	0136	Bevat formaldehyde, 5-Chlor-2-methyl-2,3-dihydroisothiazol-3-on en 2-methyl-2,3-dihydroisothiazol-3-on. Kan een allergische reactie veroorzaken.	\N	\N
100329	0135	Bevat zwavel. Kan een allergische reactie veroorzaken.	\N	\N
100330	0134	Inlichtingenblad aangaande de veiligheid is voor de professionele gebruiker op aanvraag verkrijgbaar.	\N	\N
100331	0133	Gebruik is alleen toegestaan met mechanische granulaatstrooiers (V9-NL)	\N	\N
100332	0137	Bevat 5-chloor-2-methyl-2H-isothioazol-3-on en 2 methyl-2H-isothiazol-3-on (3:1). Kan een allergische reaktie veroorzaken.	\N	\N
100333	0138	Bevat Formaldehyde. Kan een allergische reactie veroorzaken.	\N	\N
100334	0139	Bij aanraking met de ogen of de huid onmiddellijk met overvloedig water afspoelen en deskundig medisch advies inwinnen.	\N	\N
100335	0140	Tijdens de bespuiting een geschikte adembescherming dragen (voorzien van een P3 filter).	\N	\N
100338	0148	Stof en spuitnevel niet inademen.	\N	\N
100339	0147	Draag geschikte beschermende kleding, handschoenen en laarzen.	\N	\N
100340	0146	Een beschermingsmiddel voor de ogen dragen.	\N	\N
100341	0143	Dit middel is gevaarlijk voor niet-doelwit arthropoden. Vermijd onnodige blootstelling.	\N	\N
100345	0141	Dit is een vat met statiegeld; voor terugzending raadpleeg uw leverancier.	\N	\N
100347	0152	Bevat Muscalure, kan een allergische reactie veroorzaken	\N	\N
100348	0153	Bevat imazalil. Kan een allergische reactie veroorzaken.	\N	\N
100349	0156	Bevat cyprodinil. Kan een allergische reactie veroorzaken.	\N	\N
100350	0155	Bewaren boven -10 C.	\N	\N
100351	0154	Bewaren boven 0 C.	\N	\N
100352	0157	Bevat epoxyverbindingen. Zie de aanwijzingen van de fabrikant.	\N	\N
100353	0160	Bevat 1,2-benzisothiazol-3(2H)-one. Kan een allergische reactie veroorzaken.	\N	\N
100355	0158	Toepassing door middel van een vliegtuig is verboden.	\N	\N
100356	0162	Bewaren boven -18 C.	\N	\N
100357	0161	Bevat propiconazool. Kan een allergische reactie veroorzaken.	\N	\N
100358	0163	Bewaren boven - 5 C.	\N	\N
100363	0169	Vorstvrij doch koel, in goed gesloten orginele verpakking bewaren	\N	\N
100362	0170	Droog, goed gesloten in originele verpakking bewaren	\N	\N
100364	0164	Goed schudden of roeren voor gebruik	\N	\N
100365	0167	Bevat pirimicarb; kan een allergische reactie veroorzaken.	\N	\N
100366	0185	Vorstvrij, goed gesloten in orginele verpakking en buiten bereik van kinderen bewaren	\N	\N
100367	0184	Ga zorgvuldig om met dit product en pas het uitsluitend toe volgens de gebruiksaanwijzing	\N	\N
100369	0182	Nog niet doorgeprikte blikjes koel en droog bewaren	\N	\N
100370	0181	Toegestaan is uitsluitend het gebruik als middel ter bestrijding van mieren.	\N	\N
100371	0180	Zodra het middel uit de verpakking gehaald wordt, vormt dit middel door contact met vocht uit de lucht zeer giftig gas (fosforwaterstof)	\N	\N
100372	0179	Met poeder verontreinigde kleding onmiddellijk uittrekken.	\N	\N
100373	0178	Na contact met de huid moet u eerst het gewasbeschermingsmiddel met een droge doek verwijderen en daarna de huid met veel water wassen	\N	\N
100374	0177	Vorstvrij, buiten direct zonlicht en koel (beneden 50C) bewaren.	\N	\N
100375	0176	Koel en buiten direct zonlicht bewaren	\N	\N
100376	0175	Voedingswaren, keukengerei, aquaria en vogelkooien goed afdekken, aquariumpompen uitschakelen.	\N	\N
100377	0174	Toegestaan is uitsluitend het gebruik als middel ter bestrijding van schadelijke landslakken.	\N	\N
100378	0173	Nooit de verpakking open laten staan	\N	\N
100379	0172	Bevat permethrin, kan een allergische reactie veroorzaken.	\N	\N
100380	0171	Droog, koel, vorstvrij en goed gesloten in orginele verpakking bewaren.	\N	\N
100381	0168	Na openen van de lokdoos handen wassen	\N	\N
100382	0190	Kassen na een gewas- of ruimtebehandeling uitsluitend herbetreden nadat de spuitvloeistof is opgedroogd en er gedurende 2 uur geventileerd is;	\N	\N
100383	0191	werkzaamheden kunnen vervolgens worden uitgevoerd zonder gebruik van beschermende maatregelen	\N	\N
100384	0189	Tijdens gewaswerkzaamheden en oogsten/snijden gedurende 14 dagen na de toepassing geschikte beschermende kleding en handschoenen dragen.	\N	\N
100385	0188	Tijdens sorteren en verpakken geschikte handschoenen en eventueel lange mouwen dragen indien binnen 14 dagen na de toepassing is geoogst.	\N	\N
100386	0187	Tijdens gewaswerkzaamheden en oogsten/snijden van vruchtgroenten en bloemisterijgewassen gedurende 14 dagen na de toepassing geschikte beschermende kleding en handschoenen dragen.	\N	\N
100389	0193	Draag geschikte handschoenen tijdens het mengen en laden.	\N	\N
100390	0194	Middel en/of oplossing ervan niet met metaal in aanraking brengen	\N	\N
100391	0196	Bevat fenylmethoxy methanol. Kan een allergische reactie veroorzaken.	\N	\N
100392	0195	Een beschermingsmiddel voor het gezicht dragen	\N	\N
100394	0200	De termijn tussen de laatste toepassing en de oogst mag niet korter zijn dan 14 dagen voor sla, uien en sjalotten.	\N	\N
100395	0199	Het middel is schadelijk voor niet-doelwit arthropoden; vermijd onnodige blootstelling.	\N	\N
100396	0198	Gevaarlijk voor bijen en hommels. Voorkom dat bijen en andere bestuivende insecten de kas binnenkomen door alle openingen met insectengaas af te sluiten.	\N	\N
100310	0115	Er zijn aanwijzingen voor een kankerverwekkend effect. Het risico hiervoor is verwaarloosbaar klein als de veiligheidsaanbevelingen gevolgd worden	\N	\N
100443	0030	Toegestaan is uitsluitend het gebruik als kiemremmingsmiddel voor consumptie- en zetmeelaardappelen in luchtgekoelde en/of mechanisch gekoelde bewaarplaatsen.	\N	\N
100312	0119	Niet toepassen in ruimten die toegankelijk zijn voor kinderen van 0-4 jaar.	\N	\N
100313	0118	Brandbaar	\N	\N
100314	0121	Eet- en drinkgerei, aquaria en vogelhuizen goed afdekken, aquariumpompen uitschakelen	\N	\N
100315	0120	Handen wassen na toepassing	\N	\N
100441	0016	Bevat propyl-3,4,5-trihydrobenzoaat. Kan een allergische reactie veroorzaken.	\N	\N
100446	0032	Zorg ervoor dat u met het product of zijn verpakking geen water verontreinigt.	\N	\N
1	0001	Uitsluitend bestemd voor beroepsmatig gebruik.	\N	\N
2	0002	Verpakking mag niet opnieuw worden gebruikt.	\N	\N
3	0003	Deze verpakking is bedrijfsafval, mits deze is schoongespoeld zoals wettelijk is voorgeschreven (verwijderingszin A)	\N	\N
4	0004	Deze verpakking is bedrijfsafval nadat deze volledig is geleegd (verwijderingszin B)	\N	\N
5	0005	Deze verpakking dient, nadat deze volledig is geleegd, te worden ingeleverd bij een KCA-depot. Informeer bij uw gemeente (verwijderingszin C)	\N	\N
100004	0006	Indien men zich onwel voelt een arts raadplegen (indien mogelijk hem dit etiket tonen).	\N	\N
100442	0021	Een plantvoet- of gewasbehandeling niet vaker dan 2 a 3 maal per seizoen uitvoeren.	\N	\N
100006	0008	Bij aanraking met de ogen onmiddellijk met overvloedig water afspoelen.	\N	\N
100007	0009	Draag een volgelaatmasker met een A2P3-filter bij het gereed maken van de injectieapparatuur.	\N	\N
100008	0010	Het risico hiervan is verwaarloosbaar klein indien de voorschriften en de veiligheidsaanbevelingen opgevolgd worden.	\N	\N
100009	0011	Draag geschikte ademhalingsbescherming vanaf het openen van de verpakking tot en met het verspuiten van het middel.	\N	\N
100447	0033	Bevat N-alkylpyrrolidone. Kan een allergische reactie veroorzaken.	\N	\N
100068	0029	Kan lichte oogirritatie veroorzaken. (R)	\N	\N
100069	0028	Gebruikers die dit middel veelvuldig toepassen, dienen bij medische en tandheelkundige behandeling mede te delen dat met anti-coagulantia wordt gewerkt.	\N	\N
100070	0027	Het middel zodanig bewaren, dat het als zodanig of in dampvorm niet in aanraking kan komen met andere bestrijdingsmiddelen (S)	\N	\N
100071	0026	Verwijder onmiddellijk nat geworden kleding en reinig daarna de huid grondig.	\N	\N
100072	0025	Vermijd het toepassen bij zeer warm weer.	\N	\N
100073	0024	Vermijd te lange werkdagen.	\N	\N
100074	0023	Gebruik enkele uren vr, tijdens of gedurende enkele uren na het spuiten geen alcoholische dranken, stimulerende middelen of medicamenten.	\N	\N
100075	0022	N het werk, vr het eten of roken, zorgvuldig de handen wassen. (S)	\N	\N
100452	0071	In geval van inslikken onmiddellijk een arts raadplegen en verpakking of etiket tonen	\N	\N
100077	0020	Rekening houden met de windrichting. (S)	\N	\N
100078	0019	Na het werk direct handen, gezicht en haar wassen. (S)	\N	\N
100079	0018	Brandgevaarlijk. (R)	\N	\N
100493	0204	Bevat fluazinam. Kan een allergische reactie veroorzaken.	\N	\N
100494	0206	Bevat sulcotrion. Kan een allergische reactie veroorzaken.	\N	\N
100495	0209	Bevat acequinocyl. Kan een allergische reactie veroorzaken.	\N	\N
100496	0210	Bevat propamocarb. Kan een allergische reactie veroorzaken.	\N	\N
\.


--
-- Data for Name: FytoOZinnenProduct; Type: TABLE DATA; Schema: public; Owner: -
--

COPY "FytoOZinnenProduct" ("OptId", "OznId", "PdtId", "Type") FROM stdin;
100494	4	102633	\N
100497	2	102818	\N
100516	3	103579	\N
100520	1	102818	\N
100521	3	102818	\N
100522	1	102596	\N
100523	3	102596	\N
100531	100405	102741	\N
100552	1	102892	\N
100553	4	102892	\N
100562	1	102594	\N
100564	5	102594	\N
100575	100323	103120	\N
100585	100106	102818	\N
100586	100323	102741	\N
100591	2	102770	\N
100592	3	102770	\N
100612	2	103212	\N
100613	3	103212	\N
100667	2	102820	\N
100668	2	103857	\N
100685	2	103589	\N
100686	4	103589	\N
100689	2	102921	\N
100698	2	103072	\N
100699	4	103072	\N
100700	2	102600	\N
100705	2	103721	\N
100715	2	103837	\N
100725	2	102604	\N
100754	100149	103857	\N
100755	100144	103857	\N
100756	100151	103857	\N
100773	100145	103589	\N
100774	100144	103589	\N
100779	100147	102921	\N
100780	100144	102921	\N
100791	100145	103072	\N
100792	100144	103072	\N
100793	100150	102600	\N
100794	100144	102600	\N
100795	100323	103648	\N
100797	100150	103721	\N
100798	100144	103721	\N
100812	100152	103837	\N
100813	100144	103837	\N
100823	100145	102604	\N
100824	100144	102604	\N
100827	100144	102820	\N
100834	100323	103687	\N
100846	100149	102820	\N
101756	100323	102848	\N
101758	100323	104120	\N
101759	100232	104121	\N
101762	2	103084	\N
101763	2	102926	\N
101764	100149	102874	\N
101765	2	102920	\N
101766	100323	103197	\N
101767	100323	102919	\N
101769	100323	103597	\N
101770	100324	103597	\N
101771	100323	103487	\N
101772	100323	104078	\N
101773	100323	103524	\N
101774	100323	102730	\N
101775	100325	102730	\N
101776	100323	104031	\N
101777	100323	102922	\N
101778	100323	103950	\N
101779	100323	104082	\N
101780	100323	102837	\N
101781	100323	102915	\N
101784	100323	104030	\N
101786	100323	103084	\N
101787	100323	104051	\N
101789	100323	102874	\N
101792	100323	102926	\N
101793	1	104016	\N
101794	3	102846	\N
101795	1	102846	\N
101798	100327	102907	\N
101799	100323	102907	\N
101801	100323	102846	\N
101802	100323	104016	\N
101803	100323	102934	\N
101805	100323	103646	\N
101813	100323	102909	\N
101814	100323	103847	\N
101815	100323	103571	\N
101817	100323	102610	\N
101820	2	103224	\N
101821	100323	103224	\N
101822	100323	102920	\N
101823	1	104123	\N
101824	2	104123	\N
101825	4	104123	\N
101828	100323	102843	\N
101829	100323	103780	\N
103136	100323	104320	\N
103144	100361	104204	\N
103145	100361	104322	\N
103146	100323	104322	\N
103147	1	104323	\N
103148	2	104323	\N
103149	100459	104323	\N
103150	100323	104323	\N
103151	3	104323	\N
103184	100323	104362	\N
103185	100466	104362	\N
103189	100470	102764	\N
103190	100473	104362	\N
103191	100472	104362	\N
103192	100471	104362	\N
103193	100405	104362	\N
103194	100405	103289	\N
103235	100323	104377	\N
103196	100474	102741	\N
103197	100469	102741	\N
103198	100468	102741	\N
101830	100148	104044	\N
101831	100328	103847	\N
101832	100329	103224	\N
101833	100330	103224	\N
101835	100323	103587	\N
101836	100323	102892	\N
101837	3	103961	\N
101838	100327	103961	\N
101842	100327	103156	\N
101845	100323	104125	\N
101846	4	104125	\N
101847	1	104125	\N
101848	4	104085	\N
101849	1	104085	\N
101850	100323	104085	\N
101851	100323	104126	\N
101852	3	104126	\N
101853	100323	103623	\N
101854	100323	102596	\N
101855	100323	103589	\N
101856	100323	104080	\N
101858	100323	102865	\N
101860	100323	102605	\N
101861	100323	102770	\N
101863	100323	103212	\N
101867	100323	104130	\N
102066	3	104144	\N
101873	100323	103989	\N
101875	100323	102801	\N
101878	100323	103312	\N
101879	100323	103951	\N
101880	100332	103989	\N
101884	100323	103678	\N
101885	100323	102878	\N
101888	100323	102633	\N
101889	100323	103784	\N
101890	100241	103784	\N
101893	100241	102695	\N
101898	100323	104011	\N
101899	100241	104011	\N
101900	100323	103155	\N
101902	100323	102594	\N
101903	100241	102594	\N
101904	100327	103733	\N
101907	100323	103251	\N
101908	100323	102764	\N
101911	100323	102930	\N
101913	100323	103307	\N
101914	100341	103251	\N
101916	100323	104121	\N
101917	100323	104131	\N
101918	100323	104132	\N
101919	100323	104133	\N
101920	100323	103579	\N
101921	2	103579	\N
101924	3	104132	\N
101926	100323	104057	\N
101927	1	104057	\N
101928	3	104057	\N
101929	2	104057	\N
101930	2	104133	\N
101931	3	104133	\N
101932	1	104133	\N
101936	100323	102679	\N
101937	1	104060	\N
101939	100323	104060	\N
101941	100323	104019	\N
101942	1	104019	\N
101943	2	104019	\N
101944	3	104019	\N
101945	3	103990	\N
101946	1	103990	\N
101947	1	103307	\N
101948	2	103307	\N
101949	1	102930	\N
101950	100323	103803	\N
101951	1	103803	\N
101952	2	103803	\N
101954	1	102764	\N
101957	100323	102886	\N
101969	100323	103361	\N
101972	100323	102901	\N
101973	1	102901	\N
101974	2	102901	\N
101975	3	102901	\N
101976	1	104131	\N
101985	100341	104057	\N
101988	100334	103990	\N
101989	100345	103251	\N
101990	100335	102901	\N
101992	100341	104060	\N
101993	100323	103001	\N
101994	100327	103001	\N
101996	100323	103273	\N
101999	100323	104083	\N
102000	100069	104044	\N
102001	100304	104044	\N
102002	100312	104135	\N
102003	100327	103899	\N
102004	100323	103899	\N
102009	3	104136	\N
102010	1	104136	\N
102011	100327	104136	\N
102012	100323	104136	\N
102013	3	104137	\N
102014	1	104137	\N
102015	100323	104137	\N
102016	4	104138	\N
102017	1	104138	\N
102018	100323	104138	\N
102019	100327	102693	\N
102020	100323	103089	\N
102021	100323	102818	\N
102022	100327	102818	\N
102023	100323	104023	\N
102026	100330	104138	\N
102027	100323	102703	\N
102028	100323	104123	\N
102031	100399	104131	\N
102038	1	104135	\N
102039	2	104135	\N
102040	3	104135	\N
102041	100323	104135	\N
102042	1	104056	\N
102043	100323	104056	\N
102045	1	104104	\N
102046	100323	104104	\N
102047	100351	104104	\N
102053	100323	104142	\N
102055	100347	104141	\N
102056	100309	104019	\N
102057	100149	102679	\N
102058	100241	102679	\N
102065	1	104144	\N
102067	100323	104144	\N
102068	100327	104144	\N
102069	100327	103959	\N
102070	100323	103959	\N
102071	100234	102695	\N
102072	100350	103959	\N
102075	100351	102695	\N
102076	100352	102919	\N
102077	100352	102837	\N
102078	100352	104082	\N
102083	100323	103982	\N
102084	100323	102949	\N
102087	100179	104149	\N
102088	100256	104149	\N
102089	100180	104149	\N
102090	100255	104149	\N
102091	100323	104149	\N
102092	100179	104150	\N
100850	100107	102848	\N
100854	100323	102872	\N
100866	1	102905	\N
100867	3	102905	\N
100868	1	102835	\N
100869	3	102835	\N
100877	1	102736	\N
100878	3	102736	\N
100881	1	103273	\N
100888	3	102907	\N
100891	4	103001	\N
100892	1	103001	\N
100893	3	103089	\N
100894	1	103784	\N
100895	1	103089	\N
100896	1	102693	\N
100897	3	102693	\N
100899	1	103899	\N
100912	4	103770	\N
100916	3	103312	\N
100917	1	103156	\N
100918	100351	103156	\N
100920	1	103155	\N
100921	1	103362	\N
100925	1	102695	\N
100926	3	102695	\N
100933	1	103901	\N
100934	3	103901	\N
100938	3	103784	\N
100940	3	103899	\N
100941	1	103770	\N
100944	1	103133	\N
100949	100155	103089	\N
100956	100155	103770	\N
100958	100156	103312	\N
100959	100155	103312	\N
100960	100327	103155	\N
100962	100327	103133	\N
100963	100323	102695	\N
100967	100155	103901	\N
100971	100327	103273	\N
100974	100323	103156	\N
101022	2	102917	\N
101047	3	103840	\N
101077	3	103236	\N
101135	100070	103236	\N
101166	1	102679	\N
101193	100155	102693	\N
101195	1	103312	\N
101196	100069	103770	\N
101197	100069	103362	\N
101198	100148	103362	\N
101214	100149	103916	\N
101215	2	103916	\N
101216	100144	103916	\N
101249	2	103940	\N
101250	100147	103940	\N
101251	100144	103940	\N
101252	100239	103940	\N
101262	1	103950	\N
101263	3	103950	\N
101264	100149	103951	\N
101265	3	103951	\N
101281	1	103958	\N
101282	100323	103958	\N
101283	3	103958	\N
101284	1	103959	\N
101286	1	103961	\N
101287	100323	103961	\N
101632	100310	104076	\N
101585	100323	104047	\N
101588	3	104050	\N
101589	1	104051	\N
101590	4	104051	\N
101593	3	104054	\N
101594	2	104053	\N
101595	1	104055	\N
101596	5	104055	\N
101601	100323	104064	\N
101602	100232	104065	\N
101603	100393	103979	\N
101606	100323	102863	\N
101607	100323	104013	\N
101608	1	104066	\N
101611	100323	104068	\N
101613	100179	104070	\N
101614	100148	104070	\N
101615	100180	104070	\N
101616	100187	104070	\N
101617	100256	104070	\N
101618	100255	104070	\N
101619	100308	104070	\N
101620	100308	104072	\N
101621	100254	104072	\N
101622	100256	104072	\N
101623	100255	104072	\N
101624	100180	104072	\N
101625	100004	104074	\N
101629	100323	104033	\N
101633	1	102579	\N
101634	4	104066	\N
101635	1	102883	\N
101636	4	102579	\N
101637	100323	102579	\N
101638	1	104031	\N
101639	4	103224	\N
101640	1	102874	\N
101641	1	103571	\N
101643	1	102878	\N
101644	1	104044	\N
101645	4	104044	\N
101648	1	104078	\N
101649	3	104078	\N
101650	2	104078	\N
101651	3	104080	\N
101652	1	104080	\N
101655	100179	104086	\N
101656	100308	104086	\N
101657	100254	104086	\N
101658	100180	104086	\N
101659	100255	104086	\N
101660	100256	104086	\N
101662	100312	104086	\N
101663	100313	104086	\N
101672	100237	104091	\N
101685	100323	104108	\N
101689	100323	104111	\N
101695	1	104083	\N
101696	3	104083	\N
101697	2	104083	\N
101698	1	104082	\N
101699	2	104082	\N
101700	3	104082	\N
101701	2	103524	\N
101702	2	104051	\N
101705	2	102730	\N
101706	2	104031	\N
101707	2	102922	\N
101709	2	103950	\N
101711	1	102909	\N
101712	2	102909	\N
101713	2	103678	\N
101717	2	103847	\N
101718	2	102837	\N
101719	2	102843	\N
101723	2	103676	\N
101727	2	103780	\N
101731	1	103646	\N
101732	2	102874	\N
101733	2	102703	\N
101734	2	104044	\N
101735	2	102915	\N
101736	2	102610	\N
101739	2	102579	\N
101741	2	104066	\N
101751	1	104116	\N
101752	4	104116	\N
101754	100323	104118	\N
101755	100393	104118	\N
101320	100151	102820	\N
101321	5	102820	\N
101322	100006	103857	\N
101323	100244	103857	\N
101324	5	103857	\N
101326	100070	103916	\N
101332	4	102909	\N
101341	5	102600	\N
101345	100240	103940	\N
101346	5	103940	\N
101348	5	103837	\N
101352	100149	102604	\N
101357	100268	102600	\N
101371	2	103979	\N
101387	100233	102695	\N
101393	100228	102693	\N
101396	100327	102695	\N
101445	100327	104011	\N
101446	1	104011	\N
101462	3	103623	\N
101463	100241	103989	\N
101470	100323	103653	\N
101477	100323	103142	\N
101485	100241	102874	\N
101488	3	103646	\N
101492	4	103527	\N
101497	4	102930	\N
101510	100149	103623	\N
101512	3	102883	\N
101514	3	103989	\N
101519	3	102605	\N
101526	2	104016	\N
102805	100330	103120	\N
102809	100323	104236	\N
102810	100330	104236	\N
102811	100351	104236	\N
102812	100361	103133	\N
102813	100431	104154	\N
102814	100433	102892	\N
102984	100432	104046	\N
102985	100361	103047	\N
102818	100323	104237	\N
102819	100323	104238	\N
102945	100323	102678	\N
102821	100361	103646	\N
102822	100323	102883	\N
102823	100395	102837	\N
102946	100323	102670	\N
102825	100404	103950	\N
102826	100341	103950	\N
102827	100405	103950	\N
102828	100395	103524	\N
102830	100432	103646	\N
102957	100361	103154	\N
102832	100431	102837	\N
102983	100432	104119	\N
103109	100323	104302	\N
102835	100434	103524	\N
102836	100412	103950	\N
102837	100413	103950	\N
102838	100414	103524	\N
103110	100330	104303	\N
102859	100410	102837	\N
102860	100411	102837	\N
102842	100341	103224	\N
102843	100341	103524	\N
102861	100223	103646	\N
102862	100431	102919	\N
102863	100433	102883	\N
103111	100330	104304	\N
103112	100393	104304	\N
102866	100431	103197	\N
102867	100431	103597	\N
102868	100433	103487	\N
103113	100393	104303	\N
103114	100330	104305	\N
102871	100436	102730	\N
103115	100393	104305	\N
102873	100433	103084	\N
103116	100458	104302	\N
103117	100323	104306	\N
102876	100431	103780	\N
102877	100431	102703	\N
102878	100431	102878	\N
102879	100431	102579	\N
102880	1	104244	\N
102881	4	104244	\N
102882	2	104244	\N
102883	100361	104244	\N
102884	100415	103646	\N
102886	100416	103646	\N
103118	2	104309	\N
102888	100419	103084	\N
102890	100420	104044	\N
103120	100323	104309	\N
102892	100423	103646	\N
102898	100431	104239	\N
102895	100323	104248	\N
102896	100323	104249	\N
102897	100432	104236	\N
102902	1	104164	\N
102903	2	104164	\N
102904	3	104164	\N
102908	1	104255	\N
102909	2	104255	\N
102910	3	104255	\N
102911	100323	104255	\N
102917	100426	104164	\N
102918	100427	104164	\N
102921	100323	104200	\N
102922	100379	104086	\N
102924	100323	104257	\N
102926	100381	104259	\N
102927	100312	104259	\N
102928	100429	104153	\N
103121	100363	104309	\N
102930	100323	104261	\N
102931	100361	103587	\N
102935	100241	104136	\N
103123	100323	104311	\N
102899	100383	104249	\N
102900	100323	104251	\N
102901	100425	104254	\N
102925	100428	104207	\N
102936	100312	104263	\N
102937	100381	104263	\N
102938	100430	104263	\N
102939	100323	104264	\N
102940	100351	104264	\N
102941	100241	104264	\N
102955	100428	103958	\N
102956	100428	104023	\N
102986	100323	104267	\N
102987	100323	104268	\N
102988	3	104268	\N
102989	1	104268	\N
102990	2	104268	\N
102991	100323	104269	\N
102992	4	104269	\N
102993	2	104269	\N
102994	1	104269	\N
102995	100428	104261	\N
102996	100330	104261	\N
102997	100341	104261	\N
102998	3	104261	\N
102999	1	104261	\N
103000	100431	104261	\N
103001	100223	103361	\N
103003	1	103047	\N
103004	100323	103047	\N
103005	100443	103047	\N
103007	100441	104261	\N
103056	100238	104193	\N
103059	100405	104145	\N
103070	100452	102797	\N
103101	100323	104301	\N
103102	100179	104301	\N
103103	100256	104301	\N
103104	100180	104301	\N
103105	100341	104301	\N
103106	1	104301	\N
102093	100256	104150	\N
102094	100180	104150	\N
102095	100323	104151	\N
102096	100323	104152	\N
102097	100352	104152	\N
102098	100323	104153	\N
102099	100353	104151	\N
102100	100355	104153	\N
103071	100323	104289	\N
102105	100351	102594	\N
102106	100327	103784	\N
102107	100351	103784	\N
102108	100351	104011	\N
103072	100323	104290	\N
102110	100350	103587	\N
102111	1	104154	\N
102112	100327	104154	\N
102113	100323	104154	\N
102114	100351	104154	\N
102116	100357	103587	\N
102117	3	104155	\N
102118	100323	104155	\N
102121	100350	102892	\N
102122	100349	103959	\N
102123	100358	104125	\N
102124	100351	104016	\N
102125	100351	103273	\N
102126	1	104076	\N
102127	100323	104076	\N
102128	100350	104076	\N
102129	100351	104138	\N
103073	1	104290	\N
102131	100323	104159	\N
102132	100351	104159	\N
102182	100241	104159	\N
102245	100241	104165	\N
102151	4	104091	\N
102157	1	104163	\N
102158	2	104163	\N
102159	3	104163	\N
102160	100323	104163	\N
103074	2	104290	\N
102162	100361	104163	\N
102163	100323	104046	\N
102165	100323	104128	\N
102166	100323	104129	\N
102167	100323	104119	\N
102168	100352	104164	\N
102169	100323	104164	\N
101527	3	104016	\N
101532	100323	103133	\N
101536	5	104023	\N
101537	100107	104023	\N
101538	1	104023	\N
101539	2	104023	\N
101549	100323	102876	\N
101555	1	104030	\N
101556	4	104030	\N
101557	2	104030	\N
101558	3	104031	\N
101570	100009	102934	\N
100002	100323	103744	\N
100008	3	102801	\N
100014	3	102865	\N
100015	1	102926	\N
100016	4	102926	\N
100017	1	102920	\N
100018	3	102920	\N
100031	1	103678	\N
100032	3	103678	\N
100034	1	103847	\N
100035	3	103847	\N
100038	1	102843	\N
100039	4	102843	\N
100042	1	103676	\N
100043	3	103676	\N
100050	1	102703	\N
100051	3	102703	\N
100052	1	102610	\N
100053	3	102610	\N
100173	2	102883	\N
100184	3	102874	\N
100186	2	103571	\N
100187	4	103571	\N
100192	2	102878	\N
100193	3	102878	\N
100207	100323	103616	\N
100229	100432	103455	\N
100249	100323	102769	\N
100266	100323	103260	\N
100270	2	102644	\N
100275	100323	102737	\N
100276	2	103142	\N
100291	2	103646	\N
100296	2	103527	\N
100303	2	102605	\N
100309	2	102930	\N
100332	100069	102838	\N
100333	100069	103756	\N
100334	100069	103466	\N
100335	100069	103527	\N
100348	2	103197	\N
100354	2	103597	\N
100355	2	103487	\N
100356	1	103251	\N
100357	3	103487	\N
100358	3	103524	\N
100360	3	102922	\N
100364	2	102919	\N
100365	1	102919	\N
100366	3	102919	\N
100370	3	103197	\N
100371	1	103197	\N
100375	3	103084	\N
100376	1	103084	\N
100379	1	103597	\N
100380	3	103597	\N
100381	1	103487	\N
100384	1	103524	\N
100390	1	102730	\N
100391	3	102730	\N
100392	1	102922	\N
100393	1	103224	\N
100397	1	102837	\N
100398	3	102837	\N
100404	1	103780	\N
100405	4	103780	\N
100410	1	102915	\N
100411	4	102915	\N
100443	3	102679	\N
100450	100323	103154	\N
100451	3	103307	\N
100452	3	103803	\N
100466	1	102886	\N
100467	4	102886	\N
100473	1	103120	\N
100475	1	103587	\N
100477	1	103733	\N
100478	100323	103733	\N
100485	1	102934	\N
103325	100428	104031	\N
103326	1	104411	\N
103327	100323	104411	\N
103328	3	104411	\N
103329	100361	104411	\N
103330	2	104411	\N
103511	1	104151	\N
103512	2	104151	\N
103513	3	104151	\N
103514	1	104152	\N
103515	2	104152	\N
103516	3	104152	\N
103517	100323	104194	\N
103518	100330	104194	\N
103519	100495	104222	\N
103520	4	104317	\N
103521	1	104324	\N
103522	2	104324	\N
103523	100361	104514	\N
103524	100428	104514	\N
103525	100323	104514	\N
103526	100361	104518	\N
103527	100323	104518	\N
103528	1	104520	\N
103529	2	104520	\N
103530	3	104520	\N
103531	100361	104520	\N
103532	100323	104520	\N
103533	100352	104520	\N
103534	100361	104521	\N
103535	100323	104521	\N
103631	100361	102693	\N
103632	100446	102703	\N
103633	100446	102926	\N
103634	3	104618	\N
103635	100323	104618	\N
103636	100446	104618	\N
103637	1	104618	\N
103638	2	104618	\N
103406	100361	103361	\N
103407	100361	103579	\N
103408	100361	104132	\N
103409	100323	104465	\N
103410	100361	104465	\N
103411	100323	104466	\N
103412	100323	104468	\N
103413	100323	104469	\N
103414	2	104469	\N
103415	100393	104469	\N
103554	1	104558	\N
103555	3	104558	\N
103556	2	104558	\N
103557	100323	104558	\N
103614	100361	104185	\N
103675	100323	104646	\N
103676	100358	104646	\N
103677	100446	104282	\N
103678	100323	104282	\N
103680	100323	104648	\N
103681	100351	104648	\N
103682	100241	104648	\N
103683	1	104645	\N
103226	100323	104374	\N
103227	100428	104265	\N
103234	100358	104376	\N
103236	100323	104376	\N
103186	100393	104363	\N
103212	100428	104370	\N
103213	100323	104370	\N
103214	3	104370	\N
103215	2	104370	\N
103216	1	104370	\N
103217	100323	104371	\N
103218	100475	104371	\N
103239	100323	104383	\N
103240	100323	104381	\N
103241	100323	104382	\N
103242	100477	104382	\N
103268	100358	104391	\N
103269	100323	104391	\N
103270	100323	104397	\N
103271	100358	104397	\N
103272	100358	104396	\N
103273	100323	104396	\N
103274	100330	104397	\N
103275	100323	104398	\N
103276	100478	104400	\N
103277	100145	104399	\N
103278	100147	104399	\N
103279	2	104399	\N
103280	100390	104402	\N
103281	100323	104402	\N
103282	1	104402	\N
103283	100323	104401	\N
103284	1	104401	\N
103285	100147	104401	\N
103286	100478	104401	\N
103287	100323	104400	\N
103288	100147	104400	\N
103289	1	104400	\N
103290	100323	104399	\N
103152	100241	104209	\N
103263	4	104390	\N
103264	100432	104390	\N
103265	100323	104390	\N
103266	2	104390	\N
103267	1	104390	\N
103316	100361	104168	\N
103317	100483	104168	\N
103318	100389	104168	\N
103319	100323	104410	\N
103320	100478	104410	\N
103321	100323	104409	\N
103322	100237	104410	\N
103323	100323	104408	\N
103324	100148	104410	\N
103124	100460	103133	\N
103125	1	104319	\N
103126	2	104319	\N
103127	3	104319	\N
103128	100323	104319	\N
103129	2	104317	\N
103131	100323	104317	\N
103132	1	104317	\N
103133	100462	104317	\N
103134	100323	104315	\N
103135	100459	104315	\N
103137	100341	102764	\N
103139	3	104315	\N
103140	100241	104315	\N
103141	2	104315	\N
103202	100393	104366	\N
103237	100361	104085	\N
103162	100312	104351	\N
103163	100255	104351	\N
103164	100179	104351	\N
103165	100256	104351	\N
103166	100323	104354	\N
103167	100379	104351	\N
103168	100381	104352	\N
103169	100312	104352	\N
103170	100180	104351	\N
103171	100323	104356	\N
103172	100323	104358	\N
103173	100361	103989	\N
103174	100438	104358	\N
103175	100361	104231	\N
103176	1	104359	\N
103177	100355	104359	\N
103178	3	104359	\N
103179	100323	104359	\N
103180	2	104359	\N
103181	100389	104208	\N
103182	100465	104208	\N
103201	100323	104366	\N
103238	100361	104165	\N
103292	100382	104060	\N
103293	100384	104060	\N
103294	100385	104060	\N
103295	100341	103033	\N
103296	100415	103033	\N
103297	100479	103033	\N
103298	100432	103361	\N
103299	1	104403	\N
103300	100480	104403	\N
103301	100481	104403	\N
103302	100482	104403	\N
103303	100147	104404	\N
103304	100145	104404	\N
103305	100144	104404	\N
103306	100323	104404	\N
103307	100431	104404	\N
103310	100432	103155	\N
103311	1	104406	\N
103312	100478	104406	\N
103313	100323	104406	\N
103314	100144	104406	\N
103315	100237	104406	\N
103153	3	104325	\N
103203	100323	102693	\N
103204	100358	102693	\N
103205	100428	104320	\N
103206	100351	104320	\N
103207	100358	102633	\N
103208	100361	102633	\N
103209	100323	104367	\N
103308	100358	104185	\N
103309	100385	104185	\N
103223	100429	104373	\N
103224	100323	104373	\N
103229	100361	104153	\N
103230	100323	104375	\N
103231	1	104375	\N
103232	2	104375	\N
103233	4	104375	\N
103243	1	104384	\N
103244	3	104386	\N
103245	3	104384	\N
103246	100361	104384	\N
103247	100323	104384	\N
103248	100352	104385	\N
103249	3	104385	\N
103250	1	104385	\N
103251	2	104385	\N
103252	100323	104385	\N
103253	100361	104386	\N
103254	100323	104386	\N
103255	1	104386	\N
103256	2	104386	\N
103257	2	104384	\N
102170	100351	104056	\N
102171	100351	103133	\N
102172	1	104165	\N
102173	100323	104165	\N
102246	100238	103840	\N
102175	100351	104165	\N
102176	1	104166	\N
102177	3	104166	\N
102178	2	104166	\N
102179	100323	104166	\N
102180	100241	104016	\N
102181	100241	104104	\N
102189	100361	102610	\N
102190	100323	104168	\N
102198	100238	104145	\N
103075	3	104290	\N
103076	100453	104290	\N
102236	100323	104169	\N
102237	100323	104170	\N
103080	2	104294	\N
102240	100323	104172	\N
102241	100323	104173	\N
102242	100351	103155	\N
102243	100351	102934	\N
102244	100365	103156	\N
102247	100323	103840	\N
102248	100330	103840	\N
102257	2	103268	\N
102258	100238	103268	\N
102259	100323	103268	\N
102266	100323	103289	\N
102267	100330	103289	\N
102296	3	102917	\N
102297	100149	102917	\N
102298	100241	102917	\N
102299	100323	102917	\N
102301	100107	102741	\N
102302	100132	102741	\N
102314	100323	103033	\N
102328	100378	102917	\N
102337	100323	102867	\N
102338	100323	104096	\N
102341	100323	102683	\N
102342	100323	104109	\N
102343	100323	102935	\N
102345	100323	103500	\N
103081	1	104294	\N
102358	2	104172	\N
102359	3	104172	\N
102360	100144	104172	\N
103082	3	104294	\N
102369	100323	102853	\N
103083	100323	104294	\N
102372	100323	102796	\N
103108	100401	102796	\N
102374	100323	103998	\N
103085	100454	102703	\N
102377	100323	103334	\N
102380	100323	103988	\N
103107	100384	102796	\N
102441	100386	102770	\N
102442	100385	102770	\N
102443	100382	102770	\N
102446	100432	102907	\N
102448	100432	103784	\N
102450	100433	103899	\N
102453	100432	104011	\N
102455	100432	104076	\N
102457	100432	103120	\N
102459	100432	103587	\N
102461	100432	103733	\N
102463	100432	102934	\N
102467	100432	103156	\N
102960	100439	104129	\N
102797	100383	103072	\N
102471	100384	103155	\N
102472	100385	103155	\N
102473	100432	104138	\N
102961	100330	104142	\N
102475	100438	104185	\N
102962	100432	104133	\N
102478	100323	104187	\N
102947	3	104168	\N
102481	1	104188	\N
102482	100323	104188	\N
102483	100351	104188	\N
102484	100330	104188	\N
102485	1	104153	\N
102948	1	104168	\N
102488	100382	102876	\N
102489	100432	102876	\N
102949	2	104168	\N
102491	100432	102853	\N
102493	100361	104096	\N
102494	100432	104096	\N
102495	100432	104095	\N
102950	5	104205	\N
102777	100431	104221	\N
102500	100323	102904	\N
102951	100327	104265	\N
102502	100432	104047	\N
102952	100323	104265	\N
102504	100432	104120	\N
102953	100351	104265	\N
102954	100432	104265	\N
102965	100432	104166	\N
102782	100431	103959	\N
102966	100432	103307	\N
102517	100432	102906	\N
102967	100432	103803	\N
102798	2	104231	\N
102521	100383	103648	\N
102526	100433	102904	\N
102785	100351	103899	\N
102528	3	104192	\N
102529	100323	104192	\N
102530	100389	104192	\N
102531	100432	104188	\N
102970	100431	103840	\N
102635	100432	102920	\N
102536	100323	104195	\N
102537	1	104195	\N
102538	2	104195	\N
102539	3	104195	\N
102786	100241	103899	\N
102787	100431	104125	\N
102546	1	104198	\N
102852	100361	102801	\N
103088	100339	104296	\N
102545	100323	104197	\N
102547	4	104198	\N
102548	100361	104104	\N
102549	100371	104200	\N
102550	100323	104201	\N
102551	100179	104202	\N
102552	100148	104202	\N
102553	100255	104202	\N
102554	100256	104202	\N
102555	100180	104202	\N
102557	100390	104200	\N
102558	100323	104205	\N
102559	100323	104204	\N
102588	100323	102797	\N
102592	100358	103961	\N
102593	100323	104208	\N
102594	100330	104208	\N
102595	100351	104208	\N
102596	100323	104209	\N
102597	100330	104209	\N
102598	100351	104209	\N
102599	5	104209	\N
102600	100323	104211	\N
102788	100358	102846	\N
102603	100361	104057	\N
102604	100361	104060	\N
102605	100323	104214	\N
102606	100428	104214	\N
102607	100111	102926	\N
102608	100355	102610	\N
102609	100341	102610	\N
102610	100394	102926	\N
102611	100395	102926	\N
102612	100396	102610	\N
102613	2	104204	\N
102614	100145	104204	\N
102615	100147	104204	\N
102616	100144	104204	\N
102617	100350	104204	\N
102974	100438	103579	\N
102639	100432	104078	\N
102854	100229	103142	\N
102623	100323	104217	\N
102624	100330	104217	\N
102625	100351	104217	\N
102844	100327	104239	\N
102975	100438	104132	\N
102630	4	104218	\N
102631	2	104218	\N
102632	1	104218	\N
102633	100323	104218	\N
102634	100431	102926	\N
102642	100435	104051	\N
102979	100438	104019	\N
102645	100432	102922	\N
102647	100432	103224	\N
102648	100432	102909	\N
102856	100389	104242	\N
102651	100433	103847	\N
102857	100323	104242	\N
102653	100432	102843	\N
102845	100323	104239	\N
102657	100431	104030	\N
102660	100432	102874	\N
102661	100432	104123	\N
102662	100432	103571	\N
102980	100438	104163	\N
103211	100323	104368	\N
102665	100432	102915	\N
102666	100432	102610	\N
102982	100440	102901	\N
103008	100323	104271	\N
102674	100144	104220	\N
102675	100147	104220	\N
102676	100145	104220	\N
102677	2	104220	\N
102678	100149	104220	\N
102679	100144	104221	\N
102680	100145	104221	\N
102681	100147	104221	\N
102682	100323	104221	\N
102789	100431	102846	\N
102790	100351	104144	\N
102791	100432	104144	\N
102846	100351	104239	\N
102687	100323	104222	\N
102688	100323	104223	\N
102689	100239	104223	\N
103010	100389	103988	\N
102691	100309	104224	\N
102692	100179	104225	\N
102693	100256	104225	\N
102694	100255	104225	\N
102695	100180	104225	\N
102696	100312	104225	\N
102697	100371	104225	\N
102701	100406	104225	\N
102704	100323	104227	\N
102705	100350	102907	\N
102706	100241	102907	\N
102773	100323	103979	\N
102793	100431	103089	\N
102794	100432	103001	\N
102796	100323	103072	\N
102799	3	104231	\N
102800	1	104231	\N
102801	100323	104231	\N
102802	100431	104218	\N
102847	100241	104239	\N
102848	100327	104240	\N
102849	100323	104240	\N
102850	100351	104240	\N
102851	100393	102801	\N
103048	100445	104280	\N
103049	100323	104193	\N
103050	100361	104193	\N
103051	2	104193	\N
103052	3	104193	\N
103053	1	104193	\N
103062	100327	102846	\N
103063	100323	104286	\N
103064	100351	104286	\N
103065	100449	104131	\N
103219	100476	104168	\N
103067	100450	104193	\N
103077	100323	104292	\N
103078	100432	104292	\N
103079	100383	104292	\N
103086	100455	104185	\N
103087	100340	104296	\N
103089	100452	104296	\N
103090	100323	104296	\N
103091	100456	104296	\N
103092	100457	104296	\N
103093	100323	104297	\N
103220	100389	102843	\N
103095	100323	104298	\N
103096	100351	103733	\N
103097	100323	104299	\N
103098	100351	104299	\N
103099	100323	104300	\N
103100	100351	104300	\N
102572	100350	104085	\N
102573	100431	104085	\N
102577	100323	104207	\N
102578	100351	104207	\N
102579	100241	104207	\N
102708	100385	102853	\N
102712	100323	104095	\N
102713	100433	102796	\N
102716	100432	104068	\N
102720	100432	103616	\N
102725	100432	104197	\N
102727	100432	103260	\N
102729	100432	104033	\N
102732	100323	102906	\N
102735	100432	104222	\N
102738	100431	104111	\N
102740	100431	102867	\N
102741	100431	103988	\N
102744	100432	102769	\N
102760	100432	103998	\N
102764	100433	104121	\N
102767	100323	103455	\N
102768	2	104153	\N
102769	3	104153	\N
102770	3	104228	\N
102771	100389	104228	\N
102772	100323	104228	\N
103160	100361	104269	\N
103161	100393	104114	\N
103183	100323	104360	\N
103210	100351	104368	\N
103221	100330	102843	\N
103222	100323	104372	\N
103258	100323	104389	\N
103259	100428	104389	\N
103260	100323	104388	\N
103261	100323	104387	\N
103262	100393	104387	\N
103331	100361	103899	\N
103333	2	104413	\N
103334	100323	104413	\N
103335	100323	104412	\N
103427	100361	104475	\N
103428	100323	104475	\N
103429	100323	104476	\N
103430	100361	104476	\N
103431	2	104476	\N
103432	1	104476	\N
103433	100352	104476	\N
103434	3	104476	\N
103435	100323	104477	\N
103536	100390	104536	\N
103537	100323	104525	\N
103538	100361	102874	\N
103539	100358	104136	\N
103540	100323	104536	\N
103558	100384	103260	\N
103559	100385	103260	\N
103560	100446	104078	\N
103561	100432	102637	\N
103562	100446	104123	\N
103566	100351	104560	\N
103567	100241	104560	\N
103551	100496	104313	\N
103553	100428	103260	\N
103541	100361	104164	\N
103542	100352	104546	\N
103543	100323	104546	\N
103544	100361	104546	\N
103545	3	104546	\N
103546	2	104546	\N
103547	1	104546	\N
103548	100144	104552	\N
103549	100323	104552	\N
103550	2	104552	\N
\.


--
-- Data for Name: FytoOmrekeningsfactoren; Type: TABLE DATA; Schema: public; Owner: -
--

COPY "FytoOmrekeningsfactoren" ("OrrId", "PdtId", "Begindatum", "Factor", "Einddatum", "Type") FROM stdin;
\.


--
-- Data for Name: FytoOpslagcategorieen; Type: TABLE DATA; Schema: public; Owner: -
--

COPY "FytoOpslagcategorieen" ("OseId", "Code", "Omschr", "Vervaldatum") FROM stdin;
100010	1Z	VLOEIBAA,R overige	\N
100011	1B	VLOEIBAA,R ontvlambaar	\N
100012	1A	VLOEIBAA,R (zeer) licht ontvlambaar	\N
100000	9	Dummy	\N
100001	2A	VAST, aanraking water ontw. brandb.gas	\N
100002	2B	VAST, vatbaar voor zelfontbranding	\N
100003	2X	VAST, maneb, zineb, mancozeb/formulering	\N
100004	2Z	VAST, overige	\N
100005	3A	SPUITBUS met brandbare inhoud	\N
100007	3Z	SPUITBUS, overige	\N
\.


--
-- Data for Name: FytoPeriodeAfzet; Type: TABLE DATA; Schema: public; Owner: -
--

COPY "FytoPeriodeAfzet" ("PatId", "ValId", "Begindatum", "Aantal", "GewijzigdJn", "PrintenJn") FROM stdin;
\.


--
-- Name: FytoPeriodeAfzet_PatId_seq; Type: SEQUENCE SET; Schema: public; Owner: -
--

SELECT pg_catalog.setval('"FytoPeriodeAfzet_PatId_seq"', 1, false);


--
-- Data for Name: FytoPrijzen; Type: TABLE DATA; Schema: public; Owner: -
--

COPY "FytoPrijzen" ("PrsId", "ValId", "Ingangsdatum", "Prijstype", "Prijs", "Type") FROM stdin;
\.


--
-- Data for Name: FytoProducentenProducten; Type: TABLE DATA; Schema: public; Owner: -
--

COPY "FytoProducentenProducten" ("PptId", "DnrId", "PdtId", "Begindatum", "Type") FROM stdin;
105917	12	104356	2010-10-08	\N
105946	3	104384	2012-04-01	\N
105947	3	104386	2012-04-01	\N
105948	3	104385	2012-04-01	\N
105902	3	104324	2010-03-01	\N
105905	100035	104325	2010-06-01	\N
105929	10	104367	2011-01-01	\N
105911	4	104142	2005-05-01	\N
105949	15	104387	2012-01-01	\N
105950	15	104389	2012-03-02	\N
105951	15	104388	2012-01-01	\N
105898	7	104320	2010-01-01	\N
105899	15	104321	2010-04-01	\N
105900	10	104322	2010-04-01	\N
105901	3	104323	2010-06-01	\N
105925	100034	104363	2010-08-06	\N
105926	100034	104364	2010-11-12	\N
105927	100034	104365	2010-11-12	\N
105960	10	104398	2012-05-01	\N
105961	10	104399	2012-06-01	\N
105962	100034	104400	2012-01-01	\N
105963	100034	104401	2012-01-01	\N
105964	10	104402	2012-01-01	\N
105893	10	104313	2010-01-01	\N
105912	100034	104351	2011-01-01	\N
105913	100034	104352	2010-09-22	\N
105914	100034	104353	2009-12-14	\N
105915	100034	104354	2010-06-04	\N
105916	100034	104355	2010-08-06	\N
105937	3	104375	2012-01-01	\N
105635	10	104120	2004-10-15	\N
105638	15	103312	2005-01-01	\N
105639	3	104123	2005-01-01	\N
105641	7	104125	2005-01-01	\N
105642	15	104126	2005-01-01	\N
105644	4	104128	2005-01-01	\N
105645	4	104129	2005-01-01	\N
105646	10	104130	2004-11-05	\N
105647	5	104131	2005-03-04	\N
105648	5	104132	2004-11-26	\N
105649	5	104133	2004-12-03	\N
105651	3	104135	2005-01-01	\N
105652	7	104136	2005-05-01	\N
105653	7	104137	2005-04-01	\N
105654	7	104138	2005-05-01	\N
105664	7	104144	2005-08-04	\N
105659	100034	104141	2005-04-01	\N
105668	10	103739	2003-01-01	\N
105669	100034	104146	2003-12-01	\N
105670	100034	104147	2003-01-01	\N
105671	100034	104148	2005-08-19	\N
105672	100034	104149	2005-04-29	\N
105673	100034	104150	2005-08-26	\N
105674	3	104151	2005-11-01	\N
105675	3	104152	2006-05-01	\N
105676	3	104153	2005-12-01	\N
105677	7	104154	2006-01-01	\N
105678	15	104155	2006-01-01	\N
105680	15	103142	2004-01-01	\N
105681	100034	104157	2006-01-01	\N
105682	100034	104158	2006-01-01	\N
105683	7	104159	2006-01-01	\N
105686	100034	104162	2006-01-01	\N
105687	5	104163	2006-03-01	\N
105688	3	104164	2006-04-15	\N
105689	7	104165	2006-03-01	\N
105690	5	104166	2006-03-20	\N
105692	3	104168	2006-05-01	\N
105693	10	104169	2005-11-04	\N
105694	10	104170	2005-04-29	\N
105696	10	104172	2005-07-29	\N
105697	10	104173	2005-07-29	\N
105714	7	104185	2006-07-01	\N
105716	10	104187	2006-05-29	\N
105718	7	104188	2006-07-10	\N
105720	100035	104191	2005-04-29	\N
105721	100035	103236	2006-01-01	\N
105722	15	104192	2006-10-01	\N
105724	7	104194	2007-01-01	\N
105725	3	104195	2006-12-01	\N
105727	10	104197	2006-08-18	\N
105731	100034	104199	2007-01-01	\N
105730	15	102917	1998-01-10	\N
105732	100034	104200	2007-01-01	\N
105733	100034	104201	2007-01-01	\N
105734	100034	104202	2007-01-01	\N
105736	10	104204	2007-01-19	\N
105737	10	104205	2007-01-19	\N
105764	7	104208	2007-01-01	\N
105765	7	104209	2007-01-01	\N
105767	10	104211	2006-10-27	\N
105770	15	104214	2007-03-23	\N
105771	100034	102644	2005-01-01	\N
105772	100034	102838	2004-01-01	\N
105775	7	104217	2007-05-31	\N
105776	3	104218	2007-07-01	\N
105777	10	104121	2007-06-01	\N
105779	10	104220	2007-05-25	\N
105780	10	104221	2007-06-01	\N
105781	10	104222	2007-07-01	\N
105782	100034	104223	2007-06-01	\N
105783	100034	104224	2007-06-01	\N
105784	100034	104225	2007-06-01	\N
105786	100035	102770	2007-05-01	\N
105787	100035	103212	2007-06-01	\N
105788	100035	104065	2007-06-01	\N
105789	100034	104227	2007-07-01	\N
105799	100034	104233	2007-09-04	\N
105800	100034	104234	2007-09-13	\N
105802	7	104236	2008-01-01	\N
105803	10	104237	2007-10-16	\N
105804	10	104238	2008-01-01	\N
105811	3	104244	2008-01-01	\N
105813	100034	104245	2008-01-01	\N
105817	10	104248	1984-01-01	\N
105818	10	104249	2007-12-21	\N
105827	3	104255	2008-04-01	\N
105829	10	104257	2008-04-04	\N
105831	100034	104258	2008-03-03	\N
105832	100034	104259	2008-03-10	\N
105833	100034	104260	2007-09-25	\N
105834	5	104261	2008-05-09	\N
105836	100034	104262	2008-02-29	\N
105881	4	104302	2010-02-01	\N
105882	4	104303	2010-02-01	\N
105883	4	104304	2010-02-01	\N
105884	4	104305	2010-02-01	\N
105885	4	104306	2010-01-03	\N
105886	100034	104307	2010-01-01	\N
105887	100035	104308	2010-01-15	\N
105888	15	104309	2010-01-03	\N
105890	10	104311	2010-04-01	\N
105891	3	103362	2010-01-01	\N
105400	3	104044	2003-01-01	\N
105402	4	104046	2002-09-16	\N
105405	10	103616	2003-01-01	\N
105411	10	102876	2003-01-01	\N
105418	10	102867	2003-01-01	\N
105421	10	103653	2003-01-01	\N
105424	10	103455	2003-01-01	\N
105426	10	103260	2003-01-01	\N
105428	10	102683	2003-01-01	\N
105435	10	102737	2003-01-01	\N
105444	10	102769	2003-01-01	\N
105465	10	103982	2003-01-01	\N
105468	13	104050	2003-01-01	\N
105469	10	104047	2003-01-01	\N
105470	15	103589	2003-01-01	\N
105471	3	104051	2002-01-01	\N
105473	13	104053	2003-01-01	\N
105474	13	104054	2003-01-01	\N
105475	13	104055	2003-01-02	\N
105477	5	104057	2003-03-01	\N
105480	5	104060	2003-04-01	\N
105482	5	102930	2003-03-01	\N
105483	15	103989	2003-03-01	\N
105486	3	102883	2003-03-01	\N
105487	3	103646	2003-03-01	\N
105489	3	102874	2003-03-01	\N
105490	3	103571	2003-03-01	\N
105496	10	104064	2003-01-01	\N
105500	3	102878	2003-03-01	\N
105502	10	103988	2003-01-01	\N
105504	3	104066	2003-08-27	\N
105923	3	104361	2011-02-01	\N
105924	5	104362	2011-01-01	\N
105936	7	104374	2011-01-01	\N
105938	7	104377	2012-01-01	\N
105939	7	104376	2012-01-01	\N
105957	100035	104395	2012-04-01	\N
105931	100035	104369	2011-04-29	\N
105932	3	104370	2011-06-01	\N
105933	5	104371	2011-04-29	\N
105943	10	104383	2012-03-01	\N
105944	10	104382	2012-01-01	\N
105945	10	104381	2012-01-01	\N
105953	7	104391	2012-01-01	\N
105954	13	104394	2012-01-03	\N
105955	13	104393	2012-04-06	\N
105956	13	104392	2012-03-09	\N
105958	7	104396	2012-04-24	\N
105959	7	104397	2012-04-26	\N
105528	100034	102820	2003-08-01	\N
105529	100034	103857	2003-08-01	\N
105530	100034	102797	2003-08-01	\N
105535	100034	103916	2003-08-01	\N
105536	100034	103663	2003-08-01	\N
105538	100034	102921	2003-08-01	\N
105540	100034	103721	2003-08-01	\N
105542	100034	103940	2003-08-01	\N
105545	100034	103837	2003-08-01	\N
105547	100034	102604	2003-08-01	\N
105560	10	104068	2003-08-01	\N
105562	100034	104070	2003-09-01	\N
105564	100034	104072	2003-09-01	\N
105565	100034	104073	2003-09-01	\N
105566	100034	104074	2003-01-01	\N
105567	100034	104075	2003-01-01	\N
105568	7	104076	2003-12-01	\N
105573	3	104078	2004-01-01	\N
105575	15	102605	2004-01-01	\N
105576	5	103251	2004-01-01	\N
105581	15	104080	2004-01-01	\N
105583	3	104082	2004-03-01	\N
105584	3	104083	2004-03-01	\N
105586	7	104085	2004-02-26	\N
105587	100034	104086	2004-03-01	\N
105596	10	104095	2004-01-01	\N
105597	10	104096	2004-01-01	\N
105606	15	102596	2004-01-01	\N
105609	7	104104	2004-03-25	\N
105621	10	104108	2004-03-26	\N
105622	10	104109	2004-02-13	\N
105624	10	104111	2004-02-27	\N
105627	7	104114	2004-04-21	\N
105629	13	104116	2004-01-01	\N
105634	4	104119	2004-06-04	\N
103653	3	102730	1991-01-01	\N
103661	13	102736	1992-01-01	\N
105759	7	104207	2007-01-01	\N
105839	7	104265	2008-08-01	\N
105845	100034	103756	2008-01-01	\N
105850	13	104270	2005-11-25	\N
105851	7	104271	2009-01-01	\N
105860	100034	104280	2009-03-01	\N
105862	15	104282	2008-03-14	\N
105863	13	104283	2008-12-05	\N
105867	15	104288	2007-03-02	\N
105868	10	104289	2009-07-01	\N
105869	3	104290	2009-07-01	\N
105872	3	104294	2009-09-26	\N
105865	7	104286	2009-06-01	\N
105870	100034	104291	2009-06-01	\N
105871	10	104292	2009-07-01	\N
105873	3	103770	2009-12-01	\N
105874	15	104295	2009-12-23	\N
105875	5	104296	2010-01-01	\N
105876	5	104297	2010-01-01	\N
105877	5	104298	2010-01-01	\N
105878	7	104299	2010-01-01	\N
105879	7	104300	2010-01-01	\N
103510	7	102633	1994-01-01	\N
103516	5	102637	1990-01-01	\N
103568	14	102670	1997-01-03	\N
106025	10	104468	2012-10-01	\N
106026	7	104463	2012-12-20	\N
106027	7	104464	2013-01-21	\N
106028	10	104465	2012-12-07	\N
106029	5	104466	2012-11-02	\N
106030	5	104467	2012-08-24	\N
106031	12	104469	2013-01-01	\N
103583	14	102678	1996-01-01	\N
103584	5	102679	1990-01-01	\N
103452	7	102594	1988-01-01	\N
103462	10	102600	1989-01-01	\N
105894	3	104318	2010-05-01	\N
105895	3	104317	2010-04-01	\N
105896	3	104319	2010-05-01	\N
105897	5	104315	2010-11-05	\N
105918	100035	104357	2011-01-01	\N
105919	15	104358	2010-06-18	\N
105920	3	104359	2011-01-01	\N
105928	12	104366	2011-01-01	\N
105935	5	104373	2011-10-01	\N
104251	3	103197	1986-01-01	\N
104291	3	103224	1988-01-01	\N
104399	5	103307	1987-01-01	\N
104478	5	103361	1986-01-01	\N
104655	3	103487	1995-01-01	\N
105837	100034	104263	2008-04-01	\N
105838	7	104264	2008-12-01	\N
105790	15	104228	2007-01-01	\N
105796	3	104231	2007-08-24	\N
105797	100034	104232	2007-07-01	\N
105806	7	104239	2008-01-01	\N
105807	7	104240	2008-01-01	\N
105809	15	104242	2007-12-21	\N
104672	10	103500	1986-01-01	\N
104707	3	103524	1986-01-01	\N
104793	7	103587	1986-01-01	\N
104805	3	103597	1986-01-01	\N
104870	5	103644	1998-01-01	\N
104876	10	103648	1986-01-01	\N
105965	5	104403	2012-08-01	\N
105966	100034	104404	2012-01-01	\N
105968	10	104406	2011-12-09	\N
105969	5	104407	2009-01-01	\N
103699	5	102764	1992-01-01	\N
103749	10	102796	1993-01-01	\N
103761	15	102801	1996-01-01	\N
103784	7	102818	1994-01-01	\N
103803	13	102835	1994-01-01	\N
103805	3	102837	1994-01-01	\N
103814	7	102846	1995-01-01	\N
103816	10	102848	1995-01-01	\N
103821	10	102853	1994-01-01	\N
103833	4	102863	1997-01-02	\N
103837	15	102865	1995-01-01	\N
103849	12	102872	1997-01-01	\N
103874	7	102892	1996-01-01	\N
105633	12	104118	2004-03-26	\N
103886	10	102904	1996-01-01	\N
103887	13	102905	1997-01-01	\N
103888	10	102906	1997-01-01	\N
103897	3	102915	1997-01-01	\N
103901	3	102919	1997-01-01	\N
103904	3	102922	1997-01-01	\N
103918	7	102934	1992-01-01	\N
103919	10	102935	1993-01-01	\N
106179	100034	104619	2013-01-01	\N
106180	100034	104616	2013-01-01	\N
106181	3	104618	2013-11-01	\N
106182	100034	104617	2013-01-01	\N
104089	10	103072	1986-01-01	\N
104103	3	103084	1986-01-01	\N
104147	7	103120	1986-01-01	\N
104921	10	103687	1986-01-01	\N
104971	7	103733	1986-01-01	\N
104984	4	103744	1997-01-02	\N
105031	3	103780	1988-01-01	\N
105067	5	103803	1987-01-01	\N
105212	3	103950	2000-03-01	\N
105213	15	103951	1999-10-22	\N
105219	7	103958	2000-03-20	\N
105220	7	103959	2000-03-20	\N
105221	7	103961	2000-03-31	\N
105231	12	103979	2000-01-01	\N
105729	13	104198	2007-01-01	\N
105739	5	103840	2007-01-01	\N
105744	5	102992	2007-01-01	\N
105746	5	102889	2007-01-01	\N
105747	5	103047	2007-01-01	\N
105748	5	104193	2007-01-01	\N
105749	5	104145	2007-01-01	\N
105751	5	103289	2007-01-01	\N
105752	5	102741	2007-01-01	\N
105755	5	103033	2007-01-01	\N
105757	5	103021	2007-01-01	\N
105763	5	103268	2007-01-01	\N
105820	10	104251	2004-12-10	\N
105825	4	104254	2008-01-01	\N
105830	5	103952	2008-01-01	\N
105840	100034	104266	2008-10-01	\N
105841	100034	102949	2008-01-01	\N
105842	100034	103334	2008-01-01	\N
105843	100034	102643	2008-01-01	\N
105844	100034	103466	2008-01-01	\N
105846	7	104267	2009-01-01	\N
105847	3	104268	2009-01-01	\N
105848	3	104269	2009-02-01	\N
105849	100034	103527	2009-01-01	\N
105855	100035	104275	2009-01-01	\N
105864	100034	104285	2009-04-01	\N
105866	4	104287	2009-06-01	\N
105880	5	104301	2010-01-02	\N
105242	5	103990	2000-08-18	\N
105249	10	103667	2000-11-01	\N
105250	5	103579	2001-01-01	\N
105293	10	103998	2000-07-21	\N
105308	7	103273	2001-01-01	\N
105311	7	102907	2001-01-01	\N
105312	7	103001	2001-01-01	\N
105313	7	103089	2001-01-01	\N
105314	7	103784	2001-01-01	\N
105315	7	102693	2001-01-01	\N
105316	7	103899	2001-01-01	\N
105320	7	103901	2001-01-01	\N
105322	7	103155	2001-01-01	\N
105323	7	103156	2001-01-01	\N
105324	7	103133	2001-01-01	\N
105325	7	102695	2001-01-01	\N
105327	3	102926	2001-01-01	\N
105328	3	102920	2001-01-01	\N
105336	3	103678	2001-01-01	\N
105338	3	103847	2001-01-01	\N
105339	3	102843	2001-01-01	\N
105340	3	103676	2001-01-01	\N
105342	3	102703	2001-01-01	\N
105343	3	102610	2001-01-01	\N
105347	3	102579	2001-01-01	\N
105350	7	104011	2001-04-01	\N
105352	4	104013	2001-01-01	\N
105357	7	104016	2001-05-07	\N
105362	3	102909	2001-07-15	\N
105363	15	103623	2001-04-01	\N
105364	5	104019	2002-01-01	\N
105367	4	103154	2001-01-01	\N
105374	5	102886	2002-01-01	\N
105375	5	102901	2002-01-01	\N
105378	7	104023	2002-01-14	\N
105385	3	104030	2002-04-17	\N
105386	3	104031	2002-04-02	\N
105388	10	104033	2002-04-01	\N
105476	7	104056	2003-03-01	\N
105892	15	104312	2010-01-01	\N
105909	100035	104349	2010-05-01	\N
105910	100035	104350	2010-01-01	\N
105922	10	104360	2011-02-01	\N
105930	7	104368	2011-05-06	\N
105934	14	104372	2009-09-01	\N
105940	100034	104378	2011-01-01	\N
105941	100034	104379	2011-01-01	\N
105942	100034	104380	2011-01-01	\N
105952	3	104390	2011-07-01	\N
105970	100034	104410	2012-09-01	\N
105971	100034	104409	2012-03-09	\N
105972	100034	104408	2011-10-07	\N
106108	14	104091	2012-01-01	\N
106109	3	104546	2013-01-11	\N
106110	14	104547	2012-01-01	\N
106111	14	104548	2012-01-01	\N
106112	14	104549	2012-01-01	\N
106113	14	104550	2012-01-01	\N
106114	100035	104551	2013-05-01	\N
106115	100034	104552	2011-11-04	\N
106116	14	104553	2012-01-01	\N
106117	14	104554	2012-01-01	\N
106120	14	104557	2012-01-01	\N
106036	15	104477	2012-10-19	\N
106037	3	104476	2013-02-22	\N
106038	14	104474	1990-02-25	\N
106039	15	104475	2012-02-03	\N
106084	14	104522	2012-01-01	\N
106085	14	104523	2012-01-01	\N
106086	14	104524	2012-01-01	\N
106087	15	104525	2012-11-02	\N
106088	100035	104526	2013-04-01	\N
106089	14	104527	2012-01-01	\N
106090	14	104528	2012-01-01	\N
106091	14	104529	2012-01-02	\N
106092	14	104530	2012-01-01	\N
106093	14	104531	2012-01-01	\N
106094	14	104532	2012-01-01	\N
106095	14	104533	2012-01-01	\N
106096	14	104534	2012-11-01	\N
106097	14	104535	2012-01-01	\N
106098	10	104536	2012-11-02	\N
106099	14	104537	2013-01-01	\N
106100	14	104538	2012-01-01	\N
106101	14	104539	2012-01-01	\N
106102	14	104540	2012-01-01	\N
106103	14	104541	2012-01-01	\N
106104	14	104542	2012-01-01	\N
106105	14	104543	2012-01-01	\N
106106	14	104544	2012-01-01	\N
106107	14	104545	2012-01-01	\N
105974	100034	104413	2012-12-01	\N
105975	100034	104412	2011-12-02	\N
106122	7	104560	2013-09-20	\N
105973	3	104411	2012-12-01	\N
106073	14	104511	2012-01-01	\N
106074	100035	104512	2013-01-11	\N
106075	4	104513	2013-01-01	\N
106076	15	104514	2013-01-01	\N
106077	14	104515	2012-01-01	\N
106078	14	104516	2012-01-01	\N
106079	14	104517	2012-01-01	\N
106080	15	104518	2013-02-08	\N
106081	14	104519	2012-01-01	\N
106082	3	104520	2013-03-11	\N
106083	15	104521	2012-09-21	\N
106121	3	104558	2013-07-05	\N
106203	7	104646	2013-12-06	\N
106204	7	104648	2013-12-06	\N
106206	5	104649	2013-09-01	\N
106207	3	104645	2013-07-05	\N
\.


--
-- Data for Name: FytoProducten; Type: TABLE DATA; Schema: public; Owner: -
--

COPY "FytoProducten" ("PdtId", "VbsId", "OseId", "CedId", "FmgId", "Merknaam", "Toelatingsnummer", "Toelatingsnummerconstante", "EvoKaartnummer", "GevaarsetiketADR", "BestandsnaamEtikettekst", "VervallenJn", "ToelatingsverlengingJn", "GevarenklasseTransport", "UnCode", "TpdId", "McmId", "Toelatingsexpiratie", "UitersteOpgebruikdatum", "WNummer", "UitersteVerkoopdatum", "TekstVrachtbrief", "SoortelijkGewicht", "MinimumOpslagtemperatuur", "MaximumOpslagtemperatuur", "Type", "Omrekenfactor") FROM stdin;
102579	1	100003	2	57	TURBAT WP	10002	N	alg.instructiekaart	9	V10002NA.PDF	f	t	9,III	3077	100046	\N	1999-09-09	\N	3	2004-06-01	UN 3077 MILIEUGEVAARLIJKE VASTE STOF, N.E.G., (bevat mancozeb, cymoxanil), 9,III,(E)	1	\N	49	I	1
102594	1	100010	1	46	LIROTECT SUPER 375 SC	10098	N	alg.instructiekaart	9	V10098NA.PDF	f	t	9,III	3082	100039	\N	2015-12-31	\N	1	2011-12-31	UN 3082 MILIEUGEVAARLIJKE VLOEISTOF, N.E.G.,(Thiabendazool en Imazalil), 9,III,(E)	1.1399999999999999	0	\N	I	1
102596	1	100010	1	46	CAPTOSAN 500 SC	10104	N	alg.instructiekaart	9	V10104NA.PDF	f	t	9,III	3082	100057	\N	2014-03-01	\N	9	2006-12-01	UN 3082 MILIEUGEVAARLIJKE VLOEISTOF, N.E.G., (Captan, mengsel), 9,III,(E)	1	0	\N	I	1
102600	2	100004	2	30	METALD-SLAKKENKORRELS	10163	N	\N	n.v.t.	V10163NA.PDF	f	t	\N	\N	100070	\N	2015-05-31	\N	2	1999-09-09	\N	1	0	40	I	\N
102604	2	100010	1	46	VERIGAL	10191	N	alg.instructiekaart	9	V10191NA.PDF	f	t	9,III	3082	100066	\N	1999-09-09	\N	3	1999-10-01	Gelimiteerde hoeveelheden vrijstelling i.o.m. Hfst. 3.4 ADR/VLG	1.23999999999999999	0	40	I	1
102605	1	100010	1	46	VERIGAL D	10194	N	alg.instructiekaart	9	V10194NA.PDF	f	t	9,III	3082	100017	\N	2014-09-01	\N	5	2013-02-22	UN 3082 MILIEUGEVAARLIJKE VLOEISTOF, N.E.G., (mengsel van bifenox), 9,III,(E)	1.23999999999999999	-5	\N	I	1
102610	1	100011	1	12	SUMICIDIN SUPER	10211	N	alg.instructiekaart	3	V10211NA.PDF	f	t	3,III	1993	100032	\N	2015-12-31	\N	16	1999-09-09	UN 1993 BRANDBARE VLOEISTOF, N.E.G., (bevat xyleen, esfenvaleraat), 3,III,(D/E)	0.890000000000000013	\N	40	I	1
102633	1	100004	2	56	THIRAM GRANUFLO	10172	N	alg.instructiekaart	9	V10172NA.PDF	f	t	9,III	3077	100037	\N	2021-05-01	\N	9	1999-12-31	UN 3077  MILIEUGEVAARLIJKE VASTE STOF, N.E.G., (Thiram), 9,III,(E)	0.550000000000000044	-5	\N	I	1
102637	1	100010	1	46	NISSORUN VLOEIBAAR	10379	N	alg.instructiekaart	9	V10379NA.PDF	f	t	9,III	3082	100026	\N	1999-09-09	\N	3	2007-12-14	UN 3082 MILIEUGEVAARLIJKE VLOEISTOF, N.E.G., (Hexythiazox), 9,III, (E)	1.09000000000000008	0	\N	I	1
102643	1	100004	2	1	FRAP	10423	N	\N	n.v.t.	V10423NA.PDF	f	t	\N	\N	100059	\N	2014-10-31	\N	\N	\N	\N	1	0	\N	I	\N
102644	2	100004	2	1	FRAP MUIZENKORRELS	10424	N	\N	n.v.t.	V10424NA.PDF	f	t	\N	\N	100059	\N	1999-09-09	\N	\N	\N	\N	1	0	\N	I	\N
102670	1	100003	2	56	TRIDEX DG	10560	N	alg.instructiekaart	9	V10560NA.PDF	f	t	9,III	3077	100037	\N	2021-11-01	\N	6	2012-05-01	UN 3077 MILIEUGEVAARLIJKE VASTE STOF, N.E.G., (mancozeb), 9,III,(E)	1	0	40	I	1
102678	1	100003	2	56	VONDAC  DG	10602	N	alg.instructiekaart	9	V10602NA.PDF	f	t	9,III	3077	100037	\N	2021-12-01	\N	8	2012-06-01	UN 3077 MILIEUGEVAARLIJKE VASTE STOF, N.E.G., (maneb), 9,III,(E)	1	0	40	I	1
102679	1	100010	1	46	DIMILIN VLOEIBAAR	10604	N	alg.instructiekaart	9	V10604NA.PDF	f	t	9,III	3082	100031	\N	1999-09-09	\N	9	2010-08-01	UN 3082 MILIEUGEVAARLIJKE VLOEISTOF, N.E.G., (Diflubenzuron), 9,III, (E)	1.19999999999999996	0	35	I	1
102683	1	100010	1	49	FINALE SL 14	10645	N	alg.instructiekaart	6.1+11	V10645Na.pdf	f	t	6.1,III	2902	100013	\N	2014-06-01	\N	7	2008-12-01	UN 2902 PESTICIDE, VLOEIBAA,R GIFTIG, N.E.G.,(oplossing van glyfosinaatammonium/propyleen-glykolmomoethylether in water), 6.1,III,(E)	1.1100000000000001	0	50	I	3
102693	1	100011	1	12	BOXER	10701	N	alg.instructiekaart	9	V10701Na.pdf	f	t	9,III	3082	100019	\N	2023-09-01	\N	8	2014-03-01	UN 3082 MILIEUGEVAARLIJKE VLOEISTOF, N.E.G., (Prosulfocarb, mengsel), 9,III,(E)	1.01000000000000001	-5	\N	I	1
102695	1	100012	1	46	SHIRLAN	12205	N	alg.instructiekaart	9	V12205NA.PDF	f	t	9,III	UN3082	100046	\N	2014-09-01	\N	4	2014-04-01	UN 3082 MILIEUGEVAARLIJKE VLOEISTOF, N.E.G., (fluazinam mengsel), 9,III,(E)	1.30000000000000004	-5	\N	I	1
102703	1	100010	1	46	STOMP 400 SC	10766	N	alg.instructiekaart	9	V10766NA.PDF	f	t	9,III	3082	100025	\N	2019-12-31	\N	18	1999-09-09	UN 3082 MILIEUGEVAARLIJKE VLOEISTOF, N.E.G., (bevat pendimethalin), 9,III, (E)	1.1100000000000001	-5	35	I	1
102730	1	100010	1	12	FOCUS PLUS	10866	N	\N	n.v.t.	V10866NA.pdf	f	t	\N	\N	100011	\N	1999-09-09	\N	7	1999-09-09	\N	0.92000000000000004	-9	30	I	\N
102736	1	100004	2	48	ALLY SX	10903	N	alg.instructiekaart	9	V10903NA.PDF	f	t	9,III	3077	100017	\N	2015-12-31	\N	4	2015-07-01	UN 3077 MILIEUGEVAARLIJKE VASTE STOF, N.E.G., (bevat metsulfuron methyl), 9,III,(E)	1	\N	\N	I	1
102737	1	100010	1	46	JAVELIN	10904	N	alg.instructiekaart	9	V10904NA.PDF	f	t	9,III	3082	100017	\N	1999-09-09	\N	1	2009-06-14	UN 3082 MILIEUGEVAARLIJKE VLOEISTOF, N.E.G., ( isoproturon), 9,III,(E)	1.10000000000000009	0	\N	I	1
102741	1	100010	1	22	PROSEED	10918	N	alg.instructiekaart	9	V10918NA.PDF	f	t	9,III	3082	100035	\N	2023-08-01	\N	6	2014-01-01	UN 3082 MILIEUGEVAARLIJKE VLOEISTOF, N.E.G.,(Thiram),9,III,(E)	1.1399999999999999	0	35	I	1
102764	1	100011	1	12	ROCKET EC	13378	N	alg.instructiekaart	3	V13378NA.PDF	f	t	3,III	1993	100050	\N	2020-10-01	\N	\N	\N	UN 1993 BRANDBARE VLOEISTOF,N.E.G., (Aromatische oplosmiddelen),3,III (D/E)	0.939999999999999947	0	30	I	1
102769	1	100010	1	46	RIZOLEX VLOEIBAAR	11098	N	alg.instructiekaart	9 + 11	V11098Na.pdf	f	t	9,III	3082	100052	\N	2021-10-01	\N	5	1999-09-09	UN 3082 MILIEUGEVAARLIJKE VLOEISTOF, N.E.G., (mengsel van tolclofos-methyl), 9,III,(E)	1.16999999999999993	0	30	I	1
102770	1	100011	1	12	CAREX	11101	N	alg.instructiekaart	6.1+3	V11101NA.PDF	f	t	6.1,I	2903	100033	\N	1999-09-09	\N	3	2008-12-14	UN 2903 PESTICIDE, VLOEIBAA,R GIFTIG, BRANDBAA,R N.E.G.,(oplossing van pyridaben in koolwaterstoffen) met een vlampunt gelijk aan of hoger dan 23C, 6.1(3),I,(D/E)	0.959999999999999964	0	30	I	50
102796	1	100011	1	16	EXACT PLUS EW50	11222	N	alg.instructiekaart	3 + 11	V11222Na.PDF	f	t	3,III	1993	100041	\N	1999-09-09	\N	9	1999-09-09	UN 1993 BRANDBARE VLOEISTOF, N.E.G., (25 % cyclohaxanon 5 % triadimenol emulsie)/bijzondere bepaling 640E, 3,III,(D/E)	1.01000000000000001	0	40	I	1
102797	2	100011	1	16	EXACT VLOEIBAAR	11223	N	alg.instructiekaart	3	V11223na.PDF	f	t	3,III	1993	100069	\N	1999-09-09	\N	5	2003-02-01	Gelimiteerde hoeveelheden vrijstelling i.o.m. Hfst. 3.4 ADR/VLG	1.01000000000000001	0	40	I	1
102801	1	100010	1	49	GLYPHOGAN	11230	N	alg.instructiekaart	9	V11230Na.PDF	f	t	9,III	3082	100013	\N	2015-12-31	\N	6	2015-07-01	UN 3082 MILIEUGEVAARLIJKE VLOEISTOF, N.E.G., (glyfosaat, gethoxyleerde tallowamine), 9,III,(E)	1.16999999999999993	-15	50	I	1
102818	1	100010	1	12	BANVEL 4S	11291	N	\N	n.v.t.	V11291NA.PDF	f	t	\N	\N	100023	\N	1999-09-09	\N	\N	\N	\N	1.18999999999999995	0	\N	I	\N
102820	2	100010	1	46	DIMANIN-BLAUW	11302	N	alg.instructiekaart	8	V11302NA.PDF	f	t	8,II	1760	100065	\N	1999-09-09	\N	\N	\N	Gelimiteerde hoeveelheden vrijstelling i.o.m. Hfst. 3.4 ADR/VLG	0.989999999999999991	0	40	I	3
102835	1	100004	2	56	TITUS	11393	N	alg.instructiekaart	9	V11393NA.PDF	f	t	9,III	3077	100019	\N	2020-06-01	\N	8	2015-07-01	UN 3077 MILIEUGEVAARLIJKE VASTE STOF, N.E.G., (bevat rimsulfuron), 9,III,(E)	1	\N	\N	I	1
102837	1	100010	1	47	OPUS TEAM	11407	N	alg.instructiekaart	9	V11407NA.pdf	f	t	9,III	3082	100044	\N	2014-05-01	\N	6	1999-09-09	UN 3082 MILIEUGEVAARLIJKE VLOEISTOF, N.E.G., (bevat fenpropimorf, epoxiconazool, solvent nafta), 9,III,(E)	1.01000000000000001	-10	40	I	1
102838	1	100004	2	5	SUPERCAID WAX	11424	N	\N	n.v.t.	V11424NA.PDF	f	t	\N	\N	100059	\N	1999-09-09	\N	\N	\N	\N	1	\N	\N	I	\N
102843	1	100004	2	57	PARAAT	11432	N	\N	n.v.t.	V11432NA.PDF	f	t	\N	\N	100048	\N	2023-07-01	\N	7	1999-09-09	\N	1	\N	40	I	\N
102846	1	100010	1	12	SCORE 250 EC	11453	N	alg.instructiekaart	9	V11453NA.PDF	f	t	9,III	3082	100041	\N	1999-09-09	\N	6	1999-09-09	UN 3082 MILIEUGEVAARLIJKE VLOEISTOF, N.E.G., (solvent naphtha en difenoconazool 25%), 9,III,(E)	1.07000000000000006	-5	\N	I	1
102848	1	100004	2	58	GAUCHO TUINBOUW	12341	N	alg.instructiekaart	9	V12341NA.PDF	f	t	9,III	3077	100028	\N	2014-01-01	\N	7	2013-09-06	UN 3077 MILIEUGEVAARLIJKE VASTE STOF, N.E.G.(IMIDACLOPRID MIXTURE),9,III(E)	1	-10	40	I	1
102853	1	100004	2	56	ADMIRE	11483	N	alg.instructiekaart	9	V11483NA.PDF	f	t	9,III	3077	100034	\N	2014-01-31	\N	14	2013-09-06	UN 3077, MILIEGEVAARLIJKE VASTE STOF, N.E.G.(Imidacloprid mixture) 9,III,(E)	1	\N	60	I	1
102863	1	100010	1	49	LONTREL 100	11526	N	\N	n.v.t.	V11526NA.PDF	f	t	\N	\N	100021	\N	2021-10-01	\N	4	2015-06-30	\N	1.05000000000000004	-10	40	I	\N
102865	1	100010	1	46	MIRAGE PLUS 570 SC	11529	N	alg.instructiekaart	9	V11529Na.PDF	f	t	9,III	3082	100054	\N	1999-09-09	\N	2	2006-02-01	UN 3082 MILIOEUGEVAARLIJKE VLOEISTOF, N.E.G., (prochloraz), 9,III,(E)	1.27000000000000002	\N	\N	I	1
102867	1	100010	1	12	BETANAL EXPERT	11533	N	alg.instructiekaart	9 + 11	V11533NA.PDF	f	t	9,III	3082	100021	\N	2021-10-01	\N	5	1999-09-09	UN 3082 MILIEUGEVAARLIJKE VLOEISTOF, N.E.G.,(oplossing van fenmedifam, desmedifam en ethofumesaat), 9,III,(E)	1.08000000000000007	0	28	I	1
102872	1	100010	1	49	ROUNDUP ECON 400	11553	N	\N	n.v.t.	V11553NA.PDF	f	t	\N	\N	100013	\N	2015-12-31	\N	3	2007-12-31	\N	1.17999999999999994	-15	40	I	\N
102874	1	100010	1	46	SCALA	11555	N	\N	n.v.t.	V11555Na.pdf	f	t	\N	\N	100041	\N	2023-04-01	\N	4	1999-09-09	\N	1.07000000000000006	0	40	I	\N
102876	1	100004	2	56	ALIETTE WG	11561	N	\N	n.v.t.	V11561na.pdf	f	t	\N	\N	100048	\N	1999-09-09	\N	2	2011-02-28	\N	1	0	30	I	\N
102878	1	100010	1	16	SPORTAK EW	11567	N	alg.instructiekaart	9	V11567Na.pdf	f	t	9,III	3082	100057	\N	1999-09-09	\N	\N	\N	UN 3082 MILIEUGEVAARLIJKE VLOEISTOF, N.E.G., (bevat prochloraz, solvent nafta), 9,III,(E)	1.12999999999999989	\N	\N	I	1
102883	1	100010	1	46	ALLURE VLOEIBAAR	11585	N	alg.instructiekaart	6.1	V11585NA.PDF	f	t	6.1,II	2902	100054	\N	1999-09-09	\N	2	2008-12-14	UN 2902 PESTICIDE, VLOEIBAA,R GIFTIG, N.E.G.(bevat chloorthalonil, prochloraz), 6.1, II (D/E)	1.19999999999999996	0	40	I	1
102886	1	100004	2	56	ROYAL MH SPUITKORREL	11599	N	\N	n.v.t.	V11599NA.PDF	f	t	\N	\N	100063	\N	2019-12-01	\N	2	1999-09-09	\N	1	\N	\N	I	\N
102889	1	100010	1	12	GRO-STOP BASIS	11631	N	alg.instructiekaart	9	V11631NA.PDF	f	t	9,III	3082	100063	\N	2019-07-01	\N	2	2008-12-14	UN 3082 MILIEUGEVAARLIJKE VLOEISTOF, N.E.G., (Chloorprofam), 9,III, (E)	1	5	30	I	1
102892	1	100004	2	56	INSEGAR 25 WG	11643	N	alg.instructiekaart	9	V11643NA.PDF	f	t	9,III	3077	100031	\N	1999-09-09	\N	2	2008-12-14	UN 3077  MILIEUGEVAARLIJKE VASTE STOF, N.E.G.,(Fenoxycarb), 9,III,(E)	1	-10	\N	I	1
102901	1	100004	2	57	TUREX SPUITPOEDER	11702	N	\N	n.v.t.	V11702NA.PDF	f	t	\N	\N	100031	\N	1999-09-09	\N	2	1999-09-09	\N	1	\N	\N	I	\N
102904	1	100011	1	46	MESUROL 500 SC	11720	N	alg.instructiekaart	6.1	V11720NA.PDF	f	t	6.1,II	2992	100033	\N	2014-01-01	\N	6	2007-12-04	UN 2992 PESTICIDE, CARBAMAAT, VLOEIBAA,R GIFTIG (44,3% mercaptodimethur), 6.1,II,(D/E)	1.12000000000000011	-10	40	I	3
102905	1	100004	2	56	SAFARI	11754	N	alg.instructiekaart	9	V11754NA.PDF	f	t	9,III	3077	100021	\N	1999-09-09	\N	4	2015-07-01	UN 3077 MILIEUGEVAARLIJKE VASTE STOF, N.E.G., (bevat triflusulfuron-methyl), 9,III,(E)	1	\N	\N	I	1
102906	1	100004	2	56	FOLICUR	11765	N	alg.instructiekaart	9	V11765NA.PDF	f	t	9,III	3077	100054	\N	1999-09-09	\N	5	2009-06-14	UN 3077 MILIEUGEVAARLIJKE VASTE STOF, N.E.G., (25% tebuconazol), 9,III,(E)	1	\N	50	I	1
102907	1	100010	1	46	AMISTAR	11767	N	alg.instructiekaart	9	V11767NA.PDF	f	t	9,III	3082	100052	\N	2015-12-31	\N	6	1999-09-09	UN 3082 MILIEUGEVAARLIJKE VLOEISTOF, N.E.G., (bevat azoxystrobin 25%), 9,III,(E)	1.09000000000000008	-10	\N	I	1
102909	1	100004	2	56	MASAI 25 WG	11781	N	alg.instructiekaart	9	V11781NA.PDF	f	f	9,III	3077	100026	\N	2014-04-30	2015-07-01 00:00:00	\N	\N	UN 3077 MILIEUGEVAARLIJKE VASTE STOF, N.E.G., (bevat tebufenpyrad), 9,III,(E)	1	\N	40	I	1
102915	1	100004	2	56	STROBY WG	11818	N	alg.instructiekaart	9	v11818na.pdf	f	t	9,III	3077	100041	\N	2015-12-31	\N	2	2004-01-01	UN 3077 MILIEUGEVAARLIJKE VASTE STOF, N.E.G., (bevat kresoxim-methyl), 9,III,(E)	1	\N	40	I	1
102917	1	100010	1	46	MIRAGE ELAN	11824	N	alg.instructiekaart	9	V11824NA.PDF	f	t	9,III	3082	100057	\N	1999-09-09	\N	\N	\N	UN 3082 MILIEUGEVAARLIJKE VLOEISTOF, N.E.G.,  (prochloraz-Zn), 9,III, (E)	1.18999999999999995	5	30	I	1
102919	1	100010	1	46	ALLEGRO	11826	N	alg.instructiekaart	9	v11826na.pdf	f	t	9,III	3082	100044	\N	2014-03-01	\N	1	1999-09-09	UN 3082 MILIEUGEVAARLIJKE VLOEISTOF, N.E.G., (bevat kresoxim-methyl, epoxiconazool), 9,III,(E)	1.09000000000000008	\N	\N	I	1
102920	1	100011	1	12	ADMIRAL	11828	N	alg.instructiekaart	3	V11828NA.PDF	f	t	3,III	1993	100033	\N	1999-09-09	\N	\N	\N	UN 1993 BRANDBARE VLOEISTOF, N.E.G., (bevat pyriproxyfeen, xyleen), 3,III,(D/E)	0.900000000000000022	\N	40	I	1
102921	2	100004	2	48	MASAI	11833	N	alg.instructiekaart	9	V11833na.PDF	f	t	9,III	3077	100067	\N	1999-09-09	\N	\N	\N	Gelimiteerde hoeveelheden vrijstelling i.o.m. Hfst. 3.4 ADR/VLG	1	0	40	I	1
102922	1	100010	1	46	KENBYO FL	11841	N	alg.instructiekaart	9	v11841na.pdf	f	t	9,III	3082	100050	\N	2015-12-31	\N	2	2009-01-31	UN 3082 MILIEUGEVAARLIJKE VLOEISTOF, N.E.G., (bevat kresoxim-methyl), 9,III,(E)	1.12999999999999989	0	40	I	1
102926	1	100003	2	56	ACROBAT DF	12518	N	alg.instructiekaart	9	V12518NA.PDF	f	t	9,III	3077	100046	\N	2023-11-01	\N	2	2014-11-01	UN 3077 MILIEUGEVAARLIJKE VASTE STOF, N.E.G., (bevat mancozeb, dimethomorf), 9,III,(E)	1	\N	\N	I	1
102930	1	100004	2	56	MERLIN	11894	N	alg.instructiekaart	9	V11894NA.PDF	f	t	9,III	3077	100023	\N	2016-07-31	\N	1	1999-09-09	UN 3077 Milieugevaarlijke vaste stof, n.e.g. (Isoxaflutool),9,III (E)	1	0	30	I	1
102934	1	100010	1	49	TRIGARD 100 SL	12014	N	\N	n.v.t.	V12014NA.PDF	f	t	\N	\N	100033	\N	2014-06-30	\N	5	2012-01-01	\N	1.12999999999999989	0	\N	I	\N
102935	1	100010	1	12	MATADOR	12015	N	\N	n.v.t.	V12015NA.PDF	f	t	\N	\N	100044	\N	1999-09-09	\N	1	1999-09-09	\N	1.04000000000000004	-10	40	I	\N
102949	1	100010	1	49	AA MIX VLOEIBAAR	12346	N	alg.instructiekaart	9 + 11	V12346NA.PDF	f	t	9,III	3082	100015	\N	1999-09-09	\N	3	2008-12-14	UN 3082 MILIEUGEVAARLIJKE VLOEISTOF, N.E.G.,  (2,4-D/MCPA/DICAMBA) 9,III, (E)	1.12000000000000011	-10	30	I	1
102992	1	100011	1	12	CHLOOR IPC 40% VLOEIBAAR	3992	N	alg.instructiekaart	3	V3992NA.PDF	f	t	3,III	1993	100025	\N	2021-10-01	\N	12	1999-09-09	UN 1993 BRANDBARE VLOEISTOF, N.E.G. (Xyleen) 3, III, (D/E)	0.989999999999999991	5	30	I	1
103001	1	100004	2	52	BERELEX GA3	4075	N	\N	n.v.t.	V4075Na.pdf	f	t	\N	\N	100064	\N	1999-09-09	\N	1	1989-09-01	\N	1	\N	\N	I	\N
103021	1	100004	2	10	GRO-STOP POEDER	4285	N	\N	n.v.t.	V4285NA.PDF	f	t	\N	\N	100063	\N	2019-01-01	\N	1	2008-12-14	\N	1	5	30	I	\N
103033	1	100004	2	27	CARAGOAL GR	4379	N	\N	n.v.t.	V4379NA.PDF	f	t	\N	\N	100059	\N	2015-05-31	\N	2	2006-12-31	\N	1	5	30	I	\N
103047	1	100010	1	32	GRO-STOP FOG	4563	N	alg.instructiekaart	6.1	V4563NA.PDF	f	t	6.1,III	2902	100063	\N	2018-12-01	\N	5	1999-09-09	UN 2902 PESTICIDE, VLOEIBAA,R GIFTIG, N.E.G. (Methyleenchloride),6.1,III (E)	1.28000000000000003	5	30	I	3
103072	1	100004	2	27	MESUROL-PRO SLAKKENKORRELS	4859	N	alg.instructiekaart	9	V4859na.PDF	f	t	9,III	3077	100059	\N	2014-07-01	\N	1	1999-09-09	UN 3077 MILIEUGEVAARLIJKE VASTE STOF, N.E.G., (mehtiocarb), 9,III,(E)	1	\N	\N	I	1
103084	1	100011	1	12	MELTATOX	5076	N	alg.instructiekaart	3	V5076NA.PDF	f	t	3,III	1993	100050	\N	1999-09-09	\N	1	2008-12-14	UN 1993 BRANDBARE VLOEISTOF, N.E.G.., (bevat xyleen, dodemorfacetaat), 3,III,(D/E)	0.949999999999999956	0	50	I	1
103089	1	100011	1	49	BERELEX GA4/7	5132	N	\N	n.v.t.	V5132Na.pdf	f	t	\N	\N	100064	\N	1999-09-09	\N	1	1990-06-27	\N	1.04000000000000004	0	\N	I	\N
103120	1	100004	2	56	THIOVIT JET	5395	N	\N	n.v.t.	V5395NA.PDF	f	t	\N	\N	100041	\N	1999-09-09	\N	5	2008-12-14	\N	1	0	\N	I	\N
103133	1	100010	1	49	REGLONE	5581	N	alg.instructiekaart	8	V5581Na.pdf	f	t	8,III	1760	100013	\N	2017-12-31	\N	8	1999-09-09	UN 1760 BIJTENDE VLOEISTOF, N.E.G., (diquat mengsel), 8,III,(E)	1.19999999999999996	0	\N	I	1
103142	1	100011	1	12	LEGURAME VLOEIBAAR	5634	N	alg.instructiekaart	3	V5634NA.PDF	f	t	3,III	1993	100025	\N	1999-09-09	\N	11	2013-11-01	UN 1993 BRANDBARE VLOEISTOF, N.E.G., (cyclohexanone), 3,III,(D/E)	1.05000000000000004	0	30	I	1
103154	1	100004	2	57	KERB 50 W SPUITPOEDER	5785	N	alg.instructiekaart	9	V5785NA.PDF	f	t	9,III	3077	100025	\N	2018-07-01	\N	8	2015-06-30	UN 3077 MILIEUGEVAARLIJKE VASTE STOF, N.E.G., (bevat propyzamide), 9,III,(E)	1	\N	\N	I	1
103155	1	100004	2	24	PIRIMOR ROOKONTWIKKELAAR	5793	N	alg.instructiekaart	9	V5793Na.pdf	f	t	9,III	3077	100030	\N	2014-01-31	\N	2	2008-02-01	UN 3077 MILIEUGEVAARLIJKE VASTE STOF, N.E.G., (pirimicarb), 9,III,(E)	1	0	\N	I	1
103156	1	100004	2	56	PIRIMOR	5794	N	alg.instructiekaart	6.1	V5794Na.pdf	f	t	6.1,III	2757	100030	\N	2014-01-31	\N	3	1999-09-09	UN 2757 PESTICIDE, CARBAMAAT, VAST, GIFTIG, N.E.G., (pirimicarb 50%),6.1,III,(E)	1	-5	\N	I	3
103197	1	100010	1	49	BASAGRAN	6034	N	\N	n.v.t.	v6034na.pdf	f	t	\N	\N	100017	\N	2015-12-31	\N	12	1999-09-09	\N	1.18999999999999995	0	40	I	\N
103212	1	100010	1	49	FRUITONE	6083	N	\N	n.v.t.	V6083NA.PDF	f	t	\N	\N	100064	\N	1999-09-09	\N	1	2008-12-14	\N	1.12000000000000011	\N	\N	I	\N
103224	1	100004	2	56	KUMULUS S	6147	N	\N	n.v.t.	V6147NA.pdf	f	t	\N	\N	100041	\N	1999-09-09	\N	5	2008-12-14	\N	1	\N	40	I	\N
103236	1	100010	1	49	JEPOLINEX	6215	N	alg.instructiekaart	9	V6215NA.PDF	f	t	9,III	3082	100015	\N	1999-09-09	\N	3	2008-12-14	UN 3082 MILIEUGEVAARLIJKE VLOEISTOF, N.E.G., (2,4-D), 9,III,(E)	1.14999999999999991	5	30	I	1
103251	1	100010	1	3	MONAM CLEANSTART	6321	N	alg.instructiekaart	8	V6321NA.PDF	f	t	8,III	3267	100027	\N	2014-12-31	\N	10	1999-09-09	UN 3267 BIJTENDE BASISCHE ORGANISCHE VLOEISTOF, N.E.G., (Metam-natrium), 8,III, (E)	1.20999999999999996	-5	35	I	1
103260	1	100010	1	49	ETHREL-A	6355	N	alg.instructiekaart	8 + 11	V6355NA.PDF	f	t	8,III	3265	100064	\N	2023-06-01	\N	10	1999-09-09	UN 3265 BIJTENDE ZURE ORGANISCHE VLOEISTOF, N.E.G.,  (mengsel van ethefon), 8,III, (E)	1.19999999999999996	0	40	I	1
103268	1	100010	1	3	MONAM	6443	N	80GC7-II+III	8	Vdummy.PDF	f	t	8,III	3267	100027	\N	1999-09-09	\N	7	1995-05-12	UN 3267 Bijtende basische organische vloeistof, n.e.g., (metam sodium), 8,III	1.20999999999999996	5	30	I	1
103273	1	100011	1	12	ACTELLIC 50	6469	N	alg.instructiekaart	3	V6469NA.PDF	f	t	3,III	1993	100033	\N	2014-01-01	\N	7	2010-10-01	UN 1993 BRANDBARE VLOEISTOF, N.E.G., (Benzenoide koolwaterstoffen, mengsel) 640E, 3,III,(D/E)	1.02000000000000002	-5	\N	I	1
103289	1	100010	1	50	OLIE-H	6598	N	\N	n.v.t.	V6598NA.PDF	f	t	\N	\N	100061	\N	1999-09-09	\N	7	1999-09-09	\N	0.859999999999999987	5	30	I	\N
103307	1	100004	2	56	MALVIN WG	6782	N	alg.instructiekaart	9	V6782NA.PDF	f	t	9,III	3077	100041	\N	2014-01-01	\N	11	1999-09-09	UN 3077 MILIEUGEVAARLIJKE VASTE STOF, N.E.G.,  (Captan), 9,III, (E)	1	\N	\N	I	1
103312	1	100011	1	12	NIMROD VLOEIBAAR	6834	N	alg.instructiekaart	3	V6834Na.pdf	f	t	3,III	1993	100050	\N	2015-05-31	\N	12	2009-05-01	UN 1993 BRANDBARE VLOEISTOF, N.E.G., (Aliphatic alcolhols) 640E, 3,III,(D/E)	1	0	\N	I	1
103334	1	100010	1	46	DIMANIN-ALGENDODER	5699	N	alg.instructiekaart	8+11	V5699NA.PDF	f	t	8,II	1760	100065	\N	1999-09-09	\N	1	2007-12-04	UN 1760 BIJTENDE VLOEISTOF, N.E.G.,  (33 % alkylbenzyldimethyl-ammoniumchloride), 8,II, (E)	1	-10	50	I	1
103361	1	100010	1	46	TOPSIN M ULTRA	7211	N	alg.instructiekaart	9	V7211NA.PDF	f	t	9,III	3082	100039	\N	2022-10-01	\N	14	2013-10-01	UN 3082 MILIEUGEVAARLIJKE VLOEISTOF, N.E.G. (Thiofanaat-methyl), 9,III (E)	1.16999999999999993	0	\N	I	1
103362	1	100004	2	44	RATAK	7224	N	\N	n.v.t.	V7224NA.PDF	f	t	\N	\N	100059	\N	2015-03-31	\N	\N	\N	\N	1	-99	\N	I	\N
103455	1	100011	1	12	DECIS EC	7774	N	alg.instructiekaart	3+11	V7774Na.pdf	f	t	3,III	1993	100032	\N	2023-01-01	\N	12	2014-01-01	UN 1993 BRANDBARE VLOEISTOF, N.E.G., (deltamethrin, solvent naphtha (aardolie) licht aromatische oplossing), 3,III,(D/E)	0.890000000000000013	-5	30	I	1
103466	1	100004	2	44	SUPERCAID-HAVERKORRELS	7830	N	\N	n.v.t.	V7830NA.PDF	f	t	\N	\N	100059	\N	1999-09-09	\N	\N	\N	\N	1	0	\N	I	\N
103487	1	100010	1	49	CECECE	7938	N	alg.instructiekaart	8	V7938NA.pdf	f	t	8,III	1760	100063	\N	1999-09-09	\N	3	2007-12-14	UN 1760 BIJTENDE VLOEISTOF, N.E.G., (bevat chloormequat - chloride), 8,III,(E)	1.1399999999999999	\N	\N	I	1
103500	1	100004	2	56	SENCOR WG	8024	N	alg.instructiekaart	9+11	V8024NA.PDF	f	t	9,III	3077	100019	\N	2023-09-01	\N	6	1999-09-09	UN 3077 MILIEUGEVAARLIJKE VASTE STOF, N.E.G., (Metribuzin), 9,III,(E)	1	\N	40	I	1
103524	1	100010	1	12	CORBEL	8158	N	alg.instructiekaart	9	V8158NA.pdf	f	t	9,III	3082	100043	\N	2014-03-01	\N	6	2008-12-14	UN 3082 MILIEUGEVAARLIJKE VLOEISTOF, N.E.G., (bevat fenpropimorf), 9,III,(E)	0.939999999999999947	\N	\N	I	1
103527	2	100004	2	27	SUPERCAID-MUIZENKORRELS	8170	N	\N	n.v.t.	V8170NA.PDF	f	t	\N	\N	100072	\N	1999-09-09	\N	\N	\N	\N	1	0	40	I	\N
103571	1	100004	2	57	SPORGON	8555	N	alg.instructiekaart	9	V8555Na.pdf	f	t	9,III	3077	100048	\N	1999-09-09	\N	2	1999-11-01	UN 3077 MILIEUGEVAARLIJKE VASTE STOF, N.E.G., (bevat prochloraz), 9,III,(E)	1	\N	30	I	1
103579	1	100004	2	51	ALAR 64 SP	8589	N	\N	n.v.t.	V8589NA.PDF	f	t	\N	\N	100064	\N	2023-01-01	\N	4	2014-01-01	\N	1	\N	\N	I	\N
103587	1	100010	1	12	TILT 250 EC	8627	N	alg.instructiekaart	3	V8627NA.PDF	f	t	3,III	1993	100043	\N	2018-06-01	\N	8	1999-09-09	UN 1993 BRANDBARE VLOEISTOF, N.E.G., (Solvent Naphtha), 3,III,(D/E)	0.979999999999999982	-10	\N	I	1
103589	1	100004	2	56	GOLTIX WG	8629	N	alg.instructiekaart	9	V8629NA.PDF	f	t	9,III	3077	100021	\N	1999-09-09	\N	6	1999-09-09	UN 3077 MILIEUGEVAARLIJKE VASTE STOF, N.E.G.,(Metamitron), 9,III,(E)	1	\N	50	I	1
103597	1	100010	1	46	BUTISAN S	8660	N	alg.instructiekaart	9	v8660na.pdf	f	t	9,III	3082	100025	\N	1999-09-09	\N	9	2015-07-01	UN 3082 MILIEUGEVAARLIJKE VLOEISTOF, N.E.G.,  (bevat metazachloor), 9,III,(E)	1.14999999999999991	\N	\N	I	1
103616	1	100010	1	12	AA TERRA ME	8766	N	alg.instructiekaart	9 + 11	V8766Na.pdf	f	t	9,III	3082	100048	\N	1999-09-09	\N	4	2007-12-04	UN 3082 MILIEUGEVAARLIJKE VLOEISTOF, N.E.G., (oplossing van etridiazol), 9,III,(E)	1.27000000000000002	0	30	I	1
103623	1	100010	1	46	APOLLO	8794	N	\N	n.v.t.	V8794NA.PDF	f	t	\N	\N	100026	\N	1999-09-09	\N	7	2005-11-14	\N	1	0	30	I	\N
103644	1	100010	1	49	DIABOLO SL	8921	N	\N	n.v.t.	V8921NA.PDF	f	t	\N	\N	100039	\N	2015-12-31	\N	3	1999-09-09	\N	1.02000000000000002	0	\N	I	\N
103646	1	100010	1	46	ROVRAL-AQUAFLO	8928	N	alg.instructiekaart	9	V8928NA.PDF	f	t	9,III	3082	100055	\N	2018-09-01	\N	24	1999-09-09	UN 3082 MILIEUGEVAARLIJKE VLOEISTOF, N.E.G., (bevat iprodion), 9,III,(E)	1.14999999999999991	0	40	I	1
103648	1	100010	1	46	MONCEREEN VLOEIBAAR	8935	N	alg. instructiekaart	9	V8935NA.PDF	f	t	9,III	3082	100052	\N	1999-09-09	\N	2	2009-06-14	UN 3082 MILIEUGEVAARLIJKE VLOEISTOF N.E.G. (PENCYCURON SOLUTION) 9,III (E)	1.09000000000000008	-10	40	I	1
103653	1	100010	1	46	CHALLENGE	8950	N	alg.instructiekaart	9 + 11	V8950NA.PDF	f	t	9,III	3082	100019	\N	1999-09-09	\N	4	2015-07-01	UN 3082 MILIEUGEVAARLIJKE VLOEISTOF, N.E.G., (mengels van aclonifen), 9,III,(E)	1.20999999999999996	0	30	I	1
103663	2	100000	1	49	HG ONKRUIDWEG 2 G/L	90001	F	\N	n.v.t.	VDUMMY.PDF	f	t	\N	\N	100066	\N	\N	\N	\N	\N	\N	1.10000000000000009	\N	\N	I	\N
103667	2	100000	1	49	POKON ONKRUIDSTOP	90005	F	\N	n.v.t.	VDUMMY.PDF	f	t	\N	\N	100066	\N	\N	\N	\N	\N	\N	1.14999999999999991	\N	\N	I	\N
103676	1	100010	1	49	PROMOTOR	90014	F	alg.instructiekaart	9	V90014FA.PDF	f	t	9,III	3082	100061	\N	\N	\N	\N	\N	UN 3082 MILIEUGEVAARLIJKE VLOEISTOF, N.E.G., (bevat alkylaminalkoxylaat), 9,III,(E)	1.05000000000000004	\N	\N	I	1
103678	1	100010	1	49	MOTTO	90016	F	alg.instructiekaart	9	V90016FA.PDF	f	t	9,III	3082	100061	\N	\N	\N	\N	\N	UN 3082 MILIEUGEVAARLIJKE VLOEISTOF, N.E.G., (bevat oleylaminethoxylaat), 9,III, (E)	1.01000000000000001	\N	\N	I	1
103687	1	100004	2	11	MONCEREEN DS	9102	N	alg.instructiekaart	9	V9102NA.PDF	f	t	9,III	3077	100052	\N	1999-09-09	\N	\N	\N	UN 3077 MILIEUGEVAARLIJKE VASTE STOF, N.E.G. (PENCYCURON MIXTURE), 9,III, (E)	1	\N	40	I	1
103721	2	100004	2	51	MOSMIDDEL	9327	N	\N	n.v.t.	V9327na.PDF	f	t	\N	\N	100065	\N	1999-09-09	\N	\N	\N	\N	1	0	\N	I	\N
103733	1	100010	1	12	TOPAZ 100 EC	9364	N	alg.instructiekaart	3	V9364NA.PDF	f	t	3,III	1993	100050	\N	1999-09-09	\N	7	1999-09-09	UN 1993 BRANDBARE VLOEISTOF, N.E.G., (cyclohexanon en penconazool), 3,III,(D/E)	0.989999999999999991	0	\N	I	1
103739	1	100010	1	12	OVIREX VS	9388	N	\N	n.v.t.	V9388NA.PDF	f	t	\N	\N	100061	\N	1999-09-09	\N	\N	\N	\N	0.859999999999999987	0	\N	I	\N
103744	1	100011	1	12	STARANE 200	9401	N	alg.instructiekaart	3	V9401NA.PDF	f	t	3,III	1993	100015	\N	2015-12-31	\N	8	2015-06-30	UN 1993 BRANDBARE VLOEISTOF, N.E.G., (Aromatische koolwaterstoffen), 3,III,(D/E)	0.969999999999999973	0	40	I	1
103756	1	100010	1	7	SUPERCAID-CONCENTRAAT	11579	N	alg.instructiekaart	6.1	V11579NA.PDF	f	t	6.1,III	3026	100059	\N	1999-09-09	\N	\N	\N	UN 3026 PESTICIDE, CUMARINEVERBINDING, VLOEIBAA,R GIFTIG, (oplossing van bromadiolon), 6.1,III, (E)	1.04000000000000004	0	\N	I	3
103770	1	100004	2	44	KLERAT PELLET	9508	N	\N	n.v.t.	V9508NA.PDF	f	f	\N	\N	100059	\N	2014-02-28	2013-12-31 00:00:00	\N	\N	\N	1	\N	\N	I	\N
103780	1	100004	2	56	PYRAMIN DF	12228	N	alg.instructiekaart	9	V12228NA.PDF	f	t	9,III	3077	100021	\N	2014-04-01	\N	5	2015-07-01	UN 3077 MILIEUGEVAARLIJKE VASTE STOF, N.E.G., (bevat chloridazon), 9,III,(E)	1	\N	40	I	1
103784	1	100010	1	46	BONZI	9611	N	\N	n.v.t.	V9611Na.pdf	f	t	\N	\N	100064	\N	1999-09-09	\N	\N	\N	\N	1.02000000000000002	0	\N	I	\N
103803	1	100004	2	57	NISSORUN SPUITPOEDER	9704	N	\N	n.v.t.	V9704NA.PDF	f	t	\N	\N	100026	\N	1999-09-09	\N	5	2007-12-14	\N	1	\N	\N	I	\N
103837	2	100004	2	4	STEKMIDDEL	9874	N	\N	n.v.t.	V9874NA.PDF	f	t	\N	\N	100070	\N	1999-09-09	\N	\N	\N	\N	1	0	40	I	\N
103840	1	100010	1	49	LATE-VAL VLOEIBAAR	9887	N	\N	n.v.t.	V9887NA.PDF	f	t	\N	\N	100064	\N	1999-09-09	\N	1	2008-12-14	\N	1.1399999999999999	5	30	I	\N
103847	1	100010	1	46	NOMOLT	9914	N	alg.instructiekaart	9	V9914NA.PDF	f	t	9,III	3082	100031	\N	2014-05-31	\N	5	2010-10-08	UN 3082 MILIEUGEVAARLIJKE VLOEISTOF, N.E.G., (bevat teflubenzuron), 9,III,(E)	1.35000000000000009	-5	40	I	1
103857	2	100010	1	46	DIMANIN-GROEN	9984	N	\N	n.v.t.	V9984NA.PDF	f	t	\N	\N	100065	\N	1999-09-09	\N	1	1990-12-01	\N	0.989999999999999991	0	40	I	\N
103899	1	100010	1	46	DACONIL 500 VLOEIBAAR	7827	N	alg.instructiekaart	9	V7827Na.pdf	f	t	9,III	3082	100054	\N	2022-12-01	\N	10	2014-01-01	UN 3082 MILIEUGEVAARLIJKE VLOEISTOF, N.E.G.,(chloorthalonil mengsel), 9,III,(E)	1.25	0	\N	I	1
103901	1	100010	1	46	MILAGRO	11996	N	alg.instructiekaart	9	V11996Na.pdf	f	t	9,III	3082	100023	\N	2014-01-01	\N	2	2015-07-01	UN 3082 MILIEUGEVAARLIJKE VLOEISTOF, N.E.G., (Oplossing, nicosulfuron), 9,III,(E)	0.959999999999999964	0	\N	I	1
103916	2	100010	1	49	GAZON-NET N	11997	N	alg.instructiekaart	9	V11997NA.PDF	f	t	9,III	3082	100066	\N	1999-09-09	\N	\N	\N	Gelimiteerde hoeveelheden vrijstelling i.o.m. Hfst. 3.4 ADR/VLG	1.20999999999999996	-5	40	I	1
103940	2	100004	2	42	ADMIRE N PIN	11998	N	\N	n.v.t.	V11998na.PDF	f	t	\N	\N	100067	\N	2014-01-31	\N	\N	\N	\N	1	0	40	I	\N
103950	1	100010	1	46	LADDOK  N	10792	N	alg.instructiekaart	9	V10792NA.PDF	f	t	9,III	3082	100023	\N	2017-12-01	\N	4	2015-07-01	UN 3082 MILIEUGEVAARLIJKE VLOEISTOF, N.E.G., (bevat terbutylazine, bentazon), 9,III,(E)	1.1399999999999999	-10	40	I	1
103951	1	100011	1	12	TOMAHAWK 200 EC	12059	N	alg.instructiekaart	3	V12059Na.pdf	f	t	3,III	1993	100015	\N	2015-12-31	\N	6	2015-07-01	UN 1993 BRANDBARE VLOEISTOF, N.E.G., (bevat Petroleum Distillate), 3,III,(D/E)	0.969999999999999973	0	40	I	1
103952	1	100004	2	24	FUNGAFLOR ROOK	9657	N	alg.instructiekaart	5.1	V9657NA.PDF	f	t	5.1,II	1479	100039	\N	2015-12-31	\N	2	1999-09-09	UN 1479 OXIDERENDE VASTE STOF, N.E.G.,  (Mengsel kaliumchloraat), 5.1,II, (E)	1	0	30	I	3
103958	1	100010	1	12	MODDUS 250 EC	12063	N	alg.instructiekaart	9	V12063NA.PDF	f	t	9,III	3082	100063	\N	2020-06-01	\N	3	2011-03-01	UN 3082 MILIEUGEVAARLIJKE VLOEISTOF, N.E.G., (Trinexapac-ethyl), 9,III,(E)	0.979999999999999982	0	35	I	1
103959	1	100004	2	56	CHORUS 50 WG	12097	N	alg.instructiekaart	9	V12097NA.PDF	f	t	9,III	3077	100041	\N	2022-11-01	\N	2	2014-05-01	UN 3077  MILIEUGEVAARLIJKE VASTE STOF, N.E.G., (Cyprodinil mengsel), 9,III,(E)	1	-5	35	I	1
103961	1	100010	1	12	DUAL GOLD 960 EC	12096	N	alg.instructiekaart	9	V12096NA.PDF	f	t	9,III	3082	100023	\N	2015-03-31	\N	6	2015-07-01	UN 3082 MILIEUGEVAARLIJKE VLOEISTOF, N.E.G.,(s-metolachlor), 9,III,(E)	1.10000000000000009	-5	35	I	1
103979	1	100010	1	60	ROUNDUP EVOLUTION	11228	N	\N	n.v.t.	V11228NA.PDF	f	t	\N	\N	100013	\N	2015-12-31	\N	5	2010-11-01	\N	1.16999999999999993	-15	50	I	\N
103982	1	100010	1	12	11E OLIE	5952	N	\N	n.v.t.	V5952Na.PDF	f	t	\N	\N	100061	\N	1999-09-09	\N	8	1999-09-09	\N	0.849999999999999978	0	\N	I	\N
103988	1	100011	1	12	TRAMAT 200  EC	12873	N	alg.instructiekaart	3 + 11	V12873NA.PDF	f	t	3,III	1993	100021	\N	2016-07-31	\N	7	1999-09-09	UN 1993 BRANDBARE VLOEISTOF, N.E.G., (mengsel van ethofumesaat/xyleen), 3,III,(E) bijzondere bepaling 640E	1	0	30	I	1
103989	1	100010	1	46	AFALON FLOW	11019	N	alg.instructiekaart	9	V11019Na.PDF	f	t	9,III	3082	100019	\N	2020-08-01	\N	7	2015-09-11	UN 3082 MILIEUGEVAARLIJKE VLOEISTOF, N.E.G., (mengsel van linuron), 9,III,(E)	1.18999999999999995	0	30	I	1
103990	1	100010	1	49	JET 5	12134	N	alg.instructiekaart	5.1+8	V12134NA.PDF	f	t	5.1,II	3149	100061	\N	1999-09-09	\N	3	2010-12-31	UN 3149 WATERSTOFPEROXIDE EN PEROXYAZIJNZUU,R MENGSEL, GESTABILISEERD,5.1(8),II (E)	1.10000000000000009	0	45	I	3
103998	1	100004	2	56	TELDOR	12130	N	alg.instructiekaart	9	V12130Na.pdf	f	t	9,III	3077	100055	\N	2015-12-31	\N	5	1999-09-09	UN 3077 MILIEUGEVAARLIJKE VASTE STOF, N.E.G.,(Fenhexamide), 9,III,(E)	1	0	40	I	1
104011	1	100010	1	46	ORTIVA	12169	N	alg.instructiekaart	9	V12169NA.PDF	f	t	9,III	3082	100050	\N	2015-12-31	\N	4	2011-12-31	UN 3082 MILIEUGEVAARLIJKE VLOEISTOF, N.E.G., (bevat azoxystrobin 25%), 9,III,(E)	1.09000000000000008	0	\N	I	1
104013	1	100010	1	46	PRIMUS	12175	N	alg.instructiekaart	9	V12175NA.PDF	f	t	9,III	3082	100017	\N	2015-12-31	\N	4	2015-06-30	UN 3082 MILIEUGEVAARLIJKE VLOEISTOF, N.E.G., (bevat florasulam 5%), 9,III,(E)	1.03400000000000003	\N	\N	I	1
104016	1	100010	1	46	CALLISTO	12204	N	alg.instructiekaart	9	V12204NA.PDF	f	t	9,III	3082	100023	\N	2016-07-31	\N	1	1999-09-09	UN 3082 MILIEUGEVAARLIJKE VLOEISTOF, N.E.G., (MESOTRIONE), 9,III,(E)	1.09000000000000008	0	\N	I	1
104019	1	100010	1	46	FRUPICA SC	12229	N	alg.instructiekaart	9	V12229NA.PDF	f	t	9,III	3082	100055	\N	2014-10-01	\N	2	1999-09-09	UN 3082 MILIEUGEVAARLIJKE VLOEISTOF, N.E.G., (Mepanipyrim) 9,III, (E)	1.07000000000000006	\N	\N	I	1
104023	1	100010	1	15	APRON XL	12280	N	\N	n.v.t.	V12280Na.pdf	f	t	\N	\N	100035	\N	2015-12-31	\N	4	2005-03-01	\N	1.10000000000000009	5	35	I	\N
104030	1	100004	2	56	REGALIS	12317	N	\N	n.v.t.	V12317NA.PDF	f	t	\N	\N	100064	\N	2015-12-31	\N	1	1999-09-09	\N	1	\N	40	I	\N
104031	1	100010	1	12	FRONTIER OPTIMA	12283	N	alg.instructiekaart	9	V12283NA.PDF	f	t	9,III	3082	100023	\N	2016-10-31	\N	3	2015-07-01	UN 3082 MILIEUGEVAARLIJKE VLOEISTOF, N.E.G., (bevat dimetheenamide-p, solvent nafta), 9,III,(E)	1.12999999999999989	-10	40	I	1
104033	1	100004	2	56	FLINT	12289	N	alg.instructiekaart	9	V12289Na.PDF	f	t	9,III	3077	100041	\N	2016-07-31	\N	8	1999-09-09	UN 3077 MILIEUGEVAARLIJKE VASTE STOF, N.E.G., (50% trifloxystrobin), 9,III,(E)	1	0	30	I	1
104044	1	100004	2	5	STORM BB	12370	N	\N	n.v.t.	V12370Na.pdf	f	t	\N	\N	100059	\N	1999-09-09	\N	\N	\N	\N	1	\N	30	I	\N
104046	1	100010	1	46	CONSERVE	12363	N	alg.instructiekaart	9	V12363NA.PDF	f	t	9,III	3082	100033	\N	2017-01-31	\N	1	1999-09-09	UN 3082 MILIEUGEVAARLIJKE VLOEISTOF, N.E.G., (bevat spinosad), 9,III,(E)	1	0	35	I	1
104047	1	100011	1	12	MILBEKNOCK	12364	N	alg.instructiekaart	3 + 11	V12364Na.pdf	f	t	3,III	1993	100026	\N	2015-11-30	\N	2	1999-09-09	UN 1993 BRANDBARE VLOEISTOF, (cyclohexanon en aromatische koolwaterstoffen), 3,III , bijzondere bepaling 640E, (D/E)	0.930000000000000049	0	\N	I	1
104050	1	100004	2	56	STEWARD 30WG	12371	N	alg.instructiekaart	9	V12371NA.PDF	f	t	9,III	3077	100031	\N	2021-12-01	\N	5	1999-01-01	UN 3077 MILIEUGEVAARLIJKE VASTE STOF, N.E.G., (bevat indoxacarb), 9,III,(E)	1	\N	\N	I	1
104051	1	100004	2	56	DELAN DF	10001	N	alg.instructiekaart	6	V10001NA.PDF	f	t	6.1,III	2588	100041	\N	2019-01-01	\N	11	1999-09-09	UN 2588 PESTICIDE, VAST, GIFTIG, N.E.G.,(bevat dithianon), 6.1,III,(E)	1	\N	40	I	1
104053	1	100010	1	49	ALL CLEAR EXTRA	90054	F	\N	n.v.t.	V90054Fa.pdf	f	t	\N	\N	100061	\N	\N	\N	\N	\N	\N	1.03000000000000003	0	\N	I	\N
104054	1	100010	1	49	TREND 90	13830	N	\N	n.v.t.	V13830NA.PDF	f	t	\N	\N	100061	\N	1988-08-08	\N	\N	\N	\N	0.900000000000000022	\N	\N	I	\N
104055	1	100004	2	30	VYDATE 10G	12409	N	alg.instructiekaart	6	V12409NA.PDF	f	t	6.1,II	2757	100027	\N	2020-04-01	\N	6	2011-03-05	UN 2757 PESTICIDE, CARBAMAAT, VAST, GIFTIG (bevat oxamyl), 6.1,II,(D/E)	1	\N	\N	I	3
104056	1	100004	2	30	NEMATHORIN	12417	N	alg.instructiekaart	9	V12417NA.PDF	f	t	9,III	3077	100027	\N	2016-10-31	\N	2	1999-09-09	UN 3077  MILIEUGEVAARLIJKE VASTE STOF, N.E.G., (Fosthiazate, mengsel), 9,III,(E)	1	0	\N	I	1
104057	1	100010	1	12	ARAMO	12394	N	alg.instructiekaart	9	V12394NA.PDF	f	t	9,III	\N	100011	\N	2015-05-31	\N	1	1999-09-09	\N	0.930000000000000049	10	30	I	3
104060	1	100010	1	46	FLORAMITE 240 SC	12421	N	alg.instructiekaart	9	V12421NA.PDF	f	t	9,III	3082	100026	\N	2015-11-30	\N	2	1999-09-09	UN 3082 MILIEUGEVAARLIJKE VLOEISTOF, N.E.G., (Bifenazaat), 9,III, (E)	1.06000000000000005	\N	\N	I	1
104064	1	100010	1	16	PUMA S EW	12379	N	alg.instructiekaart	9+11	V12379NA.PDF	f	t	9,III	3082	100011	\N	2014-11-01	\N	1	1999-09-09	UN 3082 MILIEUGEVAARLIJKE VLOEISTOF, N.E.G., (mengsel methylnaftaleen/fenoxaprop-P-ethyl/mefenir), 9,III,(E)	1.14999999999999991	0	30	I	1
104065	1	100010	1	12	NEEMAZAL-T/S	12455	N	\N	n.v.t.	V12455Na.pdf	f	t	\N	\N	100026	\N	2015-05-31	\N	1	2010-02-01	\N	0.979999999999999982	5	15	I	\N
104066	1	100004	2	41	GOLIATH GEL	12120	N	\N	n.v.t.	V12120NA.PDF	f	t	\N	\N	100026	\N	1999-09-09	\N	\N	\N	\N	1	\N	30	I	\N
104068	1	100004	2	56	XENTARI WG	12437	N	\N	n.v.t.	V12437NA.PDF	f	t	\N	\N	100031	\N	2014-12-31	\N	\N	\N	\N	1	\N	\N	I	\N
104070	2	100007	2	2	PYRETHRUM SPRAY	12389	N	alg.instructiekaart	2.2	V12389Na.PDF	f	t	2.2	1950	100067	\N	1999-09-09	\N	\N	\N	Gelimiteerde hoeveelheden vrijstelling i.o.m. Hfst. 3.4 ADR/VLG	1	0	40	I	1
104072	2	100007	2	2	VLIEGEN EN MUGGENSPRAY	12391	N	alg.instructiekaart	2.1	V12391NA.PDF	f	t	2,5F	1950	100067	\N	1999-09-09	\N	\N	\N	Gelimiteerde hoeveelheden vrijstellling i.o.m. Hfst 3,4 ADR/VLG	1	0	40	I	1
104073	2	100007	2	53	WESPENPOEDER N	12151	N	alg.instructiekaart	9	V12151Na.pdf	f	t	9,III	3077	100067	\N	1999-09-09	\N	\N	\N	Gelimiteerde hoeveelheden vrijstelling iom Hfst. 3.4 ADR-VLG	1	0	40	I	1
104074	1	100010	1	60	SOLFAC	9701	N	alg.instructiekaart	9	V9701NA.PDF	f	t	9,III	3082	100032	\N	2016-11-01	\N	\N	\N	UN 3082 MILIEUGEVAARLIJKE VLOEISTOF, N.E.G., (Cyflythrin oplossing), 9,III, (E)	1	-1	\N	I	1
104075	1	100004	2	44	MAXFORCE WHITE IC	12094	N	\N	n.v.t.	V12094NA.PDF	f	t	\N	\N	100034	\N	1999-09-09	\N	\N	\N	\N	1	40	0	I	\N
104076	1	100004	2	56	PLENUM 50 WG	12491	N	\N	n.v.t.	V12491Na.pdf	f	t	\N	\N	100029	\N	2015-12-31	\N	1	2011-11-01	\N	0.510000000000000009	-10	35	I	\N
104078	1	100010	1	46	COLLIS	12504	N	alg.instructiekaart	9	V12504NA.PDF	f	t	9,III	3082	100050	\N	2016-12-31	\N	7	2014-08-01	UN 3082 MILIEUGEVAARLIJKE VLOEISTOF, N.E.G., (bevat kresoxim-methyl, boscalid), 9,III,(E)	1.10000000000000009	\N	\N	I	1
104080	1	100004	2	56	MERPAN SPUITKORREL	11462	N	alg.instructiekaart	9	V11462Na.pdf	f	t	9,III	3077	100041	\N	2014-03-01	\N	6	2006-12-01	UN 3077 MILIEUGEVAARLIJKE VASTE STOF, N.E.G., (Captan), 9,III,(E)	1	\N	\N	I	1
104082	1	100010	1	46	COMET DUO (OPUS)	11408	N	alg.instructiekaart	9	V11408NA.PDF	f	t	9,III	3082	100044	\N	1999-09-09	\N	1	1999-09-09	UN 3082 MILIEUGEVAARLIJKE VLOEISTOF, N.E.G., (bevat epoxiconazool), 9,III,(E)	1.04000000000000004	\N	\N	I	1
104083	1	100010	1	12	COMET DUO (COMET)	12411	N	alg.instructiekaart	6.1	V12411NA.PDF	f	t	6.1,III	2902	100044	\N	2014-05-31	\N	\N	\N	UN 2902 PESTICIDE, VLOEIBAA,R GIFTIG, N.E.G., (bevat pyraclostrobin), 6.1,III,(E)	1.05000000000000004	10	40	I	1
104085	1	100004	2	56	FUBOL GOLD	12537	N	alg.instructiekaart	9	V12537Na.pdf	f	t	9,III	3077	100046	\N	2022-01-01	\N	5	2012-07-01	UN 3077  MILIEUGEVAARLIJKE VASTE STOF, N.E.G., (mancozeb), 9,III,(E)	1	-5	\N	I	1
104086	2	100007	2	2	WESPEN-SCHUIMSPRAY	12501	N	alg.instructiekaart	2,1	V12501NA.PDF	f	t	2,1	1950	100072	\N	2014-01-01	\N	\N	\N	Gelimiteerde hoeveelheden vrijstelling i.o.m. Hfst 3,4 ADR/VLG	2	0	40	I	1
104091	1	100004	2	56	BETTER DF	12456	N	alg.instructiekaart	9	V12456NA.PDF	f	t	9,III	3077	100021	\N	2014-04-01	\N	3	2014-01-01	UN 3077 MILIEUGEVAARLIJKE VASTE STOF, N.E.G.,(chloridazon), 9,III,(E)	1	5	30	I	1
104095	1	100010	1	46	ENVIDOR	12477	N	alg.instructiekaart	9	V12477NA.PDF	f	t	9, III	3082	100034	\N	2023-06-01	\N	1	2013-08-01	UN 3082 MILIEUGEVAARLIJKE VLOEISTOF, N.E.G. (SPIRODICLOFEN SOLUTION),9,III,(E)	1.08000000000000007	-10	\N	I	1
104096	1	100010	1	46	CALYPSO	12452	N	alg.instructiekaart	6.1+11	V12452Na.pdf	f	t	6.1,III	2902	100034	\N	2014-12-31	\N	3	2014-01-01	UN 2902 PESTICIDE, VLOEIBAA,R GIFTIG, N.E.G. (oplossing van thiaclopride), 6.1,III,(E)	1.18999999999999995	-10	\N	I	3
104104	1	100010	1	46	TECTO 500 SC	12290	N	alg.instructiekaart	9	V12290NA.PDF	f	t	9,III	3082	100039	\N	2015-12-31	\N	1	2007-01-01	UN 3082 MILIEUGEVAARLIJKE VLOEISTOF, N.E.G., (Thiabendazool mengsel), 9,III,(E)	1.15999999999999992	0	\N	I	1
104108	1	100004	2	56	MAISTER	12544	N	alg.instructiekaart	9	V12544Na.pdf	f	t	9,III	3077	100023	\N	2016-10-31	\N	1	1999-09-09	UN 3077 MILIEUGEVAARLIJKE VASTE STOF, N.E.G., (isoxadifen-ethyl, mengsel), 9,III,(E)	0.569999999999999951	\N	\N	I	1
104109	1	100004	2	56	HUSSAR	12517	N	alg.instructiekaart	9	V12517Na.pdf	f	t	9,III	3077	100017	\N	2013-12-31	\N	\N	\N	UN 3077 MILIEUGEVAARLIJKE VASTE STOF, N.E.G., (5% iodosulfuron-methyl-sodium/ 15% mefenpyrdiethyl), 9,III,(E)	0.709999999999999964	\N	\N	I	1
104111	1	100010	1	46	TRAMAT 500 SC	12521	N	alg.instructiekaart	9+11	V12521Na.pdf	f	t	9,III	3082	100021	\N	2016-07-31	\N	3	1999-09-09	UN 3082 MILIEUGEVAARLIJKE VLOEISTOF, N.E.G., (ethofumesaat), 9,III, (E)	1.12999999999999989	0	\N	I	1
104114	1	100010	1	49	TOUCHDOWN QUATTRO	12552	N	\N	n.v.t.	V12552Na.pdf	f	t	\N	\N	100013	\N	2015-12-31	\N	2	2015-07-01	\N	1.19999999999999996	0	\N	I	\N
104116	1	100003	2	56	CURZATE M	8708	N	alg.instructiekaart	9	V8708NA.PDF	f	t	9,III	3077	100046	\N	1999-01-01	\N	4	1999-01-01	UN 3077 MILIEUGEVAARLIJKE VASTE STOF, N.E.G., (bevat mancozeb), 9,III,(E)	1	\N	\N	I	1
104118	1	100010	1	49	ROUNDUP MAX	12545	N	\N	n.v.t.	V12545Na.PDF	f	t	\N	\N	100013	\N	2015-05-31	\N	\N	\N	\N	1.18999999999999995	-15	50	I	\N
104119	1	100010	1	46	TRACER	12567	N	alg.instructiekaart	9	V12567NA.PDF	f	t	9,III	3082	100034	\N	2020-05-01	\N	3	1999-09-09	UN 3082 MILIEUGEVAARLIJKE VLOEISTOF, N.E.G., (bevat spinosad), 9,III,(E)	1	\N	\N	I	1
104120	1	100010	1	46	OBERON	12588	N	alg.instructiekaart	9 +11	V12588NA.PDF	f	t	9,III	3082	100033	\N	2015-05-01	\N	3	2013-05-01	UN 3082 MILIEUGEVAARLIJKE VLOEISTOF, N.E.G., (spiromesifen-oplossing), 9,III,(E)	1.05000000000000004	-10	40	I	1
104121	1	100004	2	56	MOGETON	12599	N	alg.instructiekaart	9	V12599NA.PDF	f	t	9,III	3077	100017	\N	2021-01-01	\N	2	2011-03-01	UN 3077 MILIEUGEVAARLIJKE VASTE STOF, N.E.G.,(quinoclamine), 9,III,(E)	1	0	25	I	1
104123	1	100004	2	56	SIGNUM	12630	N	alg.instructiekaart	9	V12630NA.PDF	f	t	9,III	3077	100055	\N	2023-09-01	\N	12	2014-09-01	UN 3077 MILIEUGEVAARLIJKE VASTE STOF, N.E.G., (bevat pyraclostrobin en boscalid), 9,III, (E)	1	\N	40	I	1
104125	1	100004	2	56	HERITAGE	12553	N	alg.instructiekaart	9	V12553NA.PDF	f	t	9,III	3077	100050	\N	2015-12-31	\N	1	1999-12-31	UN 3077  MILIEUGEVAARLIJKE VASTE STOF, N.E.G.,  (Mengsel Azoxystrobin 50%), 9,III,(E)	0.540000000000000036	-5	\N	I	1
104126	1	100010	1	46	GOLTIX SC	12629	N	alg.instructiekaart	9	V12629Na.pdf	f	t	9,III	3082	100021	\N	2014-02-28	\N	1	2015-07-01	UN 3082 MILIEUGEVAARLIJKE VLOEISTOF, N.E.G., (metamitron), 9,III,(E)	1.20999999999999996	\N	\N	I	1
104128	1	100010	1	49	PANIC	12639	N	alg.instructiekaart	9	V12639NA.PDF	f	t	9,III	3082	100013	\N	2015-12-31	\N	1	2015-06-30	UN 3082 MILIEUGEVAARLIJKE VLOEISTOF, N.E.G., (bevat glyfosaat), 9,III,(E)	1	\N	\N	I	1
104129	1	100010	1	46	PRIMSTAR	12585	N	alg.instructiekaart	9	V12585NA.PDF	f	t	9,III	3082	100017	\N	2015-12-31	\N	4	2015-06-30	UN 3082 MILIEUGEVAARLIJKE VLOEISTOF, N.E.G.,(bevat aromatische koolwaterstoffen en fluroxypyr), 9,III,(E)	1	\N	\N	I	1
104130	1	100010	1	46	SPHERE SC	12602	N	alg.instructiekaart	9+11	V12602NA.PDF	f	t	9,III	3082	100044	\N	2015-05-31	\N	1	1999-09-09	UN 3082 MILIEUGEVAARLIJKE VLOEISTOF, N.E.G., (cyproconazole, trifloxystrobin oplossing),9,III,(E)	1.09000000000000008	0	50	I	1
104131	1	100003	2	56	VALBON	12667	N	alg.instructiekaart	9	V12667NA.PDF	f	t	9,III	3077	100046	\N	2014-04-01	\N	1	1999-09-09	UN 3077 MILIEUGEVAARLIJKE VLOEISTOF, N.E.G.,(Mancozeb),9,III, (E)	1	\N	\N	I	1
104132	1	100004	2	48	ALAR 85 SG	12610	N	\N	n.v.t.	V12610NA.PDF	f	t	\N	\N	100064	\N	2023-01-01	\N	1	2014-01-01	\N	1	\N	\N	I	\N
104133	1	100010	1	60	BOTANIGARD VLOEIBAAR	12611	N	\N	n.v.t.	V12611NA.PDF	f	t	\N	\N	100033	\N	2014-04-30	\N	\N	\N	\N	0.949999999999999956	\N	\N	I	\N
104135	1	100010	1	46	FENDONA 60 SC	12635	N	alg.instructiekaart	9	V12635NA.PDF	f	t	9,III	3082	100034	\N	2016-02-01	\N	\N	\N	UN 3082 MILIEUGEVAARLIJKE VLOEISTOF, N.E.G.,  (bevat alfa-cypermethrin), 9,III,(E)	1.02000000000000002	\N	40	I	1
104136	1	100010	1	12	FUSILADE MAX	12519	N	alg.instructiekaart	9	V12519NA.PDF	f	t	9,III	3082	100011	\N	2014-01-01	\N	3	2015-07-01	UN 3082 MILIEUGEVAARLIJKE VLOEISTOF, N.E.G.,(bevat gesubstitueerde benzenoide koolwaterstoffen en fluazifop-P-butyl 12.5%) 9,III,(E)	0.930000000000000049	-5	\N	I	1
104137	1	100010	1	60	AGRAL GOLD	90064	F	\N	n.v.t.	V90064FA.PDF	f	t	\N	\N	100061	\N	\N	\N	\N	\N	\N	1.08000000000000007	0	\N	I	\N
104138	1	100004	2	56	ACTARA	12679	N	alg.instructiekaart	9	V12679Na.pdf	f	t	9,III	3077	100029	\N	2018-11-01	\N	6	2011-09-08	UN 3077 MILIEUGEVAARLIJKE VASTE STOF, N.E.G. (bevat thiamethoxam ), 9,III, (E)	0.469999999999999973	-5	\N	I	1
104141	1	100010	2	44	QUICK BAYT	12665	N	\N	n.v.t.	V12665NA.PDF	f	t	\N	\N	100026	\N	2015-02-01	\N	\N	\N	\N	1	0	50	I	\N
104142	1	100010	1	46	RUNNER	12696	N	\N	n.v.t.	V12696NA.PDF	f	t	\N	\N	100031	\N	2015-03-31	\N	\N	\N	\N	1.06000000000000005	\N	\N	I	\N
104144	1	100010	1	49	RIDOMIL GOLD SL	12281	N	\N	n.v.t.	V12281Na.pdf	f	t	\N	\N	100048	\N	2015-12-31	\N	\N	\N	\N	1.06000000000000005	-10	35	I	\N
104145	1	100010	1	16	GRO-STOP READY	12637	N	alg.instructiekaart	9	V12637NA.PDF	f	t	9,III	3082	100063	\N	2019-01-07	\N	1	1999-09-09	UN 3082 MILIEUGEVAARLIJKE VLOEISTOF, N.E.G., (Chloorprofam), 9,III, (E)	1.01000000000000001	5	30	I	1
104146	2	100011	1	12	PYRETHRUM VLOEIBAAR	12390	N	alg.instructiekaart	3	V12390NA.PDF	f	t	3,III	1993	100067	\N	1999-09-09	\N	\N	\N	Gelimiteerde hoeveelheden vrijstelling i.o.m. Hfst 3.4 ADR/VLG	0.910000000000000031	0	40	I	1
104147	2	100004	2	57	MICROSULFO SPUITZWAVEL	12397	N	\N	n.v.t.	V12397Na.pdf	f	t	\N	\N	100069	\N	1999-09-09	\N	2	2008-12-14	\N	1	0	30	I	\N
104148	2	100010	1	47	ROSACUR CONCENTRAAT	12728	N	\N	n.v.t.	V12728NA.PDF	f	t	\N	\N	100069	\N	2015-09-01	\N	\N	\N	\N	1	\N	\N	I	\N
104149	2	100005	2	2	ROSACUR SPRAY	12693	N	alg.instructiekaart	2.1	V12693NA.PDF	f	t	2.1	1950	100069	\N	2015-04-01	\N	\N	\N	Gelimiteerde hoeveelheden vrijsteling i.o.m. Hfst. 3.4 ADR/VLG	1	0	40	I	1
104150	2	100005	1	60	CLEAR-UP FOAM	12730	N	alg.instructiekaart	2.2	V12730NA.PDF	f	t	2.2	1950	100066	\N	2015-12-31	\N	1	1999-09-09	Gelimiteerde hoeveelheden vrijstelling i.o.m. Hfst. 3.4 ADR/VLG (E)	1	0	40	I	1
104151	1	100010	1	46	FLEXITY	12737	N	\N	n.v.t.	V12737NA.PDF	f	t	\N	\N	100043	\N	2019-07-01	\N	\N	\N	\N	1.18999999999999995	0	35	I	\N
104152	1	100010	1	47	ALLEGRO PLUS	12747	N	alg.instructiekaart	9	V12747NA.PDF	f	t	9,III	3082	100044	\N	2014-03-01	\N	\N	\N	UN 3082 MILIEUGEVAARLIJKE VLOEISTOF, N.E.G., (bevat fenpropimorf, epoxyconazol en kresoxim-methyl), 9,III,(E)	1.07000000000000006	\N	\N	I	1
104153	1	100010	1	49	CARAMBA	12746	N	alg.instructiekaart	3	V12746NA.PDF	f	t	3,III	1993	100043	\N	2020-07-01	\N	7	1999-09-09	UN 1993 BRANDBARE VLOEISTOF N.E.G. ,(zie ook ADR bijzondere bepaling 640). Vlampunt van 23C t/m 61C, niet viskeus - (bevat metconazool),3,III,(D/E)	0.880000000000000004	\N	\N	I	1
104154	1	100010	1	9	KARATE ZEON	12698	N	alg.instructiekaart	9	V12698NA.PDF	f	t	9,III	3082	100032	\N	2015-12-31	\N	1	2011-12-31	UN 3082 MILIEUGEVAARLIJKE VLOEISTOF, N.E.G., (Lamda-cyhalothrin en gesubstitueerde benzoide koolwaterstoffen, mengsel), 9,III,(E)	1.06000000000000005	0	\N	I	1
104155	1	100004	2	56	NICANOR 20 SX	12739	N	alg.instructiekaart	9	V12739Na.pdf	f	t	9,III	3077	100017	\N	2015-12-31	\N	1	2015-07-01	UN 3077 MILIEUGEVAARLIJKE VASTE STOF, N.E.G., (Metsulfuron-methyl), 9,III,(E)	0.729999999999999982	\N	\N	I	1
104157	2	100004	2	1	MUIZENKORRELS	12754	N	\N	n.v.t.	V12754Na.pdf	f	t	\N	\N	100070	\N	1999-09-09	\N	\N	\N	\N	1	0	40	I	\N
104158	2	100010	1	49	CLEAR-UP 360 N	12593	N	alg.instructiekaart	9	V12593Na.PDF	f	t	9,III	3082	100066	\N	2015-12-31	\N	2	1999-09-09	Gelimiteerde hoeveelheden vrijstelling i.o.m. Hfst. 3.4 ADR/VLG	1	0	40	I	1
104159	1	100010	1	46	PRIORI XTRA	12762	N	alg.instructiekaart	9	V12762NA.PDF	f	t	9,III	3082	100044	\N	2015-05-31	\N	\N	\N	UN 3082 MILIEUGEVAARLIJKE VLOEISTOF, N.E.G., (bevat azoxystrobin ), 9,III,(E)	1.10000000000000009	0	\N	I	1
104162	2	100010	1	49	POKON ONKRUID TOTAAL STOP	12733	N	\N	n.v.t.	VDUMMY.PDF	f	t	\N	\N	100066	\N	2015-12-31	\N	\N	\N	\N	1	0	40	I	\N
104163	1	100010	1	12	FUNGAFLOR 100 EC	7119	N	alg.instructiekaart	9	V7119NA.PDF	f	t	9,III	3082	100050	\N	2015-12-31	\N	8	1999-09-09	UN 3082 MILIEUGEVAARLIJKE VLOEISTOF, N.E.G., (Imazalil), 9,III, (E)	1.05000000000000004	0	35	I	1
104164	1	100010	1	46	VENTURE	12781	N	\N	n.v.t.	V12781NA.PDF	f	t	\N	\N	100044	\N	2023-05-01	\N	3	1999-09-09	\N	1.12000000000000011	-10	40	I	\N
104165	1	100010	1	46	OLYMPUS	12787	N	alg.instructiekaart	9	V12787NA.PDF	f	t	9,III	3082	100050	\N	2022-01-01	\N	3	1999-09-09	UN 3082 MILIEUGEVAARLIJKE VLOEISTOF, N.E.G., (picoxystrobin,8%), 9,III,(E)	1.21999999999999997	0	\N	I	1
104166	1	100004	2	48	GAZELLE	12809	N	\N	n.v.t.	V12809NA.PDF	f	t	\N	\N	100030	\N	2014-09-30	\N	4	1999-09-09	\N	0.800000000000000044	0	\N	I	\N
104168	1	100010	1	22	MUNDIAL	12802	N	alg.instructiekaart	6.1	V12802NA.PDF	f	t	6.1,III	2902	100028	\N	2022-10-01	\N	5	2013-01-01	UN 2902 PESTICIDE, VLOEIBAA,R GIFTIG, N.E.G., (bevat fipronil), 6.1,III,(E)	1.21999999999999997	\N	40	I	1
104169	1	100004	2	56	ATLANTIS	12748	N	alg.instructiekaart	9	V12748Na.pdf	f	t	9,III	3077	100011	\N	2013-12-31	\N	\N	\N	UN 3077 MILIEUGEVAARLIJKE VASTE STOF, N.E.G., (iodosulfuron-methyl sodium, Mesosulfuron-methyl, Solvent Naphtha (Petroleum) Heavey Aromatic Mixture),9,III,(E)	0.67000000000000004	0	50	I	3
104170	1	100010	1	46	BETANAL QUATTRO	12697	N	alg.instructiekaart	9 + 11	V12697NA.PDF	f	t	9,III	3082	100021	\N	1999-09-09	\N	2	1999-09-09	UN 3082 MILIEUGEVAARLIJKE VLOEISTOF, N.E.G., (bevat phenmedipham, desmedipham, ethofumesate, metamitron solution) 9,III,(E)	1.10000000000000009	0	50	I	1
104172	1	100010	1	12	FANDANGO	12723	N	alg.instructiekaart	9+11	V12723Na.pdf	f	t	9,III	3082	100044	\N	2021-07-01	\N	2	2008-07-01	UN 3082 MILIEUGEVAARLIJKE VLOEISTOF, N.E.G., (Fluoxastrobin, prothioconazole solution), 9,III,(E)	1.1399999999999999	-10	40	I	1
104173	1	100010	1	12	PROLINE	12725	N	alg.instructiekaart	9 + 11	V12725Na.pdf	f	t	9,III	3082	100043	\N	2021-01-01	\N	2	2012-01-01	UN 3082 MILIEUGEVAARLIJKE VLOEISTOF, N.E.G., (Prothioconazole oplossing), 9,III,(E)	1	-10	40	I	1
104185	1	100004	2	56	SWITCH	12819	N	alg.instructiekaart	9	V12819Na.pdf	f	t	9,III	3077	100055	\N	2023-09-01	\N	3	2014-10-01	UN 3077  MILIEUGEVAARLIJKE VASTE STOF, N.E.G., (Cyprodinil en Fludioxinil), 9,III,(E)	1	-10	\N	I	1
104187	1	100010	1	22	BARITON	12814	N	alg.instructiekaart	9 + 11	V12814NA.PDF	f	t	9,III	3082	100035	\N	2023-01-01	\N	1	2014-01-01	UN 3082 MILIEUGEVAARLIJKE VLOEISTOF, N.E.G., (Fluoxastrobin, Prothioconazole solution), 9,III,(E)	1.12000000000000011	0	40	I	1
104188	1	100010	1	12	MATCH	12821	N	alg.instructiekaart	3	V12821Na.pdf	f	t	3,III	1224	100033	\N	2016-08-01	\N	\N	\N	UN 1224 MILIEUGEVAARLIJKE KETONEN, N.E.G., (alkyl(C3-C5) benzenen,cyclohexanon en lufenuron) 3,III,(D/E)	0.939999999999999947	0	\N	I	1
104191	1	100004	2	57	EMBLEM	12695	N	alg.instructiekaart	9	V12695Na.pdf	f	t	9,III	3077	100023	\N	2015-03-01	\N	\N	\N	UN 3077 MILIEUGEVAARLIJKE VASTE STOF, N.E.G., (Bromoxynil octanoaat), 9,III,(E)	1	0	40	I	1
104192	1	100010	1	49	MAGNATE 100 SL	12836	N	alg.instructiekaart	9	V12836Na.pdf	f	t	9,III	3082	100039	\N	2015-12-31	\N	\N	\N	UN 3082 MILIEUGEVAARLIJKE VLOEISTOF, N.E.G., (Imazalil), 9,III,(E)	1.07000000000000006	0	50	I	1
104193	1	100010	1	54	GRO-STOP INNOVATOR	12638	N	alg.instructiekaart	9	V12638NA.PDF	f	t	9,III	3082	100063	\N	2019-01-01	\N	3	1999-09-09	UN 3082 MILIEUGEVAARLIJKE VLOEISTOF, N.E.G.,  (Chloorprofam), 9,III, (E)	0.949999999999999956	5	25	I	1
104194	1	100010	1	12	PRIMO MAXX	12706	N	\N	n.v.t.	V12706Na.pdf	f	t	\N	\N	100064	\N	2023-03-01	\N	3	1999-09-09	\N	1.07000000000000006	0	\N	I	\N
104195	1	100010	1	46	CLIO	12849	N	alg.instructiekaart	9	V12849NA.PDF	f	t	9,III	3082	100023	\N	2015-04-01	\N	2	2015-07-01	UN 3082 MILIEUGEVAARLIJKE VLOEISTOF, N.E.G., (bevat topramezone), 9,III,(E)	1.12999999999999989	0	40	I	1
104197	1	100004	2	56	FENOMENAL	12824	N	alg.instructiekaart	9	V12824NA.PDF	f	t	9,III	3077	100048	\N	2021-07-01	\N	4	1999-09-09	UN 3077 MILIEUGEVAARLIJKE VASTE STOF, N.E.G., (bevat fenamidone mix), 9,III,(E)	1	\N	\N	I	1
104198	1	100003	2	56	ZANDAL WG	12866	N	alg.instructiekaart	9	V12866NA.PDF	f	t	9,III	3077	100046	\N	1999-09-09	\N	1	1999-09-09	UN 3077 MILIEUGEVAARLIJKE VASTE STOF, N.E.G., (bevat mancozeb), 9,III,(E)	1	\N	\N	I	1
104199	2	100010	1	47	CALYPSO VLOEIBAAR	12835	N	\N	n.v.t.	V12835NA.PDF	f	t	\N	\N	100067	\N	2014-12-31	\N	\N	\N	\N	1	0	50	I	\N
104200	2	100000	1	3	CALYPSO SPRAY	12813	N	\N	n.v.t.	V12813NA.PDF	f	t	\N	\N	100071	\N	2014-12-31	\N	\N	\N	\N	2	0	50	I	\N
104201	2	100000	1	49	CLEAR-UP SPRAY N	12769	N	\N	n.v.t.	V12769NA.PDF	f	t	\N	\N	100066	\N	2015-12-31	\N	2	1999-09-09	\N	1	0	40	I	\N
104202	2	100005	2	2	LIZETAN PLANTENSPRAY	12832	N	alg.instructiekaart	2.2	V12832na.pdf	f	t	2.2	1950	100069	\N	1999-09-09	\N	\N	\N	Gelimiteerde hoeveelheden vrijstelling i.o.m. Hfst. 3.4 ADR/VLG	1	-10	40	I	1
104204	1	100010	1	46	DELARO	12877	N	alg.instructiekaart	9 + 11	V12877NA.PDF	f	t	9,III	3082	100044	\N	2020-06-01	\N	1	2011-01-01	UN 3082 MILIEUGEVAARLIJKE VLOEISTOF, N.E.G., (Trifloxystrobin, Prothioconazole oplossing), 9,III,(E)	1.10000000000000009	-10	40	I	1
104205	1	100010	1	36	HUSSAR VLOEIBAAR	12869	N	alg.instructiekaart	9 + 11	V12869NA.PDF	f	t	9,III	3082	100017	\N	2013-12-31	\N	\N	\N	UN 3082 MILIEUGEVAARLIJKE VLOEISTOF, N.E.G., (Iodosulfuron-methyl sodium, vloeibare Naphtha (Petroleum) zware aromatisch oplossing), 9,III,(E)	1.12999999999999989	0	30	I	1
104207	1	100010	1	46	CALARIS	12878	N	alg.instructiekaart	9	V12878Na.pdf	f	t	9,III	3082	100023	\N	2017-12-01	\N	1	1999-09-09	UN 3082 MILIEUGEVAARLIJKE VLOEISTOF, N.E.G., (terbutylazine), 9,III,(E)	1.12000000000000011	0	\N	I	1
104208	1	100004	2	58	CRUISER 70 WS	12852	N	alg.instructiekaart	4.1	V12852NA.PDF	f	t	4.1,III	1325	100028	\N	2021-01-01	\N	4	2011-08-09	UN 1325 BRANDBARE ORGANISCHE VASTE STOF, N.E.G., (bevat thiametoxam 70%), 4,.1,III,(E)	0.450000000000000011	-5	\N	I	1
104209	1	100010	1	22	CRUISER SB	12863	N	alg.instructiekaart	9	V12863Na.pdf	f	t	9,III	3082	100028	\N	2021-10-01	\N	3	1999-09-09	UN 3082 MILIEUGEVAARLIJKE VLOEISTOF, N.E.G., (bevat thiametoxam ), 9,III,(E)	1.34000000000000008	0	\N	I	1
104211	1	100010	1	12	PROSARO	12843	N	alg.instructiekaart	9 + 11	V12843NA.PDF	f	t	9,III	3082	100044	\N	2014-02-28	\N	2	1999-09-09	UN 3082 MILIEUGEVAARLIJKE VLOEISTOF, N.E.G., (Tebuconazole, prothioconazole oplossing), 9,III, (E)	1	-10	40	I	1
104214	1	100010	1	46	KONTAKT 320 SC	12899	N	alg.instructiekaart	9	V12899Na.pdf	f	t	9,III	3082	100021	\N	2015-02-28	\N	2	2015-10-12	UN 3082 MILIEUGEVAARLIJKE STOF, N.E.G., (fenmedifam), 9,III,(E)	1.09000000000000008	\N	\N	I	1
104217	1	100010	1	22	CRUISER 350 FS	12913	N	alg.instructiekaart	9	V12913NA.PDF	f	t	9,III	3082	100028	\N	2017-01-31	\N	6	1999-09-09	UN 3082 MILIEUGEVAARLIJKE VLOEISTOF, N.E.G., (thiamethoxam), 9,III,(E)	1.17999999999999994	0	\N	I	1
104218	1	100004	2	56	BELLIS	12845	N	alg.instructiekaart	9	V12845Na.pdf	f	t	9,III	3077	100041	\N	2023-07-01	\N	2	1999-09-09	UN 3077 MILIEUGEVAARLIJKE VASTE STOF, N.E.G., (bevat pyraclostrobin, boscalid), 9,III,(E)	1	\N	40	I	1
104220	1	100010	1	12	TOTRIL	12926	N	alg.instructiekaart	3	V12926Na.pdf	f	t	3,III	1993	100017	\N	2015-02-28	\N	\N	\N	UN 1993 BRANDBARE VLOEISTOF, N.E.G., (ioxynil octanoaat, solvent nafta (aardolie) licht aromatische oplossing) 640E, 3,III,(D/E)	1.06000000000000005	0	30	I	1
104221	1	100010	1	46	INFINITO	12927	N	alg.instructiekaart	9 + 11	V12927NA.PDF	f	t	9,III	3082	100046	\N	2014-03-01	\N	\N	\N	UN 3082 MILIEUGEVAARLIJKE VLOEISTOF, N.E.G., (Fluopicolide, oplossing), 9,III,(E)	1.12999999999999989	\N	30	I	1
104222	1	100010	1	46	CANTACK	12939	N	alg.instructiekaart	9 + 11	V12939NA.PDF	f	t	9,III	3082	100026	\N	2015-04-30	\N	1	2013-07-01	UN 3082 MILIEUGEVAARLIJKE VLOEISTOF, N.E.G., (acequinocyl oplossing),9,III,(E)	1.04000000000000004	-5	40	I	1
104223	2	100004	2	48	GAZON INSECT	12919	N	\N	n.v.t.	V12919Na.pdf	f	t	\N	\N	100067	\N	2014-01-31	\N	\N	\N	\N	1	0	40	I	\N
104224	1	100000	2	48	ROSACUR PRO	12931	N	\N	n.v.t.	V12931NA.PDF	f	t	\N	\N	100050	\N	1999-09-09	\N	\N	\N	\N	1	0	40	I	\N
104225	2	100005	2	2	MIEREN EN KRUIPEND ONGEDIERTESPRAY	12932	N	\N	n.v.t.	V12932NA.PDF	f	t	\N	\N	100072	\N	2014-01-01	\N	\N	\N	\N	1	0	40	I	\N
104227	2	100000	2	56	ADMIRE N	12945	N	\N	n.v.t.	V12945na.pdf	f	t	\N	\N	100067	\N	2014-01-31	\N	\N	\N	\N	1	\N	\N	I	\N
104228	1	100010	1	49	POTAZIL 100 SL	12862	N	alg.instructiekaart	9	V12862Na.pdf	f	t	9,III	3082	100039	\N	2015-12-31	\N	\N	\N	UN 3082  MILIEUGEVAARLIJKE VLOEISTOF, N.E.G., (Imazalil), 9,III,(E)	1.07000000000000006	0	50	I	1
104231	1	100010	1	46	SECURO	12955	N	alg.instructiekaart	9	V12955NA.PDF	f	t	9,III	3082	100057	\N	2021-01-01	\N	1	2011-09-30	UN 3082 MILIEUGEVAARLIJKE VLOEISTOF, N.E.G., (bevat folpet, pyraclostrobin), 9,III,(E)	1.25	0	40	I	1
104232	2	100004	2	1	FINION FRAP MUIZENKORRELS	12573	N	\N	n.v.t.	VDUMMY.PDF	f	t	\N	\N	100070	\N	1999-09-09	\N	\N	\N	\N	1	0	40	I	\N
104233	1	100004	2	27	MAXFORCE LN	12974	N	\N	n.v.t.	V12974NA.PDF	f	t	\N	\N	100034	\N	2017-07-01	\N	\N	\N	\N	1	\N	\N	I	\N
104234	1	100004	2	39	RODILON SOFT BLOCK	12966	N	\N	n.v.t.	V12966NA.PDF	f	t	\N	\N	100059	\N	2017-10-01	\N	\N	\N	\N	1	\N	\N	I	\N
104236	1	100010	1	46	REVUS	12969	N	\N	n.v.t.	V12969Na.pdf	f	t	\N	\N	100046	\N	2015-01-31	\N	2	1999-09-09	\N	1.07000000000000006	0	\N	I	\N
104237	1	100010	1	46	RUDIS	12970	N	alg.instructiekaart	9	V12970NA.pdf	f	t	9,III	3082	100057	\N	2023-07-01	\N	2	1999-09-09	UN 3082 MILIEUGEVAARLIJKE VLOEISTOF, N.E.G., (Prothioconazole oplossing), 9,III,(E)	1.18999999999999995	\N	50	I	1
104238	1	100010	1	46	MESUROL FS	12964	N	alg.instructiekaart	6.1	V12964NA.PDF	f	t	6.1,II	2992	100028	\N	2021-10-01	\N	1	2010-07-01	UN 2992 PESTICIDE, CARBAMAAT, VLOEIBAA,RGIFTIG (Methiocarb oplossing), 6.1,II, (D/E)	1.12000000000000011	0	40	I	1
104239	1	100010	1	46	FOLIO GOLD	12994	N	alg.instructiekaart	9	V12994NA.PDF	f	t	9,III	3082	100050	\N	2018-01-01	\N	\N	\N	UN 3082 MILIEUGEVAARLIJKE VLOEISTOF, N.E.G., (chloorthalonil), 9,III,(E)	1.26000000000000001	0	\N	I	1
104240	1	100010	1	12	SPYRALE	12975	N	alg.instructiekaart	9	V12975Na.pdf	f	t	9,III	3082	100039	\N	2018-01-01	\N	\N	\N	UN 3082 MILIEUGEVAARLIJKE VLOEISTOF, N.E.G., (fenpropidin en difenoconazool en solvent nafta), 9,III,(E)	0.989999999999999991	0	\N	I	1
104242	1	100010	1	46	GOLTIX SUPER	12982	N	alg.instructiekaart	9	V12982Na.pdf	f	t	9,III	3082	100021	\N	2018-01-01	\N	2	2015-08-22	UN 3082 MILIEUGEVAARLIJKE VLOEISTOF, N.E.G., (ethofumesaat, metamitron) 9,III, (E)	1.1399999999999999	-5	35	I	1
104244	1	100004	2	57	TOKI	12968	N	alg.instructiekaart	9	V12968NA.PDF	f	t	9,III	3077	100013	\N	2015-12-31	\N	1	2015-07-01	UN 3077 MILIEUGEVAARLIJKE VASTE STOF, N.E.G., (bevat flumioxazin), 9,III,(E)	1	\N	\N	I	1
104245	2	100000	2	30	PIRON	12979	N	\N	n.v.t.	V12979NA.PDF	f	t	\N	\N	100071	\N	2017-07-01	\N	\N	\N	\N	1	\N	\N	I	\N
104248	1	100010	1	60	BASTA 200	8906	N	\N	n.v.t.	V8906NA.PDF	f	t	\N	\N	100013	\N	2014-06-01	\N	9	2007-11-02	\N	1.1100000000000001	0	40	I	\N
104249	1	100010	1	46	SUBLIEM	12988	N	alg.instructiekaart	9	V12988NA.PDF	f	t	9,III	3082	100052	\N	2015-05-31	\N	1	1999-09-09	UN 3082 MILIEUGEVAARLIJKE VLOEISTOF, N.E.G., (Fluoxastrobin solution), 9,III,(E)	1.12000000000000011	\N	40	I	1
104251	1	100004	2	30	BIO 1020	12589	N	\N	n.v.t.	V12589NA.PDF	f	t	\N	\N	100034	\N	2014-04-30	\N	\N	\N	\N	0.270000000000000018	4	40	I	\N
104254	1	100010	2	26	VIKANE	13003	N	alg.instructiekaart	2.3	V13003NA.PDF	f	t	2T	2191	100034	\N	2017-11-01	\N	\N	\N	UN 2191 SULFURYLFLUORIDE, 2T,(C/D)	1	5	25	I	1
104255	1	100010	1	12	COMET STAR (COMET)	12411	F	alg.instructiekaart	6.1	V12411na.pdf	f	t	6.1,III	2902	100044	\N	2014-05-31	\N	\N	\N	UN 2902 PESTICIDE, VLOEIBAA,R GIFTIG, N.E.G., (bevat pyraclostrobin), 6.1,III,(E)	1.05000000000000004	10	40	I	1
104257	1	100010	1	46	FOLICUR SC	13057	N	\N	n.v.t.	V13057Na.pdf	f	t	\N	\N	100054	\N	2018-05-01	\N	3	2012-05-01	\N	1.12000000000000011	-10	50	I	\N
104258	1	100004	2	44	MAXFORCE QUANTUM	13074	N	\N	n.v.t.	V13074NA.PDF	f	t	\N	\N	100026	\N	2017-07-01	\N	\N	\N	\N	0	\N	\N	I	\N
104259	2	100004	2	44	PIRON MIERENLOKDOOS	13072	N	\N	n.v.t.	V13072Na.pdf	f	t	\N	\N	100067	\N	2017-07-01	\N	\N	\N	\N	1	\N	\N	I	\N
104260	2	100004	2	30	POKON MIEREN	12980	N	\N	n.v.t.	VDUMMY.PDF	f	t	\N	\N	100071	\N	2017-07-01	\N	\N	\N	\N	1	0	40	I	\N
104261	1	100010	1	49	MAXCEL	13147	N	\N	n.v.t.	V13147NA.PDF	f	t	\N	\N	100064	\N	2019-01-01	\N	\N	\N	\N	1.05000000000000004	\N	\N	I	\N
104262	1	100004	2	39	MS SOMITROL PASTA	13053	N	\N	n.v.t.	V13053NA.PDF	f	t	\N	\N	100059	\N	2017-10-01	\N	\N	\N	\N	1	0	40	I	\N
104263	1	100000	2	44	MAXFORCE LN MIERENLOKDOOS	13073	N	\N	n.v.t.	V13073NA.PDF	f	t	\N	\N	100034	\N	2017-07-01	\N	\N	\N	\N	1	\N	\N	I	\N
104264	1	100010	1	100010	MILAGRO EXTRA 6 OD	13043	N	alg.instructiekaart	9	V13043Na.doc	f	t	9,III	3082	100023	\N	2018-01-01	\N	\N	\N	UN 3082 MILIEUGEVAARLIJKE VLOEISTOF, N.E.G., (Oplossing, nicosulfuron), 9,III,()	0.959999999999999964	0	\N	I	1
104265	1	100010	1	12	VERTIMEC GOLD	13087	N	alg.instructiekaart	9	V13087Na.pdf	f	t	9,III	3082	100026	\N	2018-07-01	\N	1	1999-09-09	UN 3082 MILIEUGEVAARLIJKE VLOEISTOF, N.E.G.,  (Abamectine, mengsel), 9,III,(E)	0.959999999999999964	0	\N	I	1
104266	2	100000	2	44	SMART BAYT	13107	N	\N	n.v.t.	V13107NA.PDF	f	t	\N	\N	100070	\N	2018-10-01	\N	\N	\N	\N	1	\N	\N	I	\N
104267	1	100010	1	46	GARDO GOLD	13145	N	alg.instructiekaart	9	V13145Na.pdf	f	t	9,III	3082	100023	\N	2019-01-01	\N	\N	\N	UN 3082 MILIEUGEVAARLIJKE VLOEISTOF, N.E.G.,(s-metolachlor en terbuthylazone), 9,III,(E)	1.08000000000000007	0	\N	I	1
104268	1	100010	1	46	FIESTA	13137	N	alg.instructiekaart	9	V13137NA.PDF	f	t	9,III	3082	100021	\N	2018-12-19	\N	2	2015-07-01	UN 3082 MILIEUGEVAARLIJKE VLOEISTOF, N.E.G., (bevat chloridazon, quinmerac), 9,III,(E)	1.17999999999999994	\N	\N	I	1
104269	1	100004	2	56	BIATHLON	13142	N	alg.instructiekaart	9	V13142NA.PDF	f	t	9,III	3077	100017	\N	2020-09-01	\N	2	2015-07-01	UN 3077 MILIEUGEVAARLIJKE VASTE STOF, N.E.G., (bevat tritosulfuron), 9,III,(E)	1.65999999999999992	\N	30	I	1
104270	1	100004	2	56	CURZATE PARTNER	12755	N	alg.instructiekaart	9	V12755NA.PDF	f	t	9,III	3077	100046	\N	1999-09-09	\N	\N	\N	UN 3077 MILIEUGEVAARLIJKE VASTE STOF, N.E.G., (bevat cymoxanil), 9,III,(E)	1	\N	\N	I	1
104271	1	100010	1	46	FORCE	13135	N	alg.instructiekaart	9	V13135Na.pdf	f	t	9,III	3082	100028	\N	2019-01-01	\N	1	1999-09-09	UN 3082 MILIEUGEVAARLIJKE VLOEISTOF, N.E.G.,  (tefluthrin), 9,III,(E)	1.06000000000000005	0	\N	I	1
104275	1	100010	1	49	PILOT	12279	N	alg.instructiekaart	9	V12279NA.PDF	f	t	9,III	3082	100011	\N	1999-09-09	\N	\N	\N	UN 3082 MILIEUGEVAARLIJKE VLOEISTOF, N.E.G., (quizalofop-p-ethyl), 9,III,(E)	0.959999999999999964	0	30	I	1
104280	1	100000	2	30	EXEMPTOR	13138	N	\N	n.v.t.	V13138Na.pdf	f	t	\N	\N	100034	\N	2015-12-31	\N	\N	\N	\N	1	0	30	I	\N
104282	1	100004	2	56	MISTRAL 70 WG	13040	N	alg.instructiekaart	9	V13040Na.pdf	f	t	9,III	3077	100019	\N	2023-09-01	\N	2	2014-09-06	UN 3077 MILIEUGEVAARLIJKE VASTE STOF, N.E.G., (Metribuzine (ISO)), 9, III,(E)	5.32000000000000028	\N	\N	I	1
104283	1	100004	2	56	ACCENT 75 DF	13129	N	alg.instructiekaart	9	V13129Na.pdf	f	t	9,III	3077	100023	\N	2019-01-01	\N	\N	\N	UN 3077 MILIEUGEVAARLIJKE VASTE STOF, N.E.G., (bevat Nicosulfuron), 9.III,(E)	1	\N	\N	I	1
104285	1	100000	2	56	QUICK BAYT SPRAY	13116	N	\N	n.v.t.	V13116na.PDF	f	t	\N	\N	100034	\N	2018-10-01	\N	\N	\N	\N	1	40	0	I	\N
104286	1	100010	1	46	AMISTAR TOP	13197	N	alg.instructiekaart	9	V13197Na.pdf	f	t	9,III	3082	100039	\N	2019-07-01	\N	\N	\N	UN 3082 MILIEUGEVAARLIJKE VLOEISTOF, N.E.G., (axoxystrobin en difenoconazool ), 9,III,(E)	1.1100000000000001	0	\N	I	1
104287	1	100010	1	46	KERB FLO	13152	N	alg.instructiekaart	9	V13152NA.PDF	f	t	9,III	3082	100025	\N	2019-03-01	\N	2	2015-06-30	UN 3082 MILIEUGEVAARLIJKE VLOEISTOF, N.E.G., (bevat propyzamide), 9,III,(E)	1.10000000000000009	0	25	I	1
104288	1	100010	1	46	MERPAN FLOWABLE	12892	N	alg.instructiekaart	9	V12892Na.pdf	f	t	9,III	3082	100057	\N	2014-03-01	\N	\N	\N	UN3082 MILIEUGEVAARLIJKE VLOEISTOF, N.E.G., (Captan (ISO)), 9, III,(E)	1.22999999999999998	0	\N	I	1
104289	1	100004	2	56	NATIVO	13211	N	alg.instructiekaart	9	V13211NA.PDF	f	t	9,III	3077	100039	\N	2019-07-01	\N	2	1999-09-09	UN 3077, MILIEUGEVAARLIJKE VASTE STOF, N.E.G., (TEBUCONAZOL, TRIFLOXYSTROBIN MIXTURE) 9,III,(E)	1	-20	40	I	1
104290	1	100010	1	46	PHILABUSTER 400 SC	12983	N	alg.instructiekaart	9	V12983NA.PDF	f	t	9,III	3082	100041	\N	2017-12-01	\N	2	2011-06-01	UN 3082 MILIEUGEVAARLIJKE VLOEISTOF, N.E.G., (bevat imazalil, pyrimethanil), 9,III,(E)	1.15999999999999992	\N	\N	I	1
104291	1	100004	2	59	FICAM W	13205	N	\N	n.v.t.	V13205NA.PDF	f	t	\N	\N	100034	\N	2019-07-01	\N	\N	\N	\N	2	0	40	I	\N
104292	1	100010	1	49	PREVICUR ENERGY	13221	N	\N	n.v.t.	V13221NA.PDF	f	t	\N	\N	100048	\N	2019-08-01	\N	3	2012-10-01	\N	1.12000000000000011	\N	\N	I	\N
104294	1	100010	1	46	BORNEO	13227	N	alg.instructiekaart	9	V13227NA.PDF	f	t	9,III	3082	100026	\N	2019-10-01	\N	2	1999-09-09	UN 3082 MILIEUGEVAARLIJKE VLOEISTOF, N.E.G.,(bevat etoxazool) 9,III,(E)	1.06000000000000005	\N	\N	I	1
104295	1	100010	1	9	PYRISTAR 250 CF	13274	N	alg.instructiekaart	9	V13274NA.PDF	f	t	9,III	3082	100028	\N	2019-12-31	\N	\N	\N	UN3082 MILIEUGEVAARLIJKE VLOEISTOF, N.E.G., (Chlorpyrifos (ISO)), 9,III,(E)	1.08000000000000007	0	\N	I	1
104296	1	100004	2	30	BASAMID CLEANSTART	13213	N	alg.instructiekaart	9	V13213NA.PDF	f	t	9,III	3077	100057	\N	2014-12-31	\N	\N	\N	UN 3077 MILIEUGEVAARLIJKE VASTE STOF, N.E.G.,  (DAZOMET), 9,III, (E)	1	\N	\N	I	1
104297	1	100004	2	4	BOTANIGARD WP	12612	N	\N	n.v.t.	V12612NA.PDF	f	t	\N	\N	100034	\N	2014-04-30	\N	\N	\N	\N	1	\N	\N	I	\N
104298	1	100010	1	12	QUICKDOWN	13246	N	alg.instructiekaart	9	V13246Na.pdf	f	t	9,III	3082	100019	\N	2020-01-01	\N	3	2015-07-01	UN 3082 MILIEUGEVAARLIJKE VLOEISTOF, N.E.G.,  (PYRAFLUFEN-ETHYL), 9,III, (E)	1.01000000000000001	\N	\N	I	1
104299	1	100010	1	22	MAXIM 100 FS	13275	N	alg.instructiekaart	9	V13275NA.PDF	f	t	9,III	3082	100035	\N	2020-01-01	\N	1	1999-09-09	UN 3082 MILIEUGEVAARLIJKE VLOEISTOF, N.E.G. (Fludioxonil), 9,III,(E)	1.07000000000000006	0	\N	I	1
104300	1	100004	2	48	PROCLAIM	13260	N	alg.instructiekaart	9	V13260Na.pdf	f	t	9,III	3077	100031	\N	2015-01-01	\N	\N	\N	UN 3077 MILIEUGEVAARLIJKE VASTE STOF, N.E.G. (emamectine benzoaat), 9,III,(E)	0.599999999999999978	0	\N	I	1
104301	1	100005	2	2	SCOMRID AEROSOL	13284	N	alg.instructiekaart	2.1	V13284NA.PDF	f	t	2	1950	100055	\N	2020-02-01	\N	\N	\N	UN 1950 SPUITBUSSEN (Aerosolen), 2, (D)	1	\N	\N	I	3
104302	1	100004	2	56	CAPRI TWIN	13257	N	alg.instructiekaart	9	V13257NA.PDF	f	t	9,III	3077	100017	\N	2015-04-30	\N	3	2015-07-01	UN 3077  MILIEUGEVAARLIJKE VASTE STOF, N.E.G., (bevat Pyroxsulam en Cloquintocet-mexyl), 9,III,(E)	0.5	0	25	I	1
104303	1	100010	1	49	PANIC FREE	13186	N	\N	n.v.t.	V13186NA.PDF	f	t	\N	\N	100013	\N	2019-01-05	\N	1	2015-06-30	\N	1	0	25	I	\N
104304	1	100010	1	49	MATOS	13226	N	\N	n.v.t.	V13226NA.PDF	f	t	\N	\N	100013	\N	2019-01-05	\N	1	2015-06-30	\N	1	0	25	I	\N
104305	1	100010	1	49	POLICLEAN	13225	N	\N	n.v.t.	V13225NA.PDF	f	t	\N	\N	100013	\N	2019-01-05	\N	1	2015-06-30	\N	1	0	25	I	\N
104306	1	100010	1	47	KART	13290	N	alg.instructiekaart	9	V13290NA.PDF	f	t	9,III	3082	100015	\N	2013-12-31	\N	1	2015-07-01	UN 3082 MILIEUGEVAARLIJKE VLOEISTOF, N.E.G.(Fluroxypyr/Florasulam-mengsel) 9,III, (E)	1	0	25	I	1
104307	1	100000	2	44	MAXFORCE PRIME	13250	N	\N	n.v.t.	V13250NA.PDF	f	t	\N	\N	100034	\N	2019-10-01	\N	\N	\N	\N	1	0	40	I	\N
104308	2	100010	1	49	CLINESS	13286	N	alg.instructiekaart	9	V13286Na.PDF	f	t	9,III	3082	100013	\N	2015-12-31	\N	\N	\N	UN 3082 MILIEUGEVAARLIJKE VLOEISTOF, N.E.G.,(bevat glyfosaat), 9,III,(E)	1.16999999999999993	\N	\N	I	1
104309	1	100010	1	32	TALENT	13070	N	\N	n.v.t.	V13070NA.PDF	f	t	\N	\N	100063	\N	2018-01-06	\N	\N	\N	\N	0.959999999999999964	5	30	I	\N
104311	1	100004	2	56	FAME	13289	N	alg.instructiekaart	9	V13289Na.pdf	f	t	9,III	3077	100031	\N	2015-04-30	\N	1	1999-09-09	UN 3077 MILIEUGEVAARLIJKE VASTE STOF, N.E.G. (FLUBENDIAMID), 9,III,(E)	0.75	-10	40	I	1
104312	1	100010	1	46	POWERTWIN	13185	N	alg.instructiekaart	9	V13185Na.pdf	f	t	9,III	3082	100021	\N	2019-04-30	\N	1	2015-07-25	UN3082, MILIEUGEVAARLIJKE VLOEISTOF, N.E.G., (FENMEDIFAM, ETOFUMESAAT), 9,III, (E)	1.1100000000000001	-5	40	I	1
104313	1	100010	1	46	CONSENTO	12859	N	alg.instructiekaart	9	V12859NA.PDF	f	t	9,III	3082	100046	\N	2021-03-01	\N	2	1999-09-09	UN 3082 MILIEUGEVAARLIJKE VLOEISTOF, N.E.G. (FENAMIDONE OPLOSSING),9,III,(E)	1.12000000000000011	-15	40	I	1
104315	1	100010	1	46	CYD-X XTRA	13329	N	\N	n.v.t.	V13329NA.PDF	f	t	\N	\N	100031	\N	2020-06-01	\N	\N	\N	\N	1.10000000000000009	0	5	I	\N
104317	1	100004	2	51	ENZICUR	12940	N	alg.instructiekaart	5.1	V12940Na.pdf	f	t	5.1,III	3378	100050	\N	2014-07-01	\N	1	1999-09-09	UN 3378 NATRIUMCARBONAT PEROXYHYDRAT mengsel , 5.1 III,(E)	1	2	10	I	1
104318	1	100004	2	5	STORM SECURE	13337	N	\N	n.v.t.	V13337Na.pdf	f	t	\N	\N	100059	\N	2016-09-30	\N	\N	\N	\N	1	\N	\N	I	\N
104319	1	100010	1	46	ORVEGO	13317	N	\N	n.v.t.	V13317Na.pdf	f	t	\N	\N	100046	\N	2014-10-31	\N	2	1999-09-09	\N	1.1100000000000001	\N	\N	I	\N
104320	1	100010	1	100010	ELUMIS	13192	N	alg.instructiekaart	9	V13192Na.pdf	f	t	9,III	3082	100023	\N	2019-07-01	\N	2	2012-10-01	UN 3082 MILIEUGEVAARLIJKE VLOEISTOF, N.E.G.,(mesotrione en nicosulfuron), 9,III,(E)	0.959999999999999964	0	\N	I	1
104321	1	100010	1	46	SULTAN 500 SC	13128	N	alg.instructiekaart	9	V13128Na.pdf	f	t	9,III	3082	100025	\N	2018-12-01	\N	1	2015-07-01	UN 3082 MILIEUGEVAARLIJKE VLOEISTOF, N.E.G.,(METAZACHLOR), 9,III,(E)	1.12999999999999989	0	40	I	1
104322	1	100010	1	100010	MAISTER VLOEIBAAR	13187	N	alg.instructiekaart	9	V13187Na.pdf	f	t	9,III	3082	100023	\N	2019-08-01	\N	1	1999-09-09	UN 3082 MILIEUGEVAARLIJKE VLOEISTOF, N.E.G.(ISOXADIFEN-ETHYL, SOLVENT NAFTA (AARDOLIE) ZWAAR AROMATISCHE OPLOSSING),9,III,(E)	1.03000000000000003	-10	30	I	1
104323	1	100010	1	46	MADEX PLUS	13302	N	\N	n.v.t.	V13302NA.PDF	f	t	\N	\N	100031	\N	2020-04-01	\N	\N	\N	\N	1.10000000000000009	5	5	I	\N
104324	2	100004	2	44	RATAK MUIZENKORRELS	7967	N	\N	n.v.t.	V7967NA.PDF	f	t	\N	\N	100059	\N	2015-03-31	\N	\N	\N	\N	1	\N	\N	I	\N
104325	1	100010	1	49	WEEDAZOL	6049	N	\N	n.v.t.	V6049NA.PDF	f	t	\N	\N	100013	\N	2020-01-01	\N	3	2010-06-01	\N	1.07000000000000006	5	30	I	\N
104349	1	100004	2	48	ISOMEXX	13342	N	alg.instructiekaart	9	V13342Na.PDF	f	t	9,III	3077	100017	\N	2015-12-31	\N	\N	\N	UN 3077 MILIEUGEVAARLIJKE VASTE STOF, N.E.G., (Metsulfuron Methyl), 9,III,(E)	1	\N	\N	I	1
104350	2	100010	1	49	DUPLOSAN MCPP (PART)	13372	N	\N	n.v.t.	VDUMMY.PDF	f	t	\N	\N	100015	\N	2013-09-01	2015-03-01 00:00:00	7	2010-10-01	\N	1.25	-5	40	I	\N
104351	2	100005	2	2	ZILVERVISJESSPRAY	13393	N	\N	n.v.t.	VDUMMY.PDF	f	t	\N	\N	100072	\N	2014-01-01	\N	\N	\N	\N	1	\N	\N	I	\N
104352	2	100000	2	44	MIERENLOKDOOS NATRIA	13391	N	\N	n.v.t.	VDUMMY.PDF	f	t	\N	\N	100071	\N	2019-05-01	\N	\N	\N	\N	1	0	40	I	\N
104353	1	100000	2	10	FICAM D	13395	N	\N	n.v.t.	V13395NA.PDF	f	t	\N	\N	100034	\N	2020-12-31	\N	\N	\N	\N	1	\N	\N	I	\N
104354	1	100000	2	30	MERIT TURF	13321	N	\N	n.v.t.	VDUMMY.PDF	f	t	\N	\N	100029	\N	2020-07-01	\N	\N	\N	\N	1	\N	\N	I	\N
104355	2	100000	2	44	VLIEGENSTICKER	13369	N	\N	n.v.t.	VDUMMY.PDF	f	t	\N	\N	100067	\N	2020-08-01	\N	\N	\N	\N	1	0	40	I	\N
104356	1	100010	1	46	LATITUDE	13379	N	\N	n.v.t.	V13379NA.PDF	f	t	\N	\N	100035	\N	2013-12-31	\N	\N	\N	\N	1	0	40	I	\N
104357	1	100010	1	16	NOCTURN	13359	N	alg.instructiekaart	9	V13359NA.PDF	f	t	9,III	3082	100031	\N	2015-04-30	\N	1	1999-09-09	UN 3082 MILIEUGEVAARLIJKE VLOEISTOF, N.E.G. (Pyridalyl),9,III,(E)	1.01000000000000001	0	\N	I	1
104358	1	100002	2	56	KOHINOR 70 WG	13363	N	\N	n.v.t.	V13363Na.pdf	f	t	\N	\N	100034	\N	2014-01-31	\N	2	2011-09-08	\N	1	\N	60	I	\N
104359	1	100010	1	46	MEDAX TOP EN TURBO (MEDAX TOP)	13401	N	\N	n.v.t.	V13401NA.PDF	f	t	\N	\N	100063	\N	2020-03-15	\N	\N	\N	\N	1.12999999999999989	-10	30	I	\N
104360	1	100010	1	100010	MOVENTO	13404	N	alg.instructiekaart	9	V13404Na.pdf	f	t	9,III	3082	100029	\N	2014-02-01	\N	2	1999-09-09	UN 3082 MILIEUGEVAARLIJKE VLOEISTOF, N.E.G., (bevat Spirotetramat), 9,III,(E)	9.80000000000000071	-10	40	I	1
104361	1	100004	2	48	MEDAX TOP EN TURBO (TURBO)	90070	F	\N	n.v.t.	V90070FA.PDF	f	t	\N	\N	100063	\N	\N	\N	\N	\N	\N	1	\N	\N	I	\N
104362	1	100004	2	30	MOCAP 15 G	13220	N	alg.instructiekaart	6.1	V13220NA.PDF	f	t	6.1,I	2783	100027	\N	2019-08-01	\N	2	1999-09-09	UN 2783 PESTICIDE, ORGANISCHE FOSFORVERBINDING, VAST, GIFTIG, (mengsel van ethoprofos), 6.1, I, (C/E)	0.810000000000000053	\N	\N	I	50
104363	2	100010	1	60	CLEAR-UP CONCENTRAAT	13291	N	\N	n.v.t.	VDUMMY.PDF	f	t	\N	\N	100066	\N	2015-12-31	\N	1	2014-07-01	\N	1	0	0	I	\N
104364	2	100010	1	60	FLITSER CONCENTRAAT	13396	N	\N	n.v.t.	Vdummy.pdf	f	t	\N	\N	100066	\N	2015-08-31	\N	\N	\N	\N	1	\N	\N	I	\N
104365	2	100010	2	59	FLITSER SPRAY	13397	T	\N	n.v.t.	VDUMMY.PDF	f	t	\N	\N	100066	\N	2015-08-31	\N	\N	\N	\N	2	0	40	I	\N
104366	1	100010	1	49	ROUNDUP+	12960	N	\N	n.v.t.	V12960NA.PDF	f	t	\N	\N	100013	\N	2015-12-31	\N	\N	\N	\N	1	\N	\N	I	\N
104367	1	100010	1	22	PONCHO ROOD	13276	N	alg.instructiekaart	9	V13276NA.PDF	f	t	9,III	3082	100028	\N	2018-03-31	\N	\N	\N	UN 3082 MILIEUGEVAARLIJKE VLOEISTOF, N.E.G., (Clothianidine oplossing), 9,III,  (E)	1.26000000000000001	\N	\N	I	1
104368	1	100004	2	56	AFFIRM	13455	N	alg.instructiekaart	9	V13455Na.pdf	f	t	9,III	3077	100031	\N	2014-06-01	\N	\N	\N	UN 3077 MILIEUGEVAARLIJKE VASTE STOF, N.E.G., (emamectine benzoaat), 9,III,(E)	0.599999999999999978	-5	\N	I	1
104369	1	100010	1	49	BUTTRESS	13441	N	\N	n.v.t.	V13441NA.PDF	f	t	\N	\N	100015	\N	2013-12-31	\N	\N	\N	\N	1.17999999999999994	0	\N	I	\N
104370	1	100010	1	12	SPECTRUM	13456	N	alg.instructiekaart	9	V13456NA.PDF	f	t	9,III	3082	100025	\N	2021-06-01	\N	1	2015-07-01	UN 3082 MILIEUGEVAARLIJKE VLOEISTOF, N.E.G.,(bevat dimethenamide-P), 9,III(E)	1.12999999999999989	-10	40	I	1
104371	1	100010	1	46	SCELTA	13440	N	\N	n.v.t.	V13440NA.PDF	f	t	\N	\N	100026	\N	2014-05-01	\N	\N	\N	\N	1.06000000000000005	\N	\N	I	\N
104372	1	100010	1	46	BETASANA SC	13234	N	alg.instructiekaart	9	V13234NA.PDF	f	t	9,III	3082	100021	\N	2019-09-01	\N	\N	\N	UN 3082 MILIEUGEVAARLIJKE VLOEISTOF, N.E.G., (bevat fenmedifam technical), 9,III, (E)	1	\N	\N	I	1
104373	1	100010	1	32	GRO-STOP ELECTRO	13494	N	alg. instructiekaart	9	V13494NA.PDF	f	t	9,III	3082	100063	\N	2019-03-20	\N	\N	\N	UN 3082 MILIEUGEVAARLIJKE VLOEISTOF, N.E.G., (Chloorprofam), 9,III,(E)	1.12000000000000011	1	45	I	1
104374	1	100004	2	56	WAKIL XL	13296	N	\N	n.v.t.	V13296Na.pdf	f	t	\N	\N	100035	\N	2020-02-01	\N	1	1999-09-09	\N	1	-5	\N	I	\N
104375	1	100004	2	55	RAK 3 + 4	12467	N	alg.instructiekaart	9	V12467NA.PDF	f	t	9,III	3082	100031	\N	2015-08-31	\N	\N	\N	UN 3082 MILIEUGEVAARLIJKE VLOEISTOF, N.E.G. (bevat codeca-dienol), 9,III, (E)	1	\N	5	I	1
104376	1	100010	1	12	TRAXOS 50	13423	N	alg. instructiekaart	9	V13423Na.pdf	f	t	9,III	3082	100011	\N	2014-05-31	\N	1	2015-07-01	UN 3082 MILIEUGEVAARLIJKE VLOEISTOF, N.E.G.,  (solvent naphtha), 9,III,(E)	0.989999999999999991	-5	\N	I	1
104377	1	100010	1	46	BRAVO PREMIUM	13549	N	alg. instructiekaart	9	V13549Na.pdf	f	t	9,III	3082	100044	\N	2014-05-31	\N	\N	\N	UN 3082 MILIEUGEVAARLIJKE VLOEISTOF, N.E.G.,(propiconazool en chloorthalonil mengsel), 9,III, (E)	1.1399999999999999	\N	\N	I	1
104378	2	100000	2	44	FRAP SOFT BLOCK	13338	N	\N	n.v.t.	VDUMMY.PDF	f	t	\N	\N	100070	\N	2014-10-31	\N	\N	\N	\N	1	\N	\N	I	\N
104379	2	100000	1	3	POKON ONKRUIDSTOP SL486	13346	N	\N	n.v.t.	V13346NA.PDF	f	t	\N	\N	100066	\N	2015-12-31	\N	\N	\N	\N	1	\N	\N	I	\N
104380	2	100000	1	3	TWIST PLUS SPRAY	13417	N	\N	n.v.t.	V13417NA.PDF	f	t	\N	\N	100069	\N	2021-04-01	\N	\N	\N	\N	1	\N	\N	I	\N
104381	1	100010	1	12	SKYWAY XPRO	13513	N	alg.instructiekaart	9	V13513NA.PDF	f	t	9,III	3082	100044	\N	2014-11-01	\N	\N	\N	UN 3082 MILIEUGEVAARLIJKE VLOEISTOF, N.E.G.,  (bixafen oplossing),9,III,(E)	1.01000000000000001	\N	\N	I	1
104382	1	100010	1	46	MONCEREEN PRO	13490	N	alg. instructiekaart	9	V13490NA.PDF	f	t	9, III	3082	100052	\N	2021-10-01	\N	\N	\N	UN 3082 MILIEUGEVAARLIJKE VLOEISTOF N.E.G. (PENCYCURON SOLUTION) 9,III (E)	1.08000000000000007	\N	\N	I	1
104383	1	100010	1	12	AVIATOR XPRO	13502	N	alg.instructiekaart	9	V13502NA.PDF	f	t	9,III	3082	100044	\N	2014-11-01	\N	\N	\N	UN 3082 MILIEUGEVAARLIJKE VLOEISTOF, N.E.G., (bevat prothioconazool en bixafen ),9,III,(E)	1.01000000000000001	\N	\N	I	1
104384	1	100010	1	47	AKRIS	13580	N	alg.instructiekaart	9	V13580Na.pdf	f	t	9,III	3082	100023	\N	2022-02-01	\N	5	2014-10-18	UN 3082 MILIEUGEVAARLIJKE VLOEISTOF, N.E.G., (bevat terbuthylazine en dimethenamide-P), 9,III,(E)	1.1100000000000001	0	54	I	1
104385	1	100010	1	46	IMTREX DUO (OPUS)	11408	F	alg.instructiekaart	9	V11408FA.PDF	f	t	9,III	3082	100044	\N	1999-09-09	\N	1	1999-09-09	UN 3082, MILIEUGEVAARLIJKE VLOEISTOF, N.E.G. (bevat epoxiconazool), 9,III, (E)	1.04000000000000004	\N	\N	I	1
104386	1	100010	1	12	IMTREX DUO (IMTREX)	13578	N	alg. instructiekaart	9	V13578NA.PDF	f	t	9,III	3082	100044	\N	2015-03-01	\N	\N	\N	UN 3082, MILIEUGEVAARLIJKE VLOEISTOF, N.E.G. (bevat fluxapyroxad), 9,III, (E)	1.03000000000000003	\N	\N	I	1
104387	1	100010	1	49	TAIFUN 360	13479	N	\N	n.v.t.	V13479Na.pdf	f	t	\N	\N	100013	\N	2015-03-19	\N	1	2015-07-01	\N	1.15999999999999992	-5	35	I	\N
104388	1	100010	1	46	LEGACY 500 SC	13553	N	alg.instructiekaart	9	V13553Na.pdf	f	t	9,III	3082	100017	\N	2022-01-01	\N	1	2015-07-01	UN 3082 MILIEUGEVAARLIJKE VLOEISTOF, N.E.G. (Diflefunican), 9, III, (E)	1.18999999999999995	5	40	I	1
104389	1	100010	1	12	TRIMAXX	13575	N	\N	n.v.t.	V13575Na.pdf	f	t	\N	\N	100063	\N	2022-01-01	\N	\N	\N	\N	1.01000000000000001	0	35	I	\N
104390	1	100004	2	56	SIGNUM S	13477	N	alg.instructiekaart	9	V13477NA.PDF	f	t	9 III	3077	100055	\N	2015-05-31	\N	\N	\N	UN 3077 MILIEUGEVAARLIJKE VASTE STOF, N.E.G.,(bevat pyraclostrobine en boscalid), 9,III, (E)	1	\N	40	I	1
104391	1	100010	1	12	AXIAL 50	13422	N	alg.instructiekaart	9	V13422NA.PDF	f	t	9,III	3082	100011	\N	2014-05-31	\N	1	2015-07-01	UN 3082 MILIEUGEVAARLIJKE VLOEISTOF, N.E.G.,  (solvent naphtha), 9,III,(E)	0.979999999999999982	-5	\N	I	1
104392	1	100004	2	48	TRATON SX	13576	N	alg.instructiekaart	9	V13576NA.PDF	f	t	9,III	3077	100017	\N	2014-01-08	\N	2	2015-07-01	UN 3077 MILIEUGEVAARLIJKE VASTE STOF, N.E.G.,  (bevat tribenuron-methyl en metsulfuron methyl),  9,III, (E)	1.1100000000000001	\N	\N	I	1
104393	1	100004	2	56	ALTACOR	13643	N	alg.instructiekaart	9	V13643NA.PDF	f	t	9,III	3077	100031	\N	2015-01-01	\N	1	2001-04-05	UN 3077 MILIEUGEVAARLIJKE VASTE STOF, N.E.G., (bevat chlorantraniliprole) 9,III, (E)	1.1100000000000001	0	\N	I	1
104394	1	100010	1	46	CORAGEN	13555	N	alg.instructiekaart	9	V13555NA.PDF	f	t	9,III	3082	100031	\N	2015-01-01	\N	\N	\N	UN 3082 MILIEUGEVAARLIJKE VLOEISTOF, N.E.G., (bevat chlorantraniliprole), 9,III (E)	1.1100000000000001	0	\N	I	1
104395	1	100010	1	46	CANVAS	13530	N	alg.instructiekaart	9	V13530NA.PDF	f	t	9,III	3082	100046	\N	2014-12-01	\N	\N	\N	UN 3082 MILIEUGEVAARLIJKE VLOEISTOF, N.E.G.,  (Amisulbrom), 9,III, (E)	1.12999999999999989	0	\N	I	1
104396	1	100004	2	56	PEAK	13587	N	alg. instructiekaart	9	V13587NA.pdf	f	t	9,III	3077	100023	\N	2019-02-13	\N	1	1999-09-09	UN 3077  MILIEUGEVAARLIJKE VASTE STOF, N.E.G.,(Prosulfuron), 9,III,(E)	1	-5	\N	I	1
104397	1	100004	2	56	CASPER	13589	N	alg. instructiekaart	9	V13589NA.pdf	f	t	9,III	3077	100023	\N	2019-06-23	\N	1	1999-09-09	UN 3077  MILIEUGEVAARLIJKE VASTE STOF, N.E.G.,(Prosulfuron), 9,III,(E)	1	-5	\N	I	1
104398	1	100004	2	56	LAUDIS WG	13514	N	alg.instructiekaart	9	V13514Na.pdf	f	t	9,III	3077	100023	\N	2014-10-01	\N	\N	\N	UN 3077 MILIEUGEVAARLIJKE VASTE STOF, N.E.G., (TEMBOTRIONE MIXTURE), 9, III, (E)	0.589999999999999969	\N	\N	I	1
104399	1	100010	1	46	HEROLD SC	13579	N	alg.instructiekaart	9	V13579Na.pdf	f	t	9,III	3082	100025	\N	2022-02-01	\N	\N	\N	UN 3082 MILIEUGEVAARLIJKE VLOEISTOF, N.E.G., (FLUFENACET, DIFLUFENICAN OPLOSSING), 9,III,  (E)	1.23999999999999999	-10	40	I	1
104400	1	100010	1	12	K-OBIOL EC	13426	N	alg.instructiekaart	3	V13426Na.pdf	f	t	3,III	1993	100030	\N	2017-10-31	\N	1	1999-09-09	UN 1993 BRANDBARE VLOEISTOF, N.E.G.,(DELTAMETHRIN, SOLVENT NAPHTA(AARDOLIE) LICHT AROMATISCHE  OPLOSSING), 3,III,  (D/E)	0.939999999999999947	\N	\N	I	1
104401	1	100010	1	54	K-OBIOL ULV	13136	N	alg.instructiekaart	9	V13136Na.pdf	f	t	9,III	3082	100029	\N	2019-03-01	\N	1	2000-01-01	UN 3082 MILIEUGEVAARLIJKE VLOEISTOF, N.E.G. (DELTAMETHRIN OPLOSSING), 9,III, (E)	1	\N	\N	I	1
104402	1	100004	2	56	K-OTHRINE WG	13522	N	alg. Instructiekaart	9	V13522Na.pdf	f	t	9,III	3077	100026	\N	2021-10-01	\N	\N	\N	UN 3077 MILIEUGEVAARLIJKE VASTE STOF, N.E.G., (DELTAMETHRIN MENGSEL), 9,III, (E)	1	\N	\N	I	1
104403	1	100010	1	49	MASTERJET	13595	N	alg.instructiekaart	5.1+8	V13595NA.PDF	f	t	5.1,II	3149	100061	\N	1999-09-09	\N	\N	\N	UN 3149 WATERSTOFPEROXIDE EN PEROXYAZIJNZUU,R MENGSEL, GESTABILISEERD, 5.1(8),II, (E)	1.10000000000000009	0	45	I	3
104404	2	100010	1	46	INFINITO	12927	K	alg.instructiekaart	9+11	V12927KA.PDF	f	t	9,III	3082	100069	\N	2014-03-01	\N	\N	\N	UN 3082 MILIEUGEVAARLIJKE VLOEISTOF, N.E.G., (Fluopicolide, olossing), 9,III,(E)	1.12999999999999989	\N	30	I	1
104406	1	100010	1	22	REDIGO	13547	N	\N	n.v.t.	V13547Na.pdf	f	t	\N	\N	100035	\N	2018-07-31	\N	\N	\N	\N	1.14999999999999991	\N	\N	I	\N
104407	1	100010	1	100001	ER II	90071	F	\N	n.v.t.	V90071FA.PDF	f	t	\N	\N	100026	\N	1999-09-09	\N	\N	\N	\N	1.21999999999999997	\N	\N	I	\N
104408	1	100004	2	44	RODILON BLOCK	13515	N	\N	n.v.t.	V13515Na.pdf	f	t	\N	\N	100059	\N	2014-10-31	\N	\N	\N	\N	1	\N	\N	I	\N
104409	1	100004	2	44	RODILON TRIO	13583	N	\N	n.v.t.	V13583Na.pdf	f	t	\N	\N	100059	\N	2014-10-31	\N	\N	\N	\N	1	\N	\N	I	\N
104410	1	100010	1	46	CHIPCO GREEN	13818	N	alg. Instructiekaart	9	V13818Na.pdf	f	t	9,III	3082	100048	\N	2014-12-31	\N	\N	\N	UN 3082 MILIEUGEVAARLIJKE VLOEISTOF, N.E.G. (IPRODIONE), 9,III,(E)	1.02000000000000002	\N	\N	I	1
104411	1	100004	2	57	PLEDGE	13591	N	alg.instructiekaart	9	V13591Na.pdf	f	t	9,III	3077	100025	\N	2022-03-01	\N	1	2015-07-01	UN 3077 MILIEUGEVAARLIJKE VASTE STOF, N.E.G., (bevat flumioxazin), 9,III, (E)	1.12000000000000011	\N	\N	I	1
104412	2	100004	2	10	BAYTHION KO	13521	N	alg.instructiekaart	9	V13521Na.pdf	f	t	9,III	3077	100071	\N	2021-12-01	\N	\N	\N	UN 3077 MILIEUGEVAARLIJKE VASTE STOF, N.E.G. (DELTAMETHRIN), 9,III, (E)	\N	\N	\N	I	1
104413	2	100010	1	12	TRI-BUT TURBO	13863	N	alg.instructiekaart	9	V13863Na.pdf	f	t	9,III	3082	100066	\N	2021-11-01	\N	\N	\N	UN 3082 MILIEUGEVAARLIJKE VLOEISTOF, N.E.G. (Triclopyr), 9,III,(E)	9.5	\N	\N	I	1
104463	1	100012	1	12	BONTIMA	13883	N	alg.instructiekaart	9	V13883NA.PDF	f	t	9,III	UN3082	100044	\N	2014-11-01	\N	\N	\N	UN 3082 MILIEUGEVAARLIJKE VLOEISTOF, N.E.G., (bevat CYPRODINIL EN ISOPYRAZAM), 9,III,(E)	1.02000000000000002	\N	\N	I	1
104464	1	100012	1	49	REGLONE BOLD	13944	N	alg.instructiekaart	8	V13944NA.PDF	f	t	8,III	1760	100013	\N	2015-12-31	\N	\N	\N	UN 1760 BIJTENDE VLOEISTOF, N.E.G. (bevat Diquat dibromide), 8,III,(E)	1.19999999999999996	\N	\N	I	1
104465	1	100012	1	46	LUNA PRIVILEGE	13832	N	alg. instructiekaart	9	V13832NA.PDF	f	t	9,III	3082	100055	\N	2016-01-01	\N	1	1999-09-09	UN 3082 MILIEUGEVAARLIJKE VLOEISTOF, N.E.G., (Fluopyram),9,III,(E)	1	\N	\N	I	1
104466	1	100004	2	51	KARMA	13854	N	\N	n.v.t.	V13854NA.PDF	f	t	\N	\N	100048	\N	2019-09-01	\N	0	\N	\N	1	\N	\N	I	\N
104467	1	100010	1	16	NISSODIUM	13775	N	\N	9	V13775NA.PDF	f	t	9, III	3082	100043	\N	2022-08-01	\N	\N	\N	UN 3082 MILIEUGEVAARLIJKE VLOEISTOF, N.E.G. (Cyflufenamide), 9, PG III, (E)	1.02699999999999991	\N	\N	I	1
104468	1	100012	1	46	REDIGO PRO	13548	N	\N	n.v.t.	V13548NA.PDF	f	t	\N	\N	100035	\N	2019-07-31	\N	\N	\N	\N	1.16999999999999993	\N	\N	I	\N
104469	1	100010	1	60	ROUNDUP ULTIMATE	13865	N	\N	n.v.t.	V13865NA.PDF	f	t	\N	\N	100013	\N	2022-03-01	\N	\N	\N	\N	1.34299999999999997	\N	\N	I	\N
104474	1	100010	1	49	AGRICHEM DIQUAT	7862	N	alg.instructiekaart	8	V7862NA.PDF	f	t	8,III	1760	100013	\N	2017-12-31	\N	5	1999-09-09	UN 1760 BIJTENDE VLOEISTOF, N.E.G. (bevat diquat), 8,III,(E)	1.19999999999999996	\N	\N	I	1
104475	1	100012	1	46	LINUREX 50 SC	12557	N	alg.instructiekaart	9	V12557Na.PDF	f	t	9,III	3082	100019	\N	2020-08-01	\N	5	2015-09-11	UN 3082 MILIEUGEVAARLIJKE VLOEISTOF, N.E.G. (bevat Linuron (ISO)), 9(9E),III, (E)	1.17999999999999994	\N	\N	I	1
104476	1	100010	1	46	RETENGO PLUS	13947	N	\N	6,1,III	V13947NA.PDF	f	t	6	2902	100039	\N	1999-09-09	\N	\N	\N	UN 2902 PESTICIDE, VLOEIBAA,R GIFTIG, N.E.G. (bevat VETALCOHOLETHOXYLAAT, PYRACLOSTROBIN),6,1,III (E)	1.06000000000000005	35	5	I	1
104477	1	100012	1	46	MIRADOR	13864	N	alg.instructiekaart	9	Vdummy.PDF	f	t	\N	\N	100052	\N	2015-12-31	\N	\N	\N	\N	1.08000000000000007	\N	\N	I	\N
104511	1	100010	1	46	AGRICHEM GLYFOSAAT 2	10945	N	alg.instructiekaart	9	V10945NA.PDF	f	t	9,III	3082	100013	\N	2015-12-31	\N	5	2015-07-01	UN 3082 MILIEUGEVAARLIJKE VLOEISTOF N.E.G., (bevat glyfosaat), 9,III,(E)	1.16999999999999993	4	40	I	1
104512	1	100004	2	11	RIZOLEX 10 DS	13893	N	\N	9	V13893NA.PDF	f	t	9,III	3077	100046	\N	2023-01-01	\N	\N	\N	UN 3077 MILIEUGEVAARLIJKE VASTE STOF, N.E.G., (tolclofos-methyl), 9,III,(E)	\N	\N	\N	I	1
104513	1	100004	2	56	CAPRI	13898	N	\N	9	VDUMMY.PDF	f	t	9,III	3077	100017	\N	2015-04-30	\N	\N	\N	UN 3077 MILIEUGEVAARLIJKE VASTE STOF N.E.G. (pyroxsulam) 9,III,(E)	0.5	-5	40	I	1
104514	1	100012	1	46	SULCOGAN 300 SC	13582	N	alg.instructiekaart	9	V13582NA.PDF	f	t	9,III	3082	100023	\N	2023-03-01	\N	\N	\N	UN 3082 MILIEUGEVAARLIJKE VLOEISTOF, N.E.G. (SULCOTRIONE), 9 (9E), III, (E)	1.10000000000000009	0	40	I	1
104515	1	100010	1	3	AGRICHEM ETHOFUMESAAT/FENMEDIFAM	10572	N	alg.instructiekaart	9	V10572NA.PDF	f	t	9,III	3082	100021	\N	2019-10-01	\N	4	2015-07-01	UN 3082 MILIEUGEVAARLIJKE VLOEISTOF, N.E.G., (bevat ethofumesaat/fenmedifam), 9,III, (E)	0.979999999999999982	4	40	I	1
104516	1	100010	1	12	AGRICHEM FENMEDIFAM	9390	N	alg.instructiekaart	9	V9390NA.PDF	f	t	9,III	3082	100021	\N	2022-02-01	\N	4	1999-09-09	UN 3082 MILIEUGEVAARLIJKE STOF N.E.G., (bevat fenmedifam), 9,III, (E)	0.989999999999999991	4	40	I	1
104517	1	100004	2	10	AGRICHEM KIEMREMMER 1%	11003	N	\N	n.v.t.	V11003NA.PDF	f	t	\N	\N	100063	\N	2018-10-01	\N	1	1999-09-09	\N	1	4	40	I	\N
104518	1	100012	1	46	BROMOTRIL 250 SC	13949	N	alg.instructiekaart	9	V13949NA.PDF	f	t	9,III	3082	100025	\N	2023-02-01	\N	\N	\N	UN 3082 MILIEUGEVAARLIJKE VLOEISTOF, N.E.G., (bevat bromoxynil (ISO)), 9(9E),III,(E)	1.15999999999999992	\N	\N	I	1
104519	1	100010	1	32	AGRICHEM KIEMREMMER HN	11004	N	alg.instructiekaart	6.1	V11004NA.PDF	f	t	6.1,III	2902	100063	\N	2018-10-01	\N	3	2009-06-14	UN 2902 PESTICIDE, VLOEIBAA,R GIFTIG, N.E.G. (bevat dichloormethaan), 6.1,III, (E)	1.29000000000000004	4	40	I	1
104520	1	100010	1	12	ADEXAR	13978	N	\N	9	V13978NA.PDF	f	t	9,III	3082	100044	\N	2022-03-01	\N	\N	\N	UN 3082 MILIEUGEVAARLIJKE VLOEISTOF, N.E.G., (bevat epoxiconazool, fluxapyroxad), 9,III,(E)	1.04000000000000004	-5	40	I	1
104521	1	100012	1	46	BANJO FORTE	13815	N	alg. instructiekaart	9	V13815NA.PDF	f	t	9,III	3082	100046	\N	2022-09-01	\N	\N	\N	UN 3082 MILIEUGEVAARLIJKE VLOEISTOF, N.E.G. (Fluazinam, Dimethomorph), 9 (9E), III, (E)	1.14999999999999991	\N	\N	I	1
104522	1	100004	2	56	AGRICHEM PIRIMICARB	12236	N	alg.instructiekaart	6.1	V12236NA.PDF	f	t	6.1,III	2757	100030	\N	1999-09-09	2014-01-31 00:00:00	\N	\N	UN 2757 PESTICIDE, CARBAMAAT, VAST, GIFTIG, (bevat pirimicarb), 6.1,III, (E)	1	\N	\N	I	3
104523	1	100010	1	47	CORZAL	12433	N	alg.instructiekaart	9	V12433NA.PDF	f	t	9,III	3082	100021	\N	2022-01-01	\N	2	1999-09-09	UN 3082 MILIEUGEVAARLIJKE VLOEISTOF, N.E.G., (bevat fenmedifam), 9,III,(E)	1.03000000000000003	\N	\N	I	1
104524	1	100004	2	56	FINY	12965	N	alg.instructiekaart	9	V12965NA.PDF	f	t	9,III	3077	100017	\N	2015-12-31	\N	2	2015-07-01	UN 3077 MILIEUGEVAARLIJKE VASTE STOF, N.E.G. (bevat metsulfuron-methyl),9,III, (E)	1	\N	\N	I	1
104525	1	100004	2	56	KOHINOR 700 WG	13831	N	alg. instructiekaart	9	V13831NA.PDF	f	t	9,III	3077	100034	\N	2022-10-01	\N	1	2013-09-30	UN 3077 MILIEUGEVAARLIJKE VASTE STOF, N.E.G. (Imidacloprid), 9 (9E),III, (E)	1	\N	40	I	1
104526	1	100004	2	56	FUSSA	13970	N	alg.instructiekaart	9	V13970NA.PDF	f	t	9,III	3077	100017	\N	1999-09-09	\N	\N	\N	UN 3077 MILIEUGEVAARLIJKE VASTE STOF, N.E.G., (metsulfuron-methyl),9,III,(E)	\N	0	\N	I	1
104527	1	100010	1	12	BETA-TEAM	13266	N	alg.instructiekaart	9	V13266NA.PDF	f	t	9,III	3082	100021	\N	2020-01-01	\N	1	2015-07-01	UN 3082 MILIEUGEVAARLIJKE VLOEISTOF, N.E.G. (bevat desmedifam, eothfumesaat, fenmedifam),9,III,(E)	1.06000000000000005	\N	\N	I	1
104528	1	100012	1	46	BRABANT LINURON FLOWABLE	10372	N	alg.instructiekaart	9	V10372NA.PDF	f	t	9,III	3082	100025	\N	2020-08-01	\N	8	2015-07-01	UN 3082 MILIEUGEVAARLIJKE VLOEISTOF, N.E.G. (bevat linuron), 9,III,(E)	1.19999999999999996	\N	\N	I	1
104529	1	100010	1	46	AGRICHEM METAMITRON 700	11503	N	alg.instructiekaart	9	V11503NA.PDF	f	t	\N	\N	100021	\N	1999-09-09	\N	2	2015-07-01	\N	1.20999999999999996	\N	\N	I	\N
104530	1	100010	1	46	BRABANT MANCOZEB FLOWABLE	10274	N	alg.instructiekaart	9	V10274NA.PDF	f	t	9,III	3082	100037	\N	2021-07-01	\N	7	2011-12-01	UN 3082 MILIEUGEVAARLIJKE VLOEISTOF, N.E.G. (bevat mancozeb), 9,III,(E)	1.33000000000000007	\N	\N	I	1
104531	1	100012	1	46	BRABANT CAPTAN FLOWABLE	10331	N	alg.instructiekaart	9	V10331NA.PDF	f	t	9,III	3082	100057	\N	2022-05-01	\N	5	2013-09-01	UN 3082 MILIEUGEVAARLIJKE VLOEISTOF, N.E.G., (bevat captan), 9,III,(E)	1.22999999999999998	\N	\N	I	1
104532	1	100012	1	46	SEMPRA	13680	N	alg.instructiekaart	9	V13680NA.PDF	f	t	9,III	3082	100017	\N	2022-06-01	\N	\N	\N	UN 3082 MILIEUGEVAARLIJKE VLOEISTOF, N.E.G. (bevat diflufenican), 9,III,(E)	1.17999999999999994	\N	\N	I	1
104533	1	100010	1	12	TUBERPROP BASIC	12468	N	alg.instructiekaart	9	V12468NA.PDF	f	t	9,III	3082	100063	\N	2019-01-31	\N	2	1999-09-09	UN 3082 MILIEUGEVAARLIJKE VLOEISTOF, N.E.G. (bevat chloorprofam), 9,III,(E)	1	\N	\N	I	1
104534	1	100010	1	49	VIVENDI 100	13531	N	\N	n.v.t.	V13531NA.PDF	f	t	\N	\N	100025	\N	2021-12-01	\N	1	2015-07-01	\N	1	\N	\N	I	\N
104535	2	100010	1	49	ETNA	13424	N	alg.instructiekaart	9	V13424NA.PDF	f	t	9,III	3082	100013	\N	2015-12-31	\N	1	2015-07-01	UN 3082 MILIEUGEVAARLIJKE VLOEISTOF, N.E.G., (bevat glyfosaat), 9,III,(E)	1.16999999999999993	\N	\N	I	1
104536	1	100012	1	12	BETANAL POWER	13853	N	alg. instructiekaart	9	V13853NA.PDF	f	t	9,III	3082	100021	\N	1999-09-09	\N	\N	\N	UN 3082 MILIEUGEVAARLIJKE VLOEISTOF, N.E.G. (Fenmedifam, Desmedifam oplossing), 9,III (E)	1	\N	\N	I	1
104537	1	100010	1	49	BRABANT 2,4-D/DICAMBA	5582	N	\N	n.v.t	V5582NA.PDF	f	t	\N	\N	100015	\N	1999-09-09	\N	5	2015-07-01	\N	1.1399999999999999	\N	\N	I	\N
104538	1	100010	1	12	BRABANT CHLOOR-IPC VLOEIBAAR	5134	N	alg.instructiekaart	9	V5134NA.PDF	f	t	9,III	3082	100025	\N	2020-10-01	\N	9	2015-07-01	UN 3082 MILIEUGEVAARLIJKE VLOEISTOF, N.E.G. (bevat chloorprofam), 9,III,(E)	0.989999999999999991	\N	\N	I	1
104539	1	100010	1	12	CONQUEROR	11651	N	alg.instructiekaart	9	V11651NA.PDF	f	t	9,III	3082	100021	\N	2019-10-01	\N	3	2015-07-01	UN 3082 MILIEUGEVAARLIJKE VLOEISTOF, N.E.G., (bevat desmedifam, ehtofumesaat, fenmedifam), 9,III,(E)	1	\N	\N	I	1
104540	1	100010	1	49	TROY 480	13386	N	alg.instructiekaart	9	V13386NA.PDF	f	t	9,III	3082	100025	\N	2015-12-31	\N	1	2015-07-01	UN 3082 MILIEUGEVAARLIJKE VLOEISTOF, N.E.G. (bevat bentazon), 9,III,(E)	1.18999999999999995	\N	\N	I	1
104541	1	100010	1	16	TUBERPROP EASY	13420	N	alg.instructiekaart	9	V13420NA.PDF	f	t	9,III	3082	100063	\N	2021-03-01	\N	\N	\N	UN 3082 MILIEUGEVAARLIJKE VLOEISTOF, N.E.G. (bevat chloorprofam),9,III,(E)	1.02000000000000002	\N	\N	I	1
104542	1	100011	1	12	FLUXYR 200 EC	13416	N	alg.instructiekaart	3	V13416NA.PDF	f	t	3,III	1993	100015	\N	2022-12-31	\N	1	1999-09-09	UN 1993 BRANDBARE VLOEISTOF, N.E.G. (bevat nafta), 3,III,(D/E)	0.979999999999999982	\N	\N	I	1
104543	1	100012	1	49	BRABANT MIXTURE	5089	N	\N	n.v.t.	V5089NA.PDF	f	t	\N	\N	100015	\N	1999-09-09	\N	7	2015-07-01	\N	1.14999999999999991	\N	\N	I	\N
104544	1	100010	1	54	TUBERPROP ULTRA	13542	N	alg.instructiekaart	9	V13542NA.PDF	f	t	9,III	3082	100063	\N	2021-12-01	\N	\N	\N	UN 3082 MILIEUGEVAARLIJKE VLOEISTOF, N.E.G. (bevat chloorprofam), 9,III,(E)	1.00600000000000001	\N	\N	I	1
104545	1	100010	1	46	MASTANA SC	13489	N	alg.instructiekaart	9	V13489NA.PDF	f	t	9,III	3082	100037	\N	2021-07-01	\N	1	1999-09-09	UN 3082 MILIEUGEVAARLIJKE VLOEISTOF, N.E.G. (bevat mancozeb),9,III,(E)	1.33000000000000007	\N	\N	I	1
104546	1	100012	1	12	OSIRIS	13908	N	alg.instructiekaart	9	V13908NA.PDF	f	t	9,III	3082	100044	\N	2019-12-31	\N	\N	\N	MILIEUGEVAARLIJKE VLOEISTOF, N.E.G. (bevat epoxiconazool, metconazool), 9 III, (E)	1	40	0	I	1
104547	1	100010	1	46	OBLIX 500 SC	10319	N	\N	n.v.t.	V10319NA.PDF	f	t	\N	\N	100021	\N	2016-07-31	\N	9	1999-09-09	\N	1.12999999999999989	4	40	I	\N
104548	1	100010	1	49	MISSION	13848	N	alg.instructiekaart	8	V13848NA.PDF	f	t	8,III	1760	100011	\N	2015-12-31	\N	\N	\N	UN 1760 BIJTENDE VLOEISTOF, N.E.G. (bevat diquat), 8,III,(E)	1.19999999999999996	4	40	I	1
104549	1	100010	1	49	AGRICHEM CCC 750	9151	N	alg.instructiekaart	8	V9151NA.PDF	f	t	8,III	1760	100063	\N	1999-09-09	\N	2	2009-06-14	UN 1760 BIJTENDE VLOEISTOF, N.E.G. (bevat chloormequatchloride), 8,III,(E)	1.1399999999999999	4	40	I	1
104550	1	100011	1	12	OBLIX 200 EC	10568	N	alg.instructiekaart	3	V10568NA.PDF	f	t	3,III	1993	100021	\N	2016-07-31	\N	9	1999-09-09	UN 1993 BRANDBARE VLOEISTOF, N.E.G., (bevat ethofumesaat in xyleen/cyclohexanon), 3,III, (D/E)	0.949999999999999956	40	4	I	1
104551	1	100012	1	49	CIRRAN	13976	N	alg.instructiekaart	9	V13976Na.pdf	f	t	9,III	3082	100015	\N	2016-12-31	\N	\N	\N	UN 3082 MILIEUGEVAARLIJKE VLOEISTOF, N.E.G. (2,4-d), 9,III,(E)	1.19999999999999996	0	\N	I	1
104552	2	100007	1	60	MOS EN GROENE AANSLAG SPRAY	13532	N	\N	n.v.t.	V13532NA.PDF	f	t	\N	\N	100066	\N	2021-11-01	\N	\N	\N	\N	1	\N	\N	I	\N
104553	1	100010	1	47	FEMO	13852	N	\N	n.v.t.	V13852NA.PDF	f	t	\N	\N	100021	\N	2022-12-01	\N	\N	\N	\N	1	\N	\N	I	\N
104554	1	100004	2	30	BRABANT SLAKKENDOOD	4377	N	\N	n.v.t.	V4377NA.PDF	f	t	\N	\N	100059	\N	2015-05-31	\N	2	2006-12-31	\N	1	\N	\N	I	\N
104557	1	100010	1	46	CARECA	13673	N	\N	n.v.t.	V13673NA.PDF	f	t	\N	\N	100025	\N	2015-03-31	\N	\N	\N	\N	1	\N	\N	I	\N
104558	1	100010	1	12	MALIBU	14123	N	alg.instructiekaart	9	V14123NA.PDF	f	t	9,III	3082	100017	\N	2016-12-31	\N	\N	\N	UN 3082 MILIEUGEVAARLIJKE VLOEISTOF, N.E.G. (bevat pendimethalin, solvent nafta), 9,III,(E)	1.06000000000000005	\N	40	I	1
104560	1	100012	1	22	MAXIM 480 FS	14184	N	\N	9	VDUMMY.PDF	f	t	9,III	\N	100035	\N	2019-10-31	\N	\N	\N	\N	1.21900000000000008	\N	\N	I	1
104616	2	100004	2	44	PIRON PUSHBOX	13526	N	\N	n.v.t.	V13526NA.PDF	f	t	\N	\N	100071	\N	1999-09-09	\N	\N	\N	\N	1	\N	\N	I	\N
104617	2	100010	1	60	DIMANIN SPRAY	13265	N	\N	n.v.t.	V13265FA.PDF	f	t	\N	\N	100070	\N	1999-09-09	\N	\N	\N	\N	1	\N	\N	I	\N
104618	1	100010	1	46	VIVANDO	14231	N	\N	9	V14231NA.PDF	f	t	9,III	3082	100050	\N	2018-12-31	\N	\N	\N	UN 3082 MILIEUGEVAARLIJKE VLOEISTOF, N.E.G., (bevat metrafenon), 9,III,(E)	1.18999999999999995	35	-5	I	1
104619	2	100010	1	60	FLITSER SPRAY	13397	N	\N	n.v.t.	V13397NA.PDF	f	t	\N	\N	100066	\N	2015-08-31	\N	1	1999-09-09	\N	1	\N	\N	I	\N
104645	1	100004	2	44	STORM PELLETS	14134	N	\N	n.v.t.	V14134NA.PDF	f	t	\N	\N	100059	\N	2016-09-30	\N	\N	\N	\N	1	\N	30	I	\N
104646	1	100004	2	56	CHESS	14324	N	\N	9	V14324NA.PDF	f	t	9	UN3077	100029	\N	2015-12-31	\N	\N	\N	UN 3077 MILIEUGEVAARLIJKE VASTE STOF, N.E.G., (PYMETROZINE), 9 (E)	0.599999999999999978	-5	\N	I	1
104648	1	100012	1	46	SEGURIS	14245	N	alg.instructiekaart	9	V14245NA.PDF	f	t	9,III	UN3082	100044	\N	2023-12-01	\N	\N	\N	UN 3082 MILIEUGEVAARLIJKE VLOEISTOF, N.E.G., (bevat EPOXICONAZOOL EN ISOPYRAZAM), 9,III,(E)	1.08000000000000007	0	\N	I	1
104649	1	100011	1	46	SETANTA FLO	14233	N	alg.instructiekaart	9	V14233NA.PDF	f	t	9,III	3082	100011	\N	2019-03-01	\N	\N	\N	UN 3082 MILIEUGEVAARLIJKE VLOEISTOF, N.E.G. (propyzamide), 9,III,(E)	1.13300000000000001	\N	\N	I	1
\.


--
-- Data for Name: FytoProductkenmerken; Type: TABLE DATA; Schema: public; Owner: -
--

COPY "FytoProductkenmerken" ("PdkId", "Code", "Omschr", "Veldtype", "ToekenbaarJn", "PdkPdkId", "MinimumWaarde", "MaximumWaarde", "Vervaldatum") FROM stdin;
\.


--
-- Data for Name: FytoPublicaties; Type: TABLE DATA; Schema: public; Owner: -
--

COPY "FytoPublicaties" ("PbsId", "TbaId", "Veldnaam", "Status") FROM stdin;
\.


--
-- Data for Name: FytoRZinnen; Type: TABLE DATA; Schema: public; Owner: -
--

COPY "FytoRZinnen" ("RznId", "Code", "Omschr", "Vervaldatum") FROM stdin;
110098	H226	Ontvlambare vloeistof en damp.	\N
100003	R 68	Onherstelbare effecten zijn niet uitgesloten.	\N
100004	R 40 (NIEUW)	Carcinogene effecten zijn niet uitgesloten.	\N
1	R  1	In droge toestand ontplofbaar	\N
2	R  2	Ontploffingsgevaar door schok, wrijving, vuur of andere ontstekingsoorzaken	\N
3	R  3	Ernstig ontploffingsgevaar door schok, wrijving, vuur of andere ontstekingsoorzaken	\N
4	R  4	Vormt met metalen zeer gemakkelijk ontplofbare verbindingen.	\N
5	R  5	Ontploffingsgevaar door verwarming.	\N
6	R  6	Ontplofbaar met en zonder lucht.	\N
7	R  7	Kan brand veroorzaken.	\N
8	R  8	Bevordert de ontbranding van brandbare stoffen	\N
9	R  9	Ontploffingsgevaar bij menging met brandbare stoffen.	\N
10	R 10	Ontvlambaar.	\N
11	R 11	Licht ontvlambaar	\N
12	R 12	Zeer licht ontvlambaar	\N
13	R 14	Reageert heftig met water.	\N
14	R 15	Vormt zeer licht ontvlambaar gas in contact met water	\N
15	R 16	Ontploffingsgevaar bij menging met oxyderende stoffen	\N
16	R 17	Spontaan ontvlambaar in lucht	\N
17	R 18	Kan bij gebruik een ontvlambaar/ontplofbaar damp-luchtmengsel vormen.	\N
18	R 19	Kan ontplofbare peroxiden vormen.	\N
19	R 20	Schadelijk bij inademing	\N
20	R 21	Schadelijk bij aanraking met de huid	\N
21	R 22	Schadelijk bij opname door de mond	\N
22	R 23	Vergiftig bij inademing	\N
23	R 24	Vergiftig bij aanraking met de huid	\N
24	R 25	Vergiftig bij opname door de mond	\N
25	R 26	Zeer vergiftig bij inademing	\N
26	R 27	Zeer vergiftig bij aanraking met de huid	\N
27	R 28	Zeer vergiftig bij opname door de mond	\N
28	R 29	Vormt vergiftig gas in contact met water.	\N
29	R 30	Kan bij gebruik licht ontvlambaar worden.	\N
30	R 31	Vormt vergiftige gassen in contact met zuren.	\N
31	R 32	Vormt zeer vergiftige gassen in contact met zuren.	\N
32	R 33	Gevaar voor cumulatieve effecten.	\N
33	R 34	Veroorzaakt brandwonden	\N
34	R 35	Veroorzaakt ernstige brandwonden	\N
35	R 36	Irriterend voor de ogen	\N
36	R 37	Irriterend voor de ademhalingswegen	\N
37	R 38	Irriterend voor de huid	\N
38	R 39	Gevaar voor ernstige onherstelbare effecten.	\N
39	R 40 (OUD)	Onherstelbare effecten zijn niet uitgesloten.	\N
40	R 41	Gevaar voor ernstig oogletsel	\N
41	R 42	Kan overgevoeligheid veroorzaken bij inademing	\N
42	R 43	Kan overgevoeligheid veroorzaken bij contact met de huid	\N
43	R 44	Ontploffingsgevaar bij verwarming in afgesloten toestand.	\N
44	R 45	Kan kanker veroorzaken.	\N
45	R 46	Kan erfelijke genetische schade veroorzaken.	\N
46	R 48	Gevaar voor ernstige schade aan de gezondheid bij langdurige blootstelling.	\N
47	R 49	Kan kanker veroorzaken bij inademing.	\N
48	R 50	Zeer vergiftig voor in het water levende organismen.	\N
49	R 51	Vergiftig voor in het water levende organismen.	\N
50	R 52	Schadelijk voor in het water levende organismen.	\N
51	R 53	Kan in het aquatisch milieu op lange termijn schadelijke effecten veroorzaken.	\N
52	R 54	Vergiftig voor planten	\N
53	R 55	Vergiftig voor dieren	\N
54	R 56	Vergiftig voor bodemorganismen	\N
55	R 57	Vergiftig voor bijen	\N
56	R 58	Kan in het milieu op lange termijn schadelijke effecten veroorzaken	\N
57	R 59	Gevaarlijk voor de ozonlaag	\N
58	R 60	Kan de vruchtbaarheid schaden	\N
59	R 61	Kan het ongeboren kind schaden	\N
60	R 62	Mogelijk gevaar voor verminderde vruchtbaarheid	\N
61	R 63	Mogelijk gevaar voor beschadiging van het ongeboren kind	\N
62	R 64	Kan schadelijk zijn via de borstvoeding	\N
63	R 14/15	Reageert heftig met water en vormt daarbij zeer licht ontvlambaar gas.	\N
64	R 15/29	Vormt vergiftig en zeer licht ontvlambaar gas in contact met water.	\N
65	R 20/21	Schadelijk bij inademing en bij aanraking met de huid.	\N
66	R 20/22	Schadelijk bij inademing en opname door de mond.	\N
67	R 20/21/22	Schadelijk bij inademing, opname door de mond en aanraking met de huid	\N
68	R 21/22	Schadelijk bij aanraking met de huid en bij opname door de mond.	\N
69	R 23/24	Vergiftig bij inademing en bij aanraking met de huid.	\N
70	R 23/25	Vergiftig bij inademing en opname door de mond.	\N
71	R 23/24/25	Vergiftig bij inademing, opname door de mond en aanraking met de huid.	\N
72	R 24/25	Vergiftig bij aanraking met de huid en bij opname door de mond.	\N
73	R 26/27	Zeer vergiftig bij inademing en bij aanraking met de huid.	\N
74	R 26/28	Zeer vergiftig bij inademing en opname door de mond.	\N
75	R 26/27/28	Zeer vergiftig bij inademing, opname door de mond en aanraking met de huid	\N
76	R 27/28	Zeer vergiftig bij aanraking met de huid en bij opname door de mond.	\N
77	R 36/37	Irriterend voor de ogen en de ademhalingswegen	\N
78	R 36/38	Irriterend voor de ogen en de huid	\N
79	R 36/37/38	Irriterend voor de ogen, de ademhalingswegen en de huid	\N
80	R 37/38	Irriterend voor de ademhalingswegen en de huid	\N
81	R 39/23	Vergiftig: gevaar voor ernstige onherstelbare effecten bij inademing	\N
82	R 39/24	Vergiftig: gevaar voor ernstige onherstelbare effecten bij aanraking met de huid	\N
83	R 39/25	Vergiftig: gevaar voor ernstige onherstelbare effecten bij opname door de mond	\N
84	R 39/23/24	Vergiftig: gevaar voor ernstige onherstelbare effecten bij inademing en aanraking met de huid	\N
85	R 39/23/25	Vergiftig: gevaar voor ernstige onherstelbare effecten bij inademing en opname door de mond	\N
86	R 39/24/25	Vergiftig: gevaar voor ernstige onherstelbare effecten bij aanraking met de huid en opname door de mond.	\N
87	R 39/23/24/25	Vergiftig: gevaar voor ernstige onherstelbare effecten bij inademing, aanraking met de huid en opname door de mond	\N
88	R 39/26	Zeer vergiftig: gevaar voor ernstige onherstelbare effecten bij inademing	\N
89	R 39/27	Zeer vergiftig: gevaar voor ernstige onherstelbare effecten bij aanraking met de huid	\N
90	R 39/28	Zeer vergiftig: gevaar voor ernstige onherstelbare effecten bij opname door de mond	\N
91	R 39/26/27	Zeer vergiftig: gevaar voor ernstige onherstelbare effecten bij inademing en aanraking met de huid	\N
92	R 39/26/28	Zeer vergiftig: gevaar voor ernstige onherstelbare effecten bij inademing en opname door de mond	\N
93	R 39/27/28	Zeer vergiftig: gevaar voor ernstige onherstelbare effecten bij aanraking met de huid en opname door de mond	\N
94	R 39/26/27/28	Zeer vergiftig: gevaar voor ernstige onherstelbare effecten bij inademing, aanraking met de huid en opname door de mond	\N
95	R 40/20	Schadelijk: bij inademing zijn onherstelbare effecten niet uitgesloten	\N
96	R 40/21	Schadelijk: bij aanraking met de huid zijn onherstelbare effecten niet uitgesloten.	\N
97	R 40/22	Schadelijk: bij opname door de mond zijn onherstelbare effecten niet uitgesloten	\N
98	R 40/20/21	Schadelijk: bij inademing en aanraking met de huid zijn onherstelbare effecten niet uitgesloten.	\N
99	R 40/20/22	Schadelijk: bij inademing en opname door de mond zijn onherstelbare effecten niet uitgesloten.	\N
100	R 40/21/22	Schadelijk: bij aanraking met de huid en opname door de mond zijn onherstelbare effecten niet uitgesloten.	\N
101	R 40/20/21/22	Schadelijk: bij inademing, aanraking met de huid en opname door de mond zijn onherstelbare effecten niet uitgesloten.	\N
102	R 42/43	Kan overgevoeligheid veroorzaken bij inademing of contact met de huid	\N
103	R 48/20	Schadelijk: gevaar voor ernstige schade aan de gezondheid bij langdurige blootstelling bij inademing	\N
104	R 48/21	Schadelijk: gevaar voor ernstige schade aan de gezondheid bij langdurige blootstelling bij aanraking met de huid	\N
105	R 48/22	Schadelijk: gevaar voor ernstige schade aan de gezondheid bij langdurige blootstelling bij opname door de mond	\N
106	R 48/20/21	Schadelijk: gevaar voor ernstige schade aan de gezondheid bij langdurige blootstelling bij inademing en aanraking met de huid.	\N
107	R 48/20/22	Schadelijk: gevaar voor ernstige schade aan de gezondheid bij langdurige blootstelling bij inademing en opname door de mond	\N
108	R 48/21/22	Schadelijk: gevaar voor ernstige schade aan de gezondheid bij langdurige blootstelling bij aanraking met de huid en opname door de mond	\N
109	R 48/20/21/22	Schadelijk: gevaar voor ernstige schade aan de gezondheid bij langdurige blootstelling bij inademing, aanraking met de huid en opname door de mond	\N
110	R 48/23	Vergiftig: gevaar voor ernstige schade aan de gezondheid bij langdurige blootstelling bij inademing.	\N
111	R 48/24	Vergiftig: gevaar voor ernstige schade aan de gezondheid bij langdurige blootstelling bij aanraking met de huid	\N
112	R 48/25	Vergiftig: gevaar voor ernstige schade aan de gezondheid bij langdurige blootstelling bij opname door de mond.	\N
113	R 48/23/24	Vergiftig: gevaar voor ernstige schade aan de gezondheid bij langdurige blootstelling bij inademing en aanraking met de huid	\N
114	R 48/23/25	Vergiftig: gevaar voor ernstige schade aan de gezondheid bij langdurige blootstelling bij inademing en opname door de mond	\N
115	R 48/24/25	Vergiftig: gevaar voor ernstige schade aan de gezondheid bij langdurige blootstelling bij aanraking met de huid en opname door de mond.	\N
116	R 48/23/24/25	Vergiftig: gevaar voor ernstige schade aan de gezondheid bij langdurige blootstelling bij inademing, aanraking met de huid en opname door de mond	\N
117	R 50/53	Zeer vergiftig voor in het water levende organismen; kan in het aquatisch milieu op lange termijn schadelijke effecten veroorzaken	\N
118	R 51/53	Vergiftig voor in het water levende organismen; kan in het aquatisch milieu op lange termijn schadelijke effecten veroorzaken	\N
119	R 52/53	Schadelijk voor in het water levende organismen; kan in het aquatisch milieu op lange termijn schadelijke effecten veroorzaken	\N
100000	R 65	Schadelijk: Kan longschade veroorzaken na verslikken	\N
100001	R 66	Herhaalde blootstelling kan een droge of een gebarsten huid veroorzaken	\N
100002	R 67	Dampen kunnen slaperigheid en duizeligheid veroorzaken	\N
110000	H203	Ontplofbare stof; gevaar voor brand, luchtdrukwerking of scherfwerking.	\N
110001	H200	Instabiele ontplofbare stof.	\N
110002	H202	Ontplofbare stof, ernstig gevaar voor scherfwerking.	\N
110003	H201	Ontplofbare stof: gevaar voor massa-explosie.	\N
110004	H204	Gevaar voor brand of scherfwerking.	\N
110005	H205	Gevaar voor massa-explosie bij brand.	\N
110006	H220	Zeer licht ontvlambaar gas.	\N
110007	H221	Ontvlambaar gas.	\N
110008	H222	Zeer licht ontvlambare aerosol.	\N
110009	H223	Ontvlambare aerosol.	\N
110010	H224	Zeer licht ontvlambare vloeistof en damp.	\N
110011	H228	Ontvlambare vaste stof.	\N
110012	H240	Ontploffingsgevaar bij verwarming.	\N
110013	H241	Brand- of ontploffingsgevaar bij verwarming.	\N
110014	H242	Brandgevaar bij verwarming.	\N
110015	H250	Vat spontaan vlam bij blootstelling aan lucht.	\N
110016	H251	Vatbaar voor zelfverhitting: kan vlam vatten.	\N
110017	H252	In grote hoeveelheden vatbaar voor zelfverhitting: kan vlam vatten.	\N
110018	H260	In contact met water komen ontvlambare gassen vrij die spontaan kunnen ontbranden.	\N
110019	H261	In contact met water komen ontvlambare gassen vrij.	\N
110020	H270	Kan brand veroorzaken of bevorderen; oxiderend.	\N
110021	H271	Kan brand of ontploffing veroorzaken; sterk oxiderend.	\N
110022	H272	Kan brand bevorderen; oxiderend.	\N
110023	H280	Bevat gas onder druk; kan ontploffen bij verwarming.	\N
110024	H281	Bevat sterk gekoeld gas; kan cryogene brandwonden of letsel veroorzaken.	\N
110025	H290	Kan bijtend zijn voor metalen.	\N
110026	H300	Dodelijk bij inslikken.	\N
110027	H301	Giftig bij inslikken.	\N
110028	H302	Schadelijk bij inslikken.	\N
110029	H304	Kan dodelijk zijn als de stof bij inslikken in de luchtwegen terechtkomt.	\N
110030	H310	Dodelijk bij contact met de huid.	\N
110031	H311	Giftig bij contact met de huid.	\N
110032	H312	Schadelijk bij contact met de huid.	\N
110033	H314	Veroorzaakt ernstige brandwonden.	\N
110034	H315	Veroorzaakt huidirritatie.	\N
110035	H317	Kan een allergische huidreactie veroorzaken.	\N
110036	H318	Veroorzaakt ernstig oogletsel.	\N
110037	H319	Veroorzaakt ernstige oorirritatie.	\N
110038	H330	Dodelijk bij inademing.	\N
110039	H331	Giftig bij inademing.	\N
110040	H332	Schadelijk bij inademing.	\N
110041	H334	Kan bij inademing allergie- of astmasymptomen of ademhalingsmoeilijkheden veroorzaken.	\N
110042	H335	Kan irritatie van de luchtwegen veroorzaken.	\N
110043	H336	Kan slaperigheid of duizeligheid veroorzaken.	\N
110044	H340	Kan genetische schade veroorzaken[.....]	\N
110045	H341	Verdacht van het veroorzaken van genetische schade [.....]	\N
110046	H350	Kan kanker veroorzaken [.....]	\N
110047	H351	Verdacht van het veroorzaken van kanker [.....]	\N
110048	H360	Kan de vruchtbaarheid of het ongeboren kind schaden [.....]	\N
110049	H361	Kan mogelijk de vruchtbaarheid of het ongeboren kind schaden [.....].	\N
110050	H362	Kan schadelijk zijn via de borstvoeding.	\N
110051	H370	Veroorzaakt schade aan organen [.....]	\N
110052	H371	Kan schade aan organen [.....]veroorzaken.	\N
110053	H372	Veroorzaakt schade aan organen [.....] bij langdurige of herhaalde blootstelling [.....].	\N
110054	H373	Kan schade aan organen [.....] veroorzaken bij langdurige of herhaalde blootstelling [.....].	\N
110055	H400	Zeer giftig voor in het water levende organismen.	\N
110056	H410	Zeer giftig voor in het water levende organismen, met langdurige gevolgen.	\N
110057	H411	Giftig voor in het water levende organismen, met langdurige gevolgen.	\N
110058	H412	Schadelijk voor in het water levende organismen, met langdurige gevolgen.	\N
110059	H413	Kan langdurige schadelijke gevolgen voor in het water levende organismen hebben.	\N
110060	EUH001	In droge toestand ontplofbaar.	\N
110061	EUH006	Ontplofbaar met en zonder lucht.	\N
110062	EUH014	Reageert heftig met water.	\N
110063	EUH018	Kan bij gebruik een ontvlambaar/ontplofbaar damp-luchtmengsel vormen.	\N
110064	EUH019	Kan ontplofbare peroxiden vormen.	\N
110065	EUH044	Ontploffingsgevaar bij verwarming in afgesloten toestand.	\N
110066	EUH029	Vormt giftig gas in contact met water.	\N
110067	EUH031	Vormt giftig gas in contact met zuren.	\N
110068	EUH032	Vormt zeer giftig gas in contact met zuren.	\N
110069	EUH066	Herhaalde blootstelling kan een droge of een gebarsten huid veroorzaken.	\N
110070	EUH070	Giftig bij oogcontact.	\N
110071	EUH071	Bijtend voor de luchtwegen.	\N
110072	EUH201	Bevat lood. Mag niet worden gebruikt voor voorwerpen waarin kinderen kunnen bijten of waaraan kinderen kunnen zuigen.	\N
110073	EUH201A	Let op! Bevat lood.	\N
110074	EUH202	Cyanoacrylaat. Gevaarlijk. Kleeft binnen enkele seconden aan huid en oogleden. Buiten bereik van kinderen houden.	\N
110075	EUH203	Bevat zeswaardig chroom. Kan een allergische reactie veroorzaken.	\N
110076	EUH204	Bevat isocyanaten. Kan een allergische reactie veroorzaken.	\N
110077	EUH205	Bevat epoxyverbindingen. Kan een allergische reactie veroorzaken.	\N
110078	EUH206	Let op! Niet in combinatie met andere producten gebruiken. Er kunnen gevaarlijke gassen (chloor) vrijkomen.	\N
110079	EUH207	Let op! Bevat cadmium. Bij het gebruik ontwikkelen zich gevaarlijke dampen. Zie de aanwijzing van de fabrikant. Neem de veiligheidsvoorschriften in ac	\N
110080	EUH208	Bevat [.....]. Kan een allergische reactie veroorzaken.	\N
110081	EUH209	Kan bij gebruik licht ontvlambaar worden.	\N
110082	EUH209A	Kan bij gebruik ontvlambaar worden.	\N
110083	EUH210	Veiligheidsinformatieblad op verzoek verkrijgbaar.	\N
110084	EUH401	Volg de gebruiksaanwijzing om gevaar voor de menselijke gezondheid en het milieu te voorkomen.	\N
110085	H300+H310	Dodelijk bij inslikken en bij contact met de huid.	\N
110086	H300+H330	Dodelijk bij inslikken en bij inademing.	\N
110087	H310+H330	Dodelijk bij contact met de huid en bij inademing.	\N
110088	H300+H310+H330	Dodelijk bij inslikken, bij contact met de huid en bij inademing.	\N
110089	H301+H311	Giftig bij inslikken en bij contact met de huid.	\N
110090	H301+H331	Giftig bij inslikken en bij inademing.	\N
110091	H311+H331	Giftig bij contact met de huid en bij inademing.	\N
110092	H301+H311+H331	Giftig bij inslikken, bij contact met de huid en bij inademing.	\N
110093	H302+H312	Schadelijk bij inslikken en bij contact met de huid.	\N
110094	H301+H332	Schadelijke bij inslikken en bij inademing.	\N
110095	H312+H332	Schadelijk bij contact met de huid en bij inademing.	\N
110096	H302+H312+H332	Schadelijk bij inslikken, bij contact met de huid en bij inademing.	\N
110097	H420	Schadelijk voor de volksgezondheid en het milieu door afbraak van ozon in de bovenste lagen van de atmosfeer.	\N
\.


--
-- Data for Name: FytoRZinnenProduct; Type: TABLE DATA; Schema: public; Owner: -
--

COPY "FytoRZinnenProduct" ("RptId", "PdtId", "RznId", "Type") FROM stdin;
101835	104231	117	\N
101836	103648	118	\N
101837	102935	61	\N
101838	104233	119	\N
101839	104234	68	\N
101840	104234	109	\N
101841	104234	119	\N
101844	104236	119	\N
101845	104237	118	\N
101846	104237	61	\N
101847	104238	24	\N
101848	104238	117	\N
101849	104239	19	\N
101850	104239	79	\N
101851	104239	100004	\N
101852	104239	117	\N
101853	104240	21	\N
101854	104240	79	\N
101855	104240	42	\N
101856	104240	105	\N
101857	104240	117	\N
101859	104242	118	\N
101860	104244	117	\N
101861	104244	59	\N
101862	104245	119	\N
101867	104248	68	\N
101868	104248	78	\N
101869	104248	105	\N
101870	104248	110	\N
101871	104248	119	\N
101872	104249	118	\N
101879	104239	42	\N
101880	104251	42	\N
101899	104257	61	\N
101900	104259	119	\N
101886	104254	22	\N
101887	104254	33	\N
101888	104254	103	\N
101889	104254	48	\N
101890	104255	21	\N
101891	104255	37	\N
101892	104255	117	\N
101898	104257	117	\N
101901	104260	119	\N
101902	103587	42	\N
101903	104262	68	\N
101904	104262	109	\N
101905	104262	119	\N
101906	104263	119	\N
101907	104264	35	\N
101908	104264	42	\N
101909	104264	117	\N
101910	104265	21	\N
101911	104265	36	\N
101912	104265	42	\N
101913	104265	117	\N
101923	104268	118	\N
101924	104051	105	\N
101925	104051	100001	\N
101926	104269	42	\N
101927	104269	117	\N
101928	104270	8	\N
101929	104270	21	\N
101930	104270	42	\N
101931	104271	42	\N
101932	104271	117	\N
101933	104271	100002	\N
101944	104275	10	\N
101945	104275	19	\N
101946	104275	37	\N
101947	104275	40	\N
101948	104275	42	\N
101949	104275	118	\N
101950	104275	62	\N
101958	104280	117	\N
101968	104133	78	\N
101969	104283	21	\N
101970	104283	79	\N
101971	104283	78	\N
101972	104283	117	\N
101973	104285	117	\N
101974	104286	42	\N
101975	104286	117	\N
101976	102797	40	\N
101977	104287	100004	\N
101978	104287	118	\N
101979	104288	35	\N
101980	104288	100004	\N
101981	104288	42	\N
101982	104288	48	\N
101983	104289	117	\N
101984	104289	61	\N
101985	104290	21	\N
101986	104290	42	\N
101987	104290	40	\N
101988	104290	118	\N
101989	104291	70	\N
101990	104291	117	\N
101991	104292	42	\N
101998	104295	117	\N
101994	104294	117	\N
101995	104163	40	\N
101996	102886	119	\N
101997	104295	42	\N
102000	104296	21	\N
102001	104296	79	\N
102002	104296	42	\N
102003	104297	102	\N
102004	104298	37	\N
102006	104298	40	\N
102007	104298	117	\N
102009	104299	118	\N
102010	104300	117	\N
102011	104301	12	\N
102012	104301	119	\N
102013	102796	19	\N
102014	102796	37	\N
102015	102796	40	\N
102016	104302	117	\N
102017	104270	117	\N
102018	104306	78	\N
102019	104306	117	\N
102020	104307	42	\N
102021	104307	118	\N
102022	104308	35	\N
102023	104308	118	\N
102024	104309	42	\N
102027	104311	36	\N
102028	104311	117	\N
102029	104311	60	\N
101047	104120	42	\N
101048	104120	117	\N
101050	104121	21	\N
101051	104121	40	\N
101056	102919	100004	\N
101057	102919	117	\N
101058	102919	60	\N
101059	102919	61	\N
101062	103597	117	\N
101063	103487	21	\N
101065	103524	61	\N
101066	102730	40	\N
101067	102730	119	\N
101068	102730	100000	\N
101069	102730	100002	\N
101070	104031	100001	\N
101071	102922	100004	\N
101072	102922	117	\N
101073	103950	117	\N
101074	104082	117	\N
101075	104082	60	\N
101076	104082	61	\N
101077	102837	60	\N
101078	102837	61	\N
101079	102837	118	\N
101080	102915	100004	\N
101081	102915	117	\N
101089	103084	118	\N
101090	103084	61	\N
101091	103084	100000	\N
101092	104051	42	\N
101093	104051	117	\N
101094	102874	119	\N
101096	102883	42	\N
101097	102883	117	\N
101101	104016	118	\N
101107	102907	117	\N
101108	103646	100004	\N
101113	102579	117	\N
101117	102909	40	\N
101118	102909	117	\N
101119	103847	117	\N
101120	103571	117	\N
101123	102610	42	\N
101124	102610	117	\N
101126	102920	37	\N
101127	102920	40	\N
101128	102920	117	\N
101129	102920	100000	\N
101132	102843	118	\N
101133	102909	21	\N
101134	103587	100000	\N
101135	103587	100002	\N
101136	103958	118	\N
101137	102892	100004	\N
101138	102892	118	\N
101140	103156	24	\N
101141	103156	35	\N
101142	103156	117	\N
101144	104125	117	\N
101145	104085	48	\N
101146	104126	21	\N
101147	104126	117	\N
101148	102596	35	\N
101149	102596	100004	\N
101150	102596	42	\N
101151	102596	48	\N
101152	103589	21	\N
101153	103589	118	\N
101154	104080	35	\N
101155	104080	100004	\N
101156	104080	42	\N
101157	104080	48	\N
101161	102605	117	\N
101162	102770	25	\N
101163	102770	78	\N
101164	102770	117	\N
101166	103212	35	\N
101167	103212	119	\N
101176	104128	118	\N
101177	104129	78	\N
101178	104129	118	\N
101196	104065	119	\N
101199	103952	21	\N
101200	103952	118	\N
101201	103989	60	\N
101210	102633	42	\N
101211	102633	105	\N
101212	102633	117	\N
101214	104011	117	\N
101215	103155	42	\N
101217	102594	117	\N
101218	103733	118	\N
101219	103251	33	\N
101220	103251	100004	\N
101221	103251	42	\N
101222	103251	117	\N
101223	102764	42	\N
101224	102764	118	\N
101229	102930	118	\N
101230	102930	61	\N
101232	103307	100004	\N
101233	103307	40	\N
101234	103307	42	\N
101235	103307	48	\N
101236	102678	48	\N
102222	104411	59	\N
102223	104411	48	\N
102224	103899	77	\N
102225	103899	19	\N
102226	104412	117	\N
102227	104413	100000	\N
102228	104413	37	\N
110119	104463	61	\N
110120	104463	19	\N
110121	104463	37	\N
110122	104463	100004	\N
110123	104463	42	\N
110124	104463	117	\N
110125	104464	79	\N
110126	104464	42	\N
110127	104464	117	\N
110128	104464	112	\N
110129	104464	21	\N
110130	104464	22	\N
110131	104465	100004	\N
110132	104465	118	\N
110133	104467	118	\N
110134	104468	118	\N
110135	104469	51	\N
101238	102670	41	\N
101239	104131	100004	\N
101240	104131	42	\N
101241	104131	48	\N
101401	103951	42	\N
101243	104133	102	\N
101246	102679	48	\N
101247	104019	117	\N
101248	103990	33	\N
101249	103803	35	\N
101250	103803	119	\N
101260	103361	42	\N
101261	103361	117	\N
101262	103361	100003	\N
101263	102901	100004	\N
101264	102901	102	\N
101265	103133	36	\N
101266	103133	112	\N
101267	103133	117	\N
101268	103273	117	\N
101269	103273	100000	\N
101270	104116	36	\N
101271	104116	42	\N
101272	104116	117	\N
101273	102736	118	\N
101274	102905	117	\N
101275	104050	118	\N
101277	102835	118	\N
101278	104055	118	\N
101281	104083	117	\N
101282	103899	42	\N
101283	103899	117	\N
101286	104136	37	\N
101287	104136	117	\N
101288	104136	61	\N
101289	104137	37	\N
101290	104137	40	\N
101291	102693	117	\N
101292	104023	119	\N
101325	102737	117	\N
101326	104144	21	\N
101327	104144	119	\N
101307	104056	118	\N
101308	104104	42	\N
101309	104104	118	\N
101408	104091	117	\N
101321	103979	51	\N
101322	102837	37	\N
101324	102737	100004	\N
101368	104151	118	\N
101343	102949	35	\N
101344	102949	42	\N
101345	102949	119	\N
101356	103616	22	\N
101357	103616	100004	\N
101358	103616	42	\N
101360	103616	117	\N
101361	104146	10	\N
101362	104146	19	\N
101363	104146	78	\N
101364	104149	12	\N
101365	104149	42	\N
101366	104150	12	\N
101367	104148	119	\N
101369	104152	100004	\N
101370	104152	117	\N
101371	104152	60	\N
101372	104152	61	\N
101373	104153	10	\N
101374	104153	78	\N
101375	104153	42	\N
101376	104153	117	\N
101377	104153	100000	\N
101382	102764	100004	\N
101384	104154	21	\N
101385	104154	42	\N
101386	104154	117	\N
101387	104155	118	\N
101393	103142	119	\N
101394	104076	119	\N
101395	104159	21	\N
101396	104159	117	\N
101397	104159	61	\N
101400	103951	79	\N
101402	103951	118	\N
101403	103951	100000	\N
101404	103951	100002	\N
101422	103803	100004	\N
101423	103803	103	\N
101424	104163	42	\N
101425	104163	118	\N
101439	104129	100002	\N
101441	103744	118	\N
101442	103744	100000	\N
101443	103744	100002	\N
100929	102801	35	\N
100930	104044	32	\N
101444	104119	117	\N
100934	104047	10	\N
100935	104047	36	\N
100936	104047	100000	\N
100937	104047	100002	\N
100940	104050	21	\N
100941	104051	21	\N
100942	104051	100004	\N
100943	104051	40	\N
100944	104031	42	\N
100945	104054	40	\N
100946	104053	78	\N
100947	104055	24	\N
100950	104057	37	\N
100951	104057	100004	\N
100952	104057	118	\N
100953	104057	61	\N
100954	104060	42	\N
101445	104164	35	\N
101914	103236	40	\N
100958	104064	42	\N
100959	104064	37	\N
100963	103197	42	\N
101915	103236	42	\N
100965	104031	117	\N
100966	103780	21	\N
100967	103780	117	\N
101446	104164	100004	\N
100973	104046	119	\N
100978	103154	118	\N
101448	104164	60	\N
101449	104164	61	\N
101450	102801	118	\N
100986	102846	118	\N
101453	103312	118	\N
101916	103236	119	\N
100997	103989	59	\N
100998	103989	100004	\N
100999	103989	105	\N
101000	103989	117	\N
101002	104068	102	\N
101003	104074	118	\N
101004	104074	100001	\N
101005	104076	100004	\N
101010	102678	36	\N
101012	102579	42	\N
101013	102579	36	\N
101020	104082	100004	\N
101021	104083	21	\N
101022	104083	37	\N
101027	104095	42	\N
101039	104085	42	\N
101041	104108	42	\N
101042	104109	40	\N
100005	103744	10	\N
100006	103744	79	\N
100007	103744	42	\N
100027	102865	35	\N
100028	102865	42	\N
100029	102865	100004	\N
100031	102920	10	\N
100052	102610	10	\N
100053	102610	66	\N
100054	102610	100000	\N
100055	102610	40	\N
100118	102670	42	\N
101919	104267	35	\N
100184	103571	21	\N
100189	102878	117	\N
100195	102883	100004	\N
100196	102883	40	\N
101458	102867	117	\N
101920	104267	42	\N
101921	104267	117	\N
100231	103142	35	\N
100260	103756	68	\N
100275	102605	40	\N
100285	103197	51	\N
100286	103197	21	\N
100293	103084	10	\N
100294	103084	80	\N
100295	103084	40	\N
100296	103251	66	\N
100297	103251	30	\N
100298	103597	21	\N
100299	103597	37	\N
100303	103524	19	\N
100304	103524	117	\N
100305	103524	37	\N
100311	102730	37	\N
100316	102837	100004	\N
101922	104268	42	\N
101460	104165	19	\N
101461	104165	36	\N
100345	102764	66	\N
100346	102764	37	\N
101462	104165	100004	\N
100362	102741	42	\N
100375	102594	21	\N
100376	102594	40	\N
100383	103587	118	\N
100384	103587	78	\N
100387	103733	35	\N
101463	104165	40	\N
101464	104165	42	\N
100395	102633	21	\N
100397	102770	10	\N
100398	102770	21	\N
101465	104165	117	\N
101467	104073	119	\N
101469	102797	119	\N
100441	102853	21	\N
100459	103334	68	\N
100460	103334	33	\N
100461	103334	48	\N
100462	102820	33	\N
100463	102820	65	\N
100464	102820	48	\N
100465	103857	78	\N
100467	102906	118	\N
100482	102921	40	\N
100483	102921	42	\N
100484	102909	19	\N
100493	103072	21	\N
100507	102604	40	\N
100511	102909	42	\N
100512	102904	24	\N
100513	103072	117	\N
100517	102872	118	\N
100536	103273	10	\N
100537	103273	66	\N
100538	103273	77	\N
100544	102693	37	\N
100545	102693	42	\N
100546	103899	100004	\N
100563	103770	35	\N
100565	103312	10	\N
100566	103156	19	\N
100567	103155	66	\N
100570	103133	21	\N
100572	102695	42	\N
100573	102695	117	\N
100578	103901	37	\N
100662	103236	21	\N
100690	103268	66	\N
100691	103268	30	\N
100734	103916	21	\N
100742	103142	66	\N
100746	102865	117	\N
100751	103950	37	\N
100752	103950	40	\N
100753	103950	42	\N
100756	103951	10	\N
100759	103952	35	\N
100762	103958	42	\N
100763	103959	117	\N
100765	103961	117	\N
100766	103961	42	\N
100770	102848	21	\N
100785	103982	37	\N
100787	103988	10	\N
100790	103990	67	\N
101477	102921	117	\N
100794	103990	7	\N
100799	103998	118	\N
100837	104013	117	\N
101479	104147	77	\N
100839	102935	35	\N
100842	102949	21	\N
100844	104016	35	\N
101480	104147	42	\N
102030	104312	117	\N
102031	104312	42	\N
102032	104313	117	\N
102034	103133	42	\N
102035	104317	102	\N
102036	104317	8	\N
102037	104317	78	\N
102038	104319	119	\N
102039	104319	21	\N
102040	104320	37	\N
102041	104320	117	\N
102042	104321	42	\N
102043	104321	21	\N
102044	104321	117	\N
102045	104322	117	\N
102046	104322	40	\N
102047	104322	42	\N
102048	104322	37	\N
102049	103646	118	\N
102056	104325	105	\N
102057	104325	119	\N
102058	104325	61	\N
102069	104350	37	\N
102070	104349	118	\N
102071	104350	40	\N
102072	104350	21	\N
102073	104114	118	\N
102074	104351	12	\N
102075	104351	117	\N
102076	104353	118	\N
102077	104354	35	\N
102078	104354	118	\N
102079	104352	119	\N
102080	104356	119	\N
102081	104357	117	\N
102082	104357	42	\N
102083	104358	21	\N
102084	104359	119	\N
102085	104359	21	\N
102086	104121	105	\N
102087	104121	117	\N
102088	104121	61	\N
102089	104360	61	\N
102090	104360	118	\N
102091	104360	60	\N
102092	104360	42	\N
102093	104362	24	\N
102094	104362	117	\N
102095	104362	42	\N
102096	104362	26	\N
102097	104363	35	\N
102098	104364	78	\N
102099	104363	118	\N
102100	104366	118	\N
102101	104367	117	\N
102102	104367	21	\N
102103	104296	117	\N
102104	104368	117	\N
102105	104369	21	\N
102106	104369	118	\N
102107	104369	42	\N
102108	104369	40	\N
102109	104370	21	\N
102110	104370	35	\N
102111	104370	100001	\N
102112	104370	117	\N
102113	104370	42	\N
102114	104372	35	\N
102115	104372	42	\N
102116	104372	117	\N
102119	104373	35	\N
102120	104373	100004	\N
102121	104373	118	\N
102122	104373	105	\N
102123	104373	42	\N
102124	104374	118	\N
102125	104375	48	\N
102126	104153	61	\N
102128	104153	36	\N
102129	104376	37	\N
102130	104376	42	\N
102131	104376	118	\N
102132	104376	100001	\N
102133	104377	100004	\N
102134	104377	77	\N
102135	104377	42	\N
102136	104377	117	\N
102137	104377	19	\N
102138	104085	61	\N
102139	104378	67	\N
102140	104378	46	\N
102141	104378	119	\N
102142	104379	35	\N
102143	104379	49	\N
102144	104379	51	\N
102145	104380	119	\N
102146	104383	35	\N
102147	104383	100004	\N
102148	104383	118	\N
102149	104383	61	\N
102150	104381	61	\N
102151	104381	21	\N
102152	104381	100004	\N
102153	104381	42	\N
102154	104381	118	\N
102155	104382	119	\N
102156	104384	21	\N
102157	104384	100004	\N
102158	104384	42	\N
102159	104384	117	\N
102160	104386	118	\N
102161	104385	61	\N
102162	104385	117	\N
102163	104385	100004	\N
102164	104386	100004	\N
102165	104385	60	\N
102166	104387	118	\N
102167	104388	117	\N
102168	104389	119	\N
102169	104389	42	\N
102170	104389	37	\N
102172	104390	117	\N
102173	104390	21	\N
102174	104391	37	\N
102175	104391	118	\N
102176	104391	42	\N
102177	104394	117	\N
102178	104393	117	\N
102179	104392	117	\N
102180	104395	117	\N
102181	104397	117	\N
102182	104396	117	\N
102183	104396	21	\N
102184	104398	105	\N
102185	104400	100001	\N
102186	104399	21	\N
102187	104399	42	\N
102188	104399	105	\N
102189	104399	117	\N
102190	104402	19	\N
102191	104402	117	\N
102192	104401	19	\N
102193	104401	117	\N
102194	104400	10	\N
102195	104400	66	\N
102196	104400	36	\N
102197	104400	40	\N
102198	104400	117	\N
102199	104400	100000	\N
102200	104398	117	\N
102201	104131	61	\N
102202	104403	7	\N
102203	104403	67	\N
102204	104403	33	\N
102205	104404	42	\N
102206	104404	117	\N
102213	104406	119	\N
102214	104406	42	\N
102215	104168	22	\N
102216	104410	100004	\N
102217	104410	117	\N
102218	104409	119	\N
102219	104408	119	\N
102220	104409	109	\N
102221	104408	109	\N
101481	103721	21	\N
100848	104019	37	\N
100882	102670	117	\N
100864	102678	42	\N
100869	103455	66	\N
100870	103455	10	\N
100871	103455	80	\N
100872	103455	40	\N
101709	104185	42	\N
100874	103260	40	\N
100885	104023	21	\N
101482	104070	12	\N
101483	104070	119	\N
101484	104072	12	\N
100901	102901	79	\N
101606	104096	66	\N
100904	104031	21	\N
100905	104031	35	\N
101485	104072	119	\N
101708	103154	100004	\N
100910	104033	42	\N
100948	104056	21	\N
100949	104056	42	\N
101486	104086	12	\N
101487	104086	117	\N
101493	103312	36	\N
101494	103312	100000	\N
101495	103312	100002	\N
101496	104166	21	\N
101500	104168	21	\N
101501	104168	112	\N
101502	104168	117	\N
101540	104169	40	\N
101541	104169	42	\N
101542	104169	118	\N
101543	104170	117	\N
101550	104172	118	\N
101551	104173	35	\N
101552	104173	118	\N
101562	103268	33	\N
101563	103268	100004	\N
101564	103268	42	\N
101565	103268	117	\N
101591	102917	117	\N
101596	102741	105	\N
101597	102741	117	\N
101607	104096	100004	\N
101608	104096	42	\N
101609	104096	117	\N
101614	102683	68	\N
101615	102683	37	\N
101616	102683	40	\N
101617	102683	105	\N
101618	102683	110	\N
101619	104109	117	\N
101620	104108	117	\N
101621	102935	19	\N
101622	102935	119	\N
101625	103500	21	\N
101626	103500	117	\N
101710	104185	117	\N
101649	104130	61	\N
101650	104130	117	\N
101656	102876	35	\N
101657	104095	100004	\N
101660	102796	118	\N
101661	104033	117	\N
101662	102906	61	\N
101664	102904	117	\N
101665	104068	119	\N
101676	103653	117	\N
101677	103260	119	\N
101691	104064	118	\N
101698	103988	37	\N
101699	103988	119	\N
101700	103988	100000	\N
101701	104111	118	\N
101714	104187	42	\N
101715	104187	117	\N
101716	104188	10	\N
101717	104188	33	\N
101718	104188	42	\N
101719	104188	117	\N
101720	104188	100000	\N
101721	104188	100002	\N
101723	104191	21	\N
101724	104191	42	\N
101725	104191	118	\N
101726	104191	61	\N
101727	103236	36	\N
101728	104192	35	\N
101729	104192	118	\N
101730	104193	42	\N
101731	104193	100004	\N
101732	104193	118	\N
101733	104195	105	\N
101734	104195	61	\N
101735	104195	117	\N
101744	104202	12	\N
101737	104197	35	\N
101739	104197	117	\N
101740	104198	36	\N
101741	104198	42	\N
101742	104198	117	\N
101745	104202	119	\N
101748	104204	42	\N
101749	104204	117	\N
101750	104204	61	\N
101751	104205	35	\N
101752	104205	117	\N
101753	104205	100001	\N
101755	104207	21	\N
101756	104207	117	\N
101760	104208	117	\N
101761	104209	117	\N
101762	103155	117	\N
101766	104044	119	\N
101768	104135	117	\N
101769	104066	119	\N
101770	104211	37	\N
101771	104211	118	\N
101805	104224	118	\N
101778	104057	100000	\N
101779	104214	37	\N
101780	104214	42	\N
101781	104214	117	\N
101791	104220	10	\N
101786	104217	117	\N
101787	104218	21	\N
101788	104218	117	\N
101792	104220	21	\N
101793	104220	77	\N
101794	104220	42	\N
101795	104220	117	\N
101796	104220	61	\N
101797	104220	100000	\N
101798	104220	100001	\N
101799	104220	100002	\N
101800	104221	42	\N
101801	104221	117	\N
101802	103739	37	\N
101803	104222	117	\N
101804	104224	61	\N
101806	104225	12	\N
101807	104225	117	\N
101814	102769	118	\N
101816	102848	42	\N
101817	102848	119	\N
101819	103455	100000	\N
101820	103455	117	\N
101821	104228	35	\N
101822	104228	118	\N
101823	104118	118	\N
101825	102644	119	\N
101830	104047	117	\N
101831	104231	21	\N
101832	104231	35	\N
101833	104231	100004	\N
101834	104231	42	\N
110212	104512	48	\N
110213	104513	117	\N
110214	104514	105	\N
110215	104514	117	\N
110216	104514	61	\N
110217	104518	21	\N
110218	104518	119	\N
110219	104518	61	\N
110220	104520	21	\N
110221	104520	100004	\N
110222	104520	42	\N
110223	104520	117	\N
110224	104520	60	\N
110225	104520	61	\N
110226	104521	117	\N
110227	104521	61	\N
110483	104618	110057	\N
110484	104616	119	\N
110260	103047	110042	\N
110261	103047	110034	\N
110262	103047	110037	\N
110263	103047	110043	\N
110264	103047	110047	\N
110265	103047	110054	\N
110266	103047	110058	\N
110267	103047	110084	\N
110268	103644	110058	\N
110269	103644	110084	\N
110270	103644	110036	\N
110271	103644	110040	\N
110272	104558	37	\N
110273	104558	42	\N
110274	104558	117	\N
110275	104558	21	\N
110475	102926	110035	\N
110476	102926	110037	\N
110477	102926	110056	\N
110478	102926	110049	H
110541	104282	110056	\N
110542	104646	100004	\N
110543	104646	119	\N
110544	104648	110035	\N
110545	104648	110037	\N
110546	104648	110040	\N
110547	104648	110047	\N
110548	104648	110048	w
110549	104648	110056	\N
110550	104649	110028	\N
110551	104649	110047	\N
110552	104649	110054	\N
110553	104649	110055	\N
110554	104649	110056	\N
110149	104475	117	\N
110150	104475	59	\N
110151	104475	60	\N
110152	104475	100004	\N
110153	104475	105	\N
110154	104475	21	\N
110155	104476	66	\N
110156	104476	37	\N
110157	104476	100004	\N
110158	104476	117	\N
110159	104477	117	\N
110228	104536	118	\N
110229	104526	117	\N
110230	104526	40	\N
110231	104525	21	\N
110232	104525	117	\N
110233	104526	37	\N
110276	102637	110057	\N
110277	102992	110036	\N
110278	102992	110034	\N
110279	102992	110098	\N
110280	102992	110084	\N
110281	102992	110057	\N
110282	102992	110054	\N
110283	102992	110047	\N
110284	104078	110056	\N
110285	104078	110047	\N
110287	104560	110056	\N
110288	102637	110084	\N
110289	104123	110027	\N
110290	104123	110056	\N
110259	104313	110080	p
110234	102889	110035	\N
110236	102889	110040	\N
110237	102889	110047	\N
110238	102889	110054	\N
110239	102889	110057	\N
110240	102889	110084	\N
110241	103021	110084	\N
110242	103021	110040	\N
110243	103021	110047	\N
110244	104145	110084	\N
110245	104145	110080	1
110246	104145	110047	\N
110247	104145	110054	\N
110248	104145	110057	\N
110249	104164	117	\N
110250	104546	36	\N
110251	104546	100004	\N
110252	104546	42	\N
110253	104546	118	\N
110254	104551	40	\N
110255	104551	119	\N
110256	104551	21	\N
110257	104551	36	\N
110258	104552	35	\N
\.


--
-- Data for Name: FytoRapportcijfers; Type: TABLE DATA; Schema: public; Owner: -
--

COPY "FytoRapportcijfers" ("RprId", "TptId", "MieId", "Cijfer", "Type") FROM stdin;
\.


--
-- Data for Name: FytoRefCodes; Type: TABLE DATA; Schema: public; Owner: -
--

COPY "FytoRefCodes" ("RvLowValue", "RvHighValue", "RvAbbreviation", "RvDomain", "RvMeaning", "RvType") FROM stdin;
\.


--
-- Data for Name: FytoSZinnen; Type: TABLE DATA; Schema: public; Owner: -
--

COPY "FytoSZinnen" ("SznId", "Code", "Omschr", "VtgId", "Vervaldatum") FROM stdin;
110104	P309+P311	Na blootstelling of bij onwel voelen: een ANTIGIFCENTRUM of een arts raadplegen.	\N	\N
110105	P332+P313	Bij huidirritatie: een arts raadplegen.	\N	\N
110106	P333+P313	Bij huidirritatie of uitslag: een arts raadplegen.	\N	\N
110107	P335+P334	Losse deeltjes van de huid afvegen. In koud water onderdompelen/nat verband aanbrengen.	\N	\N
110108	P337+P313	Bij aanhoudende oogirritatie: een arts raadplegen.	\N	\N
110109	P342+P311	Bij ademhalingssymptomen: een ANTIGIFCENTRUM of een arts raadplegen.	\N	\N
110110	P370+P376	In geval van brand: het lek dichten als dat veilig gedaan kan worden.	\N	\N
110111	P370+P378	In geval van brand: blussen met [.....]	\N	\N
110112	P370+P380	In geval van brand: evacueren.	\N	\N
110113	P370+P380+P375	In geval van brand: evacueren. Op afstand blussen omwille van ontploffingsgevaar.	\N	\N
110114	P371+P380+P375	In geval van grote brand en grote hoeveelheden: evacueren. Op afstand blussen omwille van ontploffingsgevaar.	\N	\N
110115	P401	[.....] bewaren.	\N	\N
110116	P402	Op een droge plaats bewaren.	\N	\N
110117	P403	Op een goed geventileerde plaats bewaren.	\N	\N
110118	P404	In gesloten verpakking bewaren.	\N	\N
110119	P405	Achter slot bewaren.	\N	\N
110120	P406	In corrosiebestendige/[.....]houder met corrosiebestendige binnenkleding bewaren.	\N	\N
110121	P407	Ruimte laten tussen stapels/pallets.	\N	\N
110122	P410	Tegen zonlicht beschermen.	\N	\N
110123	P413	Bulkmateriaal, indien meer dan [.....], bij temperaturen van maximaal [.....] bewaren.	\N	\N
110124	P412	Niet blootstellen aan temperaturen boven 50C/122F	\N	\N
110125	P411	Bij maximaal [.....]C/[.....]F bewaren.	\N	\N
110126	P420	Gescheiden van ander materiaal bewaren.	\N	\N
110127	P422	Onder [.....] bewaren.	\N	\N
110128	P402+P404	Op een droge plaats bewaren. In gesloten verpakking bewaren.	\N	\N
110129	P403+P233	Op een goed geventileerde plaats bewaren. In goed gesloten verpakking bewaren.	\N	\N
110130	P403+P235	Op een goed geventileerde plaats bewaren. Koel bewaren.	\N	\N
110131	P410+P403	Tegen zonlicht beschermen. Op een goed geventileerde plaats bewaren.	\N	\N
110132	P410+P412	Tegen zonlicht beschermen. Niet blootstellen aan temperaturen boven 50C/122F.	\N	\N
110133	P411+P235	Bij maximaal [.....]C/[.....]F bewaren. Koel bewaren.	\N	\N
110134	P501	Inhoud/verpakking afvoeren naar [.....]	\N	\N
100004	S 36/37A	Draag geschikte handschoenen en beschermende kleding, ook bij werkzaamheden aan behandeld gewas.	\N	\N
1	S  1	Achter slot bewaren	\N	\N
2	S  2	Buiten het bereik van kinderen bewaren	\N	\N
3	S  3	Op een koele plaats bewaren	\N	\N
4	S  4	Verwijderd van woonruimten opbergen	\N	\N
5	S  5	Onder [.....] houden	1	\N
6	S  6	Onder [.....] houden	1	\N
7	S  7	In goed gesloten verpakking bewaren	\N	\N
8	S  8	Verpakking droog houden	\N	\N
9	S  9	Op een goed geventileerde plaats bewaren.	\N	\N
10	S 12	De verpakking niet hermetisch sluiten.	\N	\N
11	S 13	Verwijderd houden van eet- en drinkwaren en van diervoeder.	\N	\N
12	S 14	Verwijderd houden van [.....]	5	\N
13	S 15	Verwijderd houden van warmte.	\N	\N
14	S 16	Verwijderd houden van ontstekingsbronnen. Niet roken.	\N	\N
15	S 17	Verwijderd houden van brandbare stoffen.	\N	\N
16	S 18	Verpakking voorzichtig behandelen en openen.	\N	\N
17	S 20	Niet eten of drinken tijdens gebruik.	\N	\N
18	S 21	Niet roken tijdens gebruik.	\N	\N
19	S 22	Stof niet inademen.	\N	\N
20	S 23	[.....] niet inademen.	7	\N
21	S 24	Aanraking met de huid vermijden.	\N	\N
22	S 25	Aanraking met de ogen vermijden.	\N	\N
23	S 26	Bij aanraking met de ogen onmiddellijk met overvloedig water afspoelen en deskundig medisch advies inwinnen.	\N	\N
24	S 27	Verontreinigde kleding onmiddellijk uittrekken.	\N	\N
25	S 28	Na aanraking met de huid onmiddellijk wassen met veel [.....].	1	\N
26	S 29	Afval niet in de gootsteen werpen.	\N	\N
27	S 30	Nooit water op deze stof gieten.	\N	\N
28	S 33	Maatregelen treffen tegen ontladingen van statische elektriciteit.	\N	\N
29	S 35	Deze stof en de verpakking op veilige wijze afvoeren.	\N	\N
30	S 36	Draag geschikte beschermende kleding.	\N	\N
31	S 37	Draag geschikte handschoenen.	\N	\N
32	S 38	Bij ontoereikende ventilatie een geschikte adembescherming dragen.	\N	\N
33	S 39	Een bescherming voor de ogen/voor het gezicht dragen.	\N	\N
34	S 40	Voor de reiniging van de vloer en alle voorwerpen verontreinigd met dit materiaal [.....] gebruiken	1	\N
35	S 41	In geval van brand en/of explosie inademen van rook vermijden.	\N	\N
36	S 42	Tijdens de [.....] een geschikte adembescherming dragen.	8	\N
37	S 43	In geval van brand [.....] gebruiken	6	\N
38	S 45	Bij een ongeval of indien men zich onwel voelt, onmiddellijk een arts raadplegen (indien mogelijk hem dit etiket tonen).	\N	\N
39	S 46	In geval van inslikken onmiddellijk een arts raadplegen en de verpakking of het etiket tonen.	\N	\N
40	S 47	Bewaren bij een temperatuur beneden [..]C	1	\N
41	S 48	Inhoud vochtig houden met [.....].	1	\N
42	S 49	Uitsluitend in de oorspronkelijke verpakking bewaren	\N	\N
43	S 50	Niet vermengen met [.....]	1	\N
44	S 51	Uitsluitend op goed geventileerde plaatsen gebruiken.	\N	\N
45	S 52	Niet voor gebruik op grote oppervlakken in woon- en verblijfsruimten.	\N	\N
46	S 53	Blootstelling vermijden - vr gebruik speciale aanwijzingen raadplegen.	\N	\N
47	S 56	Deze stof en de verpakking naar een inzamelpunt voor gevaarlijk of bijzonder afval brengen.	\N	\N
48	S 57	Neem passende maatregelen om verspreiding in het milieu te voorkomen.	\N	\N
49	S 59	Raadpleeg fabrikant voor informatie over terugwinning/recycling	\N	\N
50	S 60	Deze stof en de verpakking als gevaarlijk afval afvoeren.	\N	\N
51	S 61	Voorkom lozing in het milieu. Vraag om speciale instructies/veiligheidskaart	\N	\N
52	S 62	Bij inslikken niet het braken opwekken; direct een arts raadplegen en de verpakking of het etiket tonen.	\N	\N
53	S  1/2	Achter slot en buiten bereik van kinderen bewaren.	\N	\N
54	S  3/ 7	Gesloten verpakking op een koele plaats bewaren.	\N	\N
55	S  3/14	Bewaren op een koele plaats verwijderd van [.....]	5	\N
56	S  3/ 9/14	Bewaren op een koele, goed geventileerde plaats verwijderd van [.....]	5	\N
57	S  3/ 9/49	Uitsluitend in de oorspronkelijke verpakking bewaren op een koele, goed geventileerde plaats.	\N	\N
58	S  3/ 9/14/49	Uitsluitend in de oorspronkelijke verpakking bewaren op een koele, goed geventileerde plaats verwijderd van [.....]	5	\N
59	S  7/ 8	Droog houden en in een goed gesloten verpakking bewaren.	\N	\N
60	S  7/ 9	Gesloten verpakking op een goed geventileerde plaats bewaren.	\N	\N
61	S  7/47	Gesloten verpakking bewaren bij een temperatuur beneden [..]C	1	\N
62	S 20/21	Niet eten, drinken of roken tijdens gebruik	\N	\N
63	S 24/25	Aanraking met de ogen en de huid vermijden.	\N	\N
64	S 29/56	Afval niet in de gootsteen werpen; deze stof en de verpakking naar een inzamelpunt voor gevaarlijk of bijzonder afval brengen.	\N	\N
65	S 36/37	Draag geschikte handschoenen en beschermende kleding.	\N	\N
66	S 36/39	Draag geschikte beschermende kleding en een beschermingsmiddel voor de ogen/het gezicht.	\N	\N
67	S 37/39	Draag geschikte handschoenen en een beschermingsmiddel voor de ogen/het gezicht	\N	\N
68	S 36/37/39	Draag geschikte beschermende kleding, handschoenen en een beschermingsmiddel voor de ogen/het gezicht.	\N	\N
69	S 47/49	Uitsluitend in de oorspronkelijke verpakking bewaren bij een temperatuur beneden [..]C	1	\N
100000	S 63	Bij een ongeval door inademing: slachtoffer in de frisse lucht brengen en laten rusten	\N	\N
100001	S 64	Bij inslikken, mond met water spoelen (alleen als de persoon bij bewustzijn is)	\N	\N
100002	S 27/28	Na contact met de huid, alle besmette kleding onmiddellijk uittrekken en de huid onmiddellijk wassen met veel [.....].	\N	\N
100003	S 29/35	Afval niet in de gootsteen werpen; stof en verpakking op een veilige wijze afvoeren.	\N	\N
110000	P101	Bij het inwinnen van medisch advies, de verpakking of het etiket ter beschikking houden.	\N	\N
110001	P102	Buiten bereik van kinderen houden.	\N	\N
110002	P103	Alvorens te gebruiken, het etiket lezen.	\N	\N
110003	P201	Alvorens te gebruiken de speciale aanwijzingen raadplegen.	\N	\N
110004	P202	Pas gebruiken nadat u alle veiligheidsvoorschriften gelezen en begrepen heeft.	\N	\N
110005	P210	Verwijderd houden van warmte/vonken/open vuur/hete oppervlakken.  Niet roken.	\N	\N
110006	P211	Niet in een open vuur of op andere ontstekingsbronnen spuiten.	\N	\N
110007	P220	Van kleding/[.....]/brandbare stoffen verwijderd houden/bewaren.	\N	\N
110008	P222	Contact met de lucht vermijden.	\N	\N
110009	P221	Vermenging met brandbare stoffen[.....] absoluut vermijden.	\N	\N
110010	P223	Contact met water vermijden in verband met een heftige reactie en een mogelijke wolkbrand.	\N	\N
110011	P230	Vochtig houden met [.....]	\N	\N
110012	P231	Onder inert gas werken.	\N	\N
110013	P232	Tegen vocht beschermen.	\N	\N
110014	P233	In goed gesloten verpakking bewaren.	\N	\N
110015	P234	Uitsluitend in de oorspronkelijke verpakking bewaren.	\N	\N
110016	P235	Koel bewaren.	\N	\N
110017	P240	Opslag- en opvangreservoir aarden.	\N	\N
110018	P241	Explosieveilige elektrische/ventilatie-/verlichting-/[.....]apparatuur gebruiken.	\N	\N
110019	P242	Uitsluitend vonkvrij gereedschap gebruiken.	\N	\N
110020	P243	Voorzorgsmaatregelen treffen tegen ontladingen van statische elektriciteit.	\N	\N
110021	P244	Reduceerventielen vrij van olie en vet houden.	\N	\N
110022	P251	Houder onder druk: ook na gebruik niet doorboren of verbranden.	\N	\N
110023	P260	Stof/rook/gas/nevel/damp/spuitnevel niet inademen.	\N	\N
110024	P261	Inademing van stof/rook/gas/nevel/damp/spuitnevel vermijden.	\N	\N
110025	P250	Malen/schokken/[.....] wrijving vermijden.	\N	\N
110026	P262	Contact met de ogen, de huid of de kleding vermijden.	\N	\N
110027	P263	Bij zwangerschap of borstvoeding aanraking vermijden.	\N	\N
110028	P264	Na het werken met dit product [.....] grondig wassen.	\N	\N
110029	P270	Niet eten, drinken of roken tijdens het gebruik van dit product.	\N	\N
110030	P271	Alleen buiten of in een goed geventileerde ruimte gebruiken.	\N	\N
110031	P272	Verontreinigde werkkleding mag de werkruimte niet verlaten.	\N	\N
110032	P273	Voorkom lozing in het milieu,	\N	\N
110033	P280	Beschermende handschoenen/beschermende kleding/oogbescherming/gelaatsbescherming dragen.	\N	\N
110034	P281	De nodige persoonlijke beschermingsuitrusting gebruiken.	\N	\N
110035	P282	Koude-isolerende handschoenen/gelaatsbescherming/oogbescherming dragen.	\N	\N
110036	P283	Vuur/vlambestendige/brandwerende kleding dragen.	\N	\N
110037	P284	Adembescherming dragen.	\N	\N
110038	P285	Bij ontoereikende ventilatie een geschikte adembescherming dragen.	\N	\N
110039	P231+P232	Onder inert gas werken. Tegen vocht beschermen.	\N	\N
110040	P235+P410	Koel bewaren. Tegen zonlicht beschermen.	\N	\N
110041	P301	Na inslikken:	\N	\N
110042	P302	Bij contact met de huid:	\N	\N
110043	P303	Bij contact met de huid (of het haar):	\N	\N
110044	P304	Na inademing:	\N	\N
110045	P305	Bij contact met de ogen:	\N	\N
110046	P306	Na morsen op kleding:	\N	\N
110047	P307	Na blootstelling:	\N	\N
110048	P308	Na (mogelijke) blootstelling:	\N	\N
110049	P310	Onmiddellijk een ANTIGIFCENTRUM of een arts raadplegen.	\N	\N
110050	P309	Na blootstelling of bij onwel voelen:	\N	\N
110051	P311	Een ANTIGIFCENTRUM of een arts raadplegen.	\N	\N
110052	P312	Bij onwel voelen een ANTIGIFCENTRUM of een arts raadplegen.	\N	\N
110053	P313	Een arts raadplegen.	\N	\N
110054	P314	Bij onwel voelen een arts raadplegen.	\N	\N
110055	P315	Onmiddellijk een arts raadplegen.	\N	\N
110056	P320	Specifieke behandeling dringend vereist (zie [.....] op dit etiket).	\N	\N
110057	P321	Specifieke behandeling vereist (zie [.....] op dit etiket).	\N	\N
110058	P322	Specifieke maatregelen vereist (zie [.....] op dit etiket).	\N	\N
110059	P330	De mond spoelen.	\N	\N
110060	P331	GEEN braken opwekken.	\N	\N
110061	P332	Bij huidirritatie:	\N	\N
110062	P333	Bij huidirritatie of uitslag:	\N	\N
110063	P334	In koud water onderdompelen/nat verband aanbrengen.	\N	\N
110064	P335	Losse deeltjes van de huid afvegen.	\N	\N
110065	P336	Bevroren lichaamsdelen met lauw water ontdooien. Niet wrijven op de betrokken plaatsen.	\N	\N
110066	P337	Bij aanhoudende oogirritatie:	\N	\N
110067	P338	Contactlenzen verwijderen, indien mogelijk. Blijven spoelen.	\N	\N
110068	P340	Het slachtoffer in de frisse lucht brengen en laten rusten in een houding die het ademen vergemakkelijkt.	\N	\N
110069	P342	Bij ademhalingssymptomen:	\N	\N
110070	P350	Voorzichtig wassen met veel water en zeep.	\N	\N
110071	P351	Voorzichtig afspoelen met water gedurende een aantal minuten.	\N	\N
110072	P352	Met veel water en zeep wassen.	\N	\N
110073	P353	Huid met water afspoelen/douchen.	\N	\N
110074	P360	Verontreinigde kleding en huid onmiddellijk met veel water afspoelen en pas daarna kleding uittrekken.	\N	\N
110075	P361	Verontreinigde kleding onmiddellijk uittrekken.	\N	\N
110076	P362	Verontreinigde kleding uittrekken en wassen alvorens deze opnieuw te gebruiken.	\N	\N
110077	P363	Verontreinigde kleding wassen alvorens deze opnieuw te gebruiken.	\N	\N
110078	P370	In geval van brand:	\N	\N
110079	P371	In geval van grote brand en grote hoeveelheden:	\N	\N
110080	P372	Ontploffingsgevaar in geval van brand.	\N	\N
110081	P373	NIET blussen wanneer het vuur de ontplofbare stoffen bereikt.	\N	\N
110082	P374	Met normale voorzorgen vanaf een redelijke afstand blussen.	\N	\N
110083	P375	Op afstand blussen omwille van ontploffingsgevaar.	\N	\N
110084	P376	Het lek dichten als dat veilig gedaan kan worden.	\N	\N
110085	P377	Brand door lekken gas: niet blussen, tenzij het lek veilig gedicht kan worden.	\N	\N
110086	P378	Blussen met [.....]	\N	\N
110087	P380	Evacueren.	\N	\N
110088	P381	Alle ontstekingsbronnen wegnemen als dat veilig gedaan kan worden.	\N	\N
110089	P390	Gelekte/gemorste stof opnemen om materile schade te vermijden.	\N	\N
110090	P391	Gelekte/gemorste stof opruimen.	\N	\N
110091	P301+P310	Na inslikken: onmiddellijk een ANTIGIFCENTRUM of een arts raadplegen.	\N	\N
110092	P301+P312	Na inslikken: bij onwel voelen een ANTIGIFCENTRUM of een arts raadplegen	\N	\N
110093	P301+P330+P331	Na inslikken: de mond spoelen. GEEN braken opwekken.	\N	\N
110094	P302+P334	Bij contact met de huid: in koud water onderdompelen/nat verband aanbrengen.	\N	\N
110095	P302+P350	Bij contact met de huid: voorzichtig wassen met veel water en zeep.	\N	\N
110096	P302+P352	Bij contact met de huid: met veel water en zeep wassen.	\N	\N
110097	P303+P361+P353	Bij contact met de huid(of het haar): verontreinigde kleding onmiddellijk uittrekken - huid met water afspoelen/afdouchen.	\N	\N
110098	P304+P340	Na inademing: het slachtoffer in de frisse lucht brengen en laten rusten in een houding die het ademen vergemakkelijkt.	\N	\N
110099	P305+P351+P338	Bij contact met de ogen: voorzichtig afspoelen met water gedurende een aantal minuten; contactlenzen verwijderen, indien mogelijk; blijven spoelen.	\N	\N
110100	P304+P341	Na inademing: bij ademhalingsmoeilijkheden het slachtoffer in de frisse lucht brengen en laten rusten in een houding die het ademen vergemakkelijkt.	\N	\N
110101	P306+P360	Na morsen op kleding: verontreinigde kleding en huid onmiddellijk met veel water afspoelen en pas daarna kleding uittrekken.	\N	\N
110102	P307+P311	Na blootstelling: een ANTIGIFCENTRUM of een arts raadplegen.	\N	\N
110103	P308+P313	Na (mogelijke) blootstelling: een arts raadplegen.	\N	\N
\.


--
-- Data for Name: FytoSZinnenProduct; Type: TABLE DATA; Schema: public; Owner: -
--

COPY "FytoSZinnenProduct" ("SptId", "PdtId", "SznId", "Variabele", "Type") FROM stdin;
100062	102801	65	\N	\N
105202	104096	51	\N	\N
100106	102920	21	\N	\N
100107	102920	23	\N	\N
105209	104096	65	\N	\N
105210	104096	20	spuitnevel	\N
105211	104096	18	\N	\N
105212	102867	51	\N	\N
100133	103847	18	\N	\N
100134	103847	20	spuitnevel	\N
100135	103847	65	\N	\N
100164	102843	18	\N	\N
105217	102683	18	\N	\N
105218	102683	23	\N	\N
105219	104109	33	\N	\N
105220	104109	39	\N	\N
105221	104109	51	\N	\N
105222	102935	18	\N	\N
100201	102610	18	\N	\N
100202	102610	23	\N	\N
100203	102610	68	\N	\N
105223	102935	20	Spuitnevel	\N
105224	102935	39	\N	\N
105225	102935	51	\N	\N
105233	103648	18	\N	\N
105234	103648	65	\N	\N
105235	103500	39	\N	\N
100442	102670	8	\N	\N
100453	102678	8	\N	\N
105236	103500	51	\N	\N
100546	103623	18	\N	\N
100554	103455	21	\N	\N
100571	102883	18	\N	\N
100572	102883	20	spuitnevel	\N
100573	102883	23	\N	\N
105277	102904	51	\N	\N
105278	104068	36	bespuiting	\N
100677	103455	18	\N	\N
100678	103455	33	\N	\N
100679	103455	20	Spuitnevel	\N
100680	103455	44	\N	\N
100681	103455	23	\N	\N
105627	104263	11	\N	\N
105628	104264	65	\N	\N
105629	104264	39	\N	\N
105630	104264	51	\N	\N
100694	102683	68	\N	\N
100695	102683	38	\N	\N
100769	102769	18	\N	\N
100786	102874	65	\N	\N
100796	103571	18	\N	\N
100797	103571	65	\N	\N
100798	103571	36	bespuiting	\N
100799	103571	51	\N	\N
100816	102878	18	\N	\N
100817	102878	65	\N	\N
100818	102878	51	\N	\N
100897	103466	18	\N	\N
100898	103527	2	\N	\N
100899	103527	11	\N	\N
100900	103527	62	\N	\N
100901	103527	31	\N	\N
100946	102605	18	\N	\N
100947	102605	33	\N	\N
100949	102838	18	\N	\N
100986	103646	18	\N	\N
100987	103646	65	\N	\N
100988	103646	39	\N	\N
105497	102853	65	\N	\N
105500	102848	51	\N	\N
105501	103455	51	\N	\N
105502	104228	18	\N	\N
105503	104228	39	\N	\N
105504	104228	51	\N	\N
101039	102930	18	\N	\N
101040	102930	65	\N	\N
101041	102930	39	\N	\N
105509	104047	52	\N	\N
105510	104231	18	\N	\N
105511	104231	65	\N	\N
105512	104231	39	\N	\N
105513	104231	51	\N	\N
105514	103648	51	\N	\N
105515	102949	18	\N	\N
101077	103260	18	\N	\N
105516	104234	65	\N	\N
105517	104234	39	\N	\N
105522	104236	18	\N	\N
105523	104236	51	\N	\N
101098	102644	18	\N	\N
105526	104237	18	\N	\N
105527	104237	65	\N	\N
105528	104237	39	\N	\N
105529	104237	51	\N	\N
105530	104238	65	\N	\N
101119	102737	18	\N	\N
101121	102737	65	\N	\N
101129	103142	39	\N	\N
101130	103142	23	\N	\N
105531	102904	100004	\N	\N
101132	103142	51	\N	\N
105532	103487	100004	\N	\N
105533	103084	33	\N	\N
105583	104239	51	\N	\N
105535	104239	20	spuitnevel	\N
101138	103260	33	\N	\N
105536	104239	65	\N	\N
105537	104239	39	\N	\N
105603	104255	51	\N	\N
101151	102876	23	\N	\N
105539	104240	18	\N	\N
105540	104240	20	spuitnevel	\N
105541	104240	65	\N	\N
105542	104240	39	\N	\N
105543	104240	51	\N	\N
105544	102801	39	\N	\N
105545	103589	30	\N	\N
105546	102605	65	\N	\N
105550	104242	51	\N	\N
105553	102883	36	bespuiting	\N
101204	102605	51	\N	\N
105554	104244	18	\N	\N
105555	104244	65	\N	\N
105556	104244	38	\N	\N
101225	103646	51	\N	\N
105557	104244	46	\N	\N
105558	104244	51	\N	\N
101248	103653	18	\N	\N
101251	103197	39	\N	\N
101254	103084	23	\N	\N
105563	103840	65	\N	\N
105568	104248	18	\N	\N
101273	103780	18	\N	\N
101274	103780	65	\N	\N
101276	103780	39	\N	\N
105569	104248	68	\N	\N
105570	104248	36	 besppuiting	\N
105571	104248	38	\N	\N
105572	104248	51	\N	\N
105573	104249	29	\N	\N
105574	104249	48	\N	\N
105575	104249	31	\N	\N
105582	104239	18	\N	\N
105604	104255	18	\N	\N
105605	104255	39	\N	\N
105610	104086	14	\N	\N
105611	104225	26	\N	\N
101325	103524	20	spuitnevel	\N
101326	103524	65	\N	\N
101327	103524	39	\N	\N
105612	104257	18	\N	\N
105613	104257	65	\N	\N
105614	104257	39	\N	\N
105615	104257	51	\N	\N
105616	103579	100004	\N	\N
105618	103251	23	\N	\N
101348	102730	23	\N	\N
101349	102730	68	\N	\N
101350	102730	51	\N	\N
101351	102922	65	\N	\N
101352	102922	39	\N	\N
101353	102922	51	\N	\N
105619	104261	65	\N	\N
105622	103587	65	\N	\N
105623	103589	100004	\N	\N
105624	104262	65	\N	\N
105625	104262	39	\N	\N
105626	104262	51	\N	\N
105584	104251	65	\N	\N
101753	102892	51	\N	\N
101776	102594	23	\N	\N
101777	102594	33	\N	\N
101778	102594	39	\N	\N
101779	102594	51	\N	\N
101819	102818	18	\N	\N
101820	102818	65	\N	\N
101821	102596	36	BESPUITING	\N
101822	102596	39	\N	\N
101823	102596	18	\N	\N
101824	102596	23	\N	\N
101839	102741	65	\N	\N
101840	102741	39	\N	\N
101841	102741	51	\N	\N
105597	104254	23	\N	\N
105598	104254	30	\N	\N
105599	104254	36	ontsmetting	\N
105600	104254	38	\N	\N
105601	104254	50	\N	\N
105602	104254	51	\N	\N
105631	104163	100004	\N	\N
105632	104019	65	\N	\N
105633	104060	100004	\N	\N
101910	102770	18	\N	\N
101911	102770	20	Spuitnevel	\N
105634	104132	100004	\N	\N
105635	104193	51	\N	\N
105637	104224	51	\N	\N
105638	104234	51	\N	\N
105639	104233	51	\N	\N
105650	103154	36	het mengen en laden	\N
105661	104267	18	\N	\N
105662	104267	65	\N	\N
105663	104267	39	\N	\N
105664	104267	51	\N	\N
105665	104268	18	\N	\N
105666	104268	65	\N	\N
105667	104268	51	\N	\N
105668	104051	39	\N	\N
105669	104269	65	\N	\N
105670	104269	51	\N	\N
105671	104261	42	\N	\N
105684	103212	65	\N	\N
105694	104275	18	\N	\N
105695	104275	20	Spuitnevel	\N
105696	104275	23	\N	\N
105697	104275	68	\N	\N
105698	104275	51	\N	\N
105699	104275	52	\N	\N
105700	103988	31	\N	\N
105701	104187	18	\N	\N
105702	104187	65	\N	\N
105728	104193	18	\N	\N
105729	104285	51	\N	\N
105730	104285	50	\N	\N
105731	104285	65	\N	\N
105735	102797	23	\N	\N
105736	102797	33	\N	\N
105737	104287	18	\N	\N
105738	104287	65	\N	\N
105739	104287	39	\N	\N
105740	104287	51	\N	\N
105790	104301	18	\N	\N
105791	104301	51	\N	\N
105795	104302	18	\N	\N
105796	104302	50	\N	\N
105797	104302	51	\N	\N
105798	104303	65	\N	\N
105799	104304	65	\N	\N
105800	104305	65	\N	\N
105801	104306	18	\N	\N
105802	104306	39	\N	\N
102074	102820	2	\N	\N
102075	102820	11	\N	\N
102076	102820	18	\N	\N
102077	102820	25	water	\N
105803	104306	50	\N	\N
102079	102820	23	\N	\N
102080	102820	68	\N	\N
102081	102820	38	\N	\N
102082	103857	2	\N	\N
105804	104306	51	\N	\N
105805	104307	18	\N	\N
105806	104307	65	\N	\N
105807	104307	51	\N	\N
105808	104308	23	\N	\N
105809	104308	51	\N	\N
105810	104308	65	\N	\N
105811	104309	20	spuitnevel	\N
105812	104309	32	\N	\N
105813	104309	65	\N	\N
102108	102853	18	\N	\N
105818	104311	18	\N	\N
105819	104311	65	\N	\N
105820	104311	39	\N	\N
105821	104311	51	\N	\N
105822	104311	20	SPUITNEVEL	\N
101374	102837	18	\N	\N
105279	104068	38	\N	\N
105280	104068	51	\N	\N
105281	102949	2	\N	\N
105282	102949	11	\N	\N
104342	104056	65	\N	\N
104343	104056	39	\N	\N
104655	104114	65	\N	\N
104661	104116	8	\N	\N
105290	103653	51	\N	\N
105291	103334	18	\N	\N
104667	104118	51	\N	\N
102109	102853	39	\N	\N
105292	103334	65	\N	\N
105293	103334	33	\N	\N
105294	103334	38	\N	\N
105295	103334	51	\N	\N
105296	103334	23	\N	\N
105297	103334	25	water	\N
105301	102643	18	\N	\N
104970	104146	23	\N	\N
104971	104146	25	WATER	\N
101389	102919	39	\N	\N
101390	102919	18	\N	\N
104972	104148	18	\N	\N
104973	104149	2	\N	\N
104974	104149	14	\N	\N
104975	104149	65	\N	\N
104976	104150	2	\N	\N
104977	104150	14	\N	\N
104978	104151	18	\N	\N
104979	104151	51	\N	\N
104980	104152	18	\N	\N
104981	104152	65	\N	\N
104982	104152	39	\N	\N
104984	104152	51	\N	\N
104985	104153	18	\N	\N
104986	104153	65	\N	\N
105004	104157	18	\N	\N
101416	103084	20	spuitnevel	\N
101417	103084	100004	\N	\N
104988	104153	51	\N	\N
104989	104153	52	\N	\N
101420	103251	20	damp	\N
101423	103251	68	\N	\N
101424	103251	38	\N	\N
104992	102594	31	\N	\N
104993	104154	18	\N	\N
101431	103597	18	\N	\N
101432	103597	21	\N	\N
104994	104154	65	\N	\N
104995	104154	39	\N	\N
104996	104154	51	\N	\N
104997	104155	51	\N	\N
101438	103487	18	\N	\N
101439	103487	39	\N	\N
101443	103154	18	\N	\N
101444	103154	65	\N	\N
105051	103744	52	\N	\N
101446	103154	39	\N	\N
101447	103154	51	\N	\N
105052	104119	51	\N	\N
101451	103307	18	\N	\N
101452	103307	23	\N	\N
101453	103307	68	\N	\N
101454	103307	39	\N	\N
105003	104157	8	\N	\N
101458	103803	18	\N	\N
105005	104158	2	\N	\N
101460	103803	51	\N	\N
101461	103803	23	\N	\N
105006	104158	11	\N	\N
105007	104158	62	\N	\N
105008	104158	21	\N	\N
105009	104158	31	\N	\N
105010	104085	8	\N	\N
105011	103273	32	\N	\N
105012	104076	51	\N	\N
105013	104159	18	\N	\N
101479	102764	20	spuitnevel	\N
101483	102764	65	\N	\N
105014	104159	65	\N	\N
105015	104159	39	\N	\N
105016	104159	51	\N	\N
101500	103361	51	\N	\N
105026	104162	21	\N	\N
105027	104162	31	\N	\N
101534	102679	18	\N	\N
105053	104164	18	\N	\N
105028	103951	65	\N	\N
105029	103951	51	\N	\N
105030	103951	52	\N	\N
105054	104164	65	\N	\N
101609	102934	18	\N	\N
105039	104091	51	\N	\N
101625	102633	100004	\N	\N
101626	102633	39	\N	\N
105042	103803	20	spuitnevel	\N
105043	103803	65	\N	\N
101639	103587	18	\N	\N
101645	102594	18	\N	\N
105044	103803	38	\N	\N
105045	104163	18	\N	\N
101650	102596	65	\N	\N
105046	104163	51	\N	\N
105056	104165	18	\N	\N
105057	104165	20	spuitnevel	\N
105058	104165	23	\N	\N
101689	102886	51	\N	\N
105059	104165	68	\N	\N
101704	103587	51	\N	\N
101705	103587	52	\N	\N
101706	103733	18	\N	\N
101707	103733	22	\N	\N
101708	103733	51	\N	\N
105061	104165	51	\N	\N
105064	104073	18	\N	\N
105065	104073	21	\N	\N
100020	102863	18	\N	\N
100023	102863	65	\N	\N
105070	103857	18	\N	\N
105071	102797	2	\N	\N
100024	103744	18	\N	\N
105200	104096	39	\N	\N
100026	103744	65	\N	\N
100027	103744	20	spuitnevel	\N
100028	103744	51	\N	\N
100038	102865	23	\N	\N
100040	102865	18	\N	\N
100041	102865	39	\N	\N
100042	102865	65	\N	\N
102649	103901	65	\N	\N
110205	104475	51	\N	\N
102665	103312	51	\N	\N
105136	104169	18	\N	\N
105137	104169	23	\N	\N
105138	104169	68	\N	\N
105139	104169	39	\N	\N
102687	103236	23	\N	\N
105140	104169	51	\N	\N
105141	104170	51	\N	\N
105367	104191	18	\N	\N
105368	104191	65	\N	\N
105369	104191	39	\N	\N
105370	104192	18	\N	\N
105371	104192	39	\N	\N
105372	104192	51	\N	\N
105373	104193	65	\N	\N
105374	104193	39	\N	\N
105375	104195	65	\N	\N
102857	103268	20	Damp	\N
102858	103268	23	\N	\N
102859	103268	68	\N	\N
102860	103268	38	\N	\N
105376	104195	39	\N	\N
105378	104195	51	\N	\N
105392	104201	21	\N	\N
105393	104201	31	\N	\N
105383	104197	39	\N	\N
105150	104172	31	\N	\N
105151	104172	52	\N	\N
105152	104173	18	\N	\N
105153	104173	31	\N	\N
105154	104173	51	\N	\N
105149	104172	18	\N	\N
105161	103268	50	\N	\N
105162	103268	51	\N	\N
106094	104411	29	\N	\N
106095	104411	51	\N	\N
106096	104411	38	\N	\N
106097	104411	46	\N	\N
106098	104411	18	\N	\N
106099	104411	65	\N	\N
106102	103899	36	bespuiting	\N
106103	104412	26	\N	\N
106104	104413	52	\N	\N
106105	104413	11	\N	\N
106106	104413	18	\N	\N
106107	104413	2	\N	\N
110206	104475	38	\N	\N
110207	104475	46	\N	\N
110208	104475	65	\N	\N
110209	104475	18	\N	\N
110210	104476	65	\N	\N
110211	104476	39	\N	\N
110212	104476	18	\N	\N
110213	104476	20	damp	\N
110214	104476	51	\N	\N
110215	104477	51	\N	\N
110279	104066	51	\N	\N
110280	104513	51	\N	\N
110281	104513	18	\N	\N
110282	104513	50	\N	\N
110283	104514	39	\N	\N
110284	104514	18	\N	\N
110285	104514	100004	\N	\N
110286	104514	110015	\N	\N
110287	104514	51	\N	\N
110288	104518	18	\N	\N
110289	104518	65	\N	\N
110290	104518	39	\N	\N
110291	104518	51	\N	\N
110292	104520	65	\N	\N
110293	104520	39	\N	\N
110294	104520	18	\N	\N
110295	104520	51	\N	\N
110296	104521	18	\N	\N
110297	104521	65	\N	\N
110298	104521	39	\N	\N
110299	104521	51	\N	\N
110300	104525	39	\N	\N
110301	104525	51	\N	\N
110302	104525	18	\N	\N
110303	104526	18	\N	\N
110304	104526	23	\N	\N
110305	104526	33	\N	\N
110306	104526	39	\N	\N
110307	104526	51	\N	\N
110308	104526	50	\N	\N
110309	104536	42	\N	\N
110310	104536	110015	\N	\N
110311	104536	51	\N	\N
110312	102889	110003	\N	\N
110313	102889	110023	\N	\N
110314	102889	110030	\N	\N
110315	102889	110032	\N	\N
110316	102889	110033	\N	\N
110317	102889	110103	\N	\N
110318	102889	110054	\N	\N
110319	102889	110119	\N	\N
110320	102889	110134	verzamelpunt voor gevaarlijk of bijzonder afval	\N
110321	103021	110003	\N	\N
110322	103021	110004	\N	\N
110323	103021	110033	\N	\N
110324	103021	110034	\N	\N
110325	103021	110037	\N	\N
110326	103021	110103	\N	\N
110327	103021	110077	\N	\N
110328	103021	110119	\N	\N
110329	103021	110134	verzamelpunt voor gevaarlijk of bijzonder afval	\N
110330	104145	110134	verzamelpunt voor gevaarlijk of bijzonder afval.	\N
110331	104145	110003	\N	\N
110168	102741	46	\N	\N
110169	102741	8	\N	\N
110170	103361	100004	\N	\N
110171	103361	39	\N	\N
110172	104298	39	\N	\N
110173	104463	18	\N	\N
110174	104463	20	Spuitnevel	\N
110175	104463	65	\N	\N
110176	104463	51	\N	\N
110177	104464	18	\N	\N
110178	104464	65	\N	\N
110179	104464	51	\N	\N
110180	104464	36	bespuiting	\N
110181	104464	38	\N	\N
110182	104465	18	\N	\N
110183	104465	65	\N	\N
110184	104465	39	\N	\N
110185	104467	18	\N	\N
110186	104467	51	\N	\N
110187	104468	18	\N	\N
110188	104468	46	\N	\N
110189	104468	51	\N	\N
110190	104469	51	\N	\N
110191	104469	65	\N	\N
110332	104145	110032	\N	\N
110333	104145	110033	\N	\N
110334	104145	110054	\N	\N
110335	104145	110076	\N	\N
110336	104145	110119	\N	\N
110337	104164	50	\N	\N
110338	104294	50	\N	\N
110339	104546	65	\N	\N
110340	104546	39	\N	\N
110341	104546	51	\N	\N
110342	104546	18	\N	\N
110343	104546	20	spuitnevel	\N
110344	104551	18	\N	\N
110345	104551	110023	\N	\N
110346	104551	31	\N	\N
110347	104551	39	\N	\N
110348	104552	23	\N	\N
110349	103990	36	bespuiting	\N
110350	103260	39	\N	\N
110351	103260	42	\N	\N
110820	104282	110134	\N	\N
110353	102889	110077	\N	\N
110354	103047	110003	\N	\N
110355	103047	110005	\N	\N
110356	103047	110023	\N	\N
110357	103047	110030	\N	\N
110358	103047	110032	\N	\N
110359	103047	110033	\N	\N
110360	103047	110103	\N	\N
110361	103047	110077	\N	\N
110362	103047	110130	\N	\N
110363	103047	110134	inzamelpunt voor gevaarlijk of bijzonder afval	\N
110364	103644	110092	\N	\N
110365	103644	110032	\N	\N
110366	103644	110033	\N	\N
110367	103644	110098	\N	\N
110368	103644	110099	\N	\N
110369	103644	110134	inzamelpunt voor gevaarlijk of bijzonder afval	\N
110370	104095	110077	\N	\N
110371	104218	50	\N	\N
110372	104318	110001	\N	\N
110373	104318	110033	\N	\N
110374	104384	50	\N	\N
110375	104558	65	\N	\N
110376	104558	39	\N	\N
110377	104558	18	\N	\N
110378	104558	50	\N	\N
110379	104558	51	\N	\N
110380	102637	110032	\N	\N
110381	102637	110033	\N	\N
110382	102637	110096	\N	\N
110383	102637	110106	\N	\N
110384	102637	110077	\N	\N
110385	102637	110134	inzamelpunt voor gevaarlijk of bijzonder afval	\N
110386	102992	110103	\N	\N
110387	102992	110023	\N	\N
110388	102992	110032	\N	\N
110389	102992	110033	\N	\N
110390	102992	110130	\N	\N
110391	102992	110134	inzamelpunt voor gevaarlijk of bijzonder afval	\N
110392	102992	110005	\N	\N
110393	102992	110003	\N	\N
110394	104078	110090	\N	\N
110395	104078	110119	\N	\N
110396	104078	110034	\N	\N
110397	104078	110103	\N	\N
110398	104078	110003	\N	\N
110399	104078	110032	\N	\N
110400	104390	50	\N	\N
110401	104123	110091	\N	\N
110402	104123	110032	\N	\N
110403	104123	110134	inzamelpunt voor gevaarlijk of bijzonder afval	\N
110404	104123	110090	\N	\N
110408	104560	110032	\N	\N
110409	104560	110090	\N	\N
110410	104560	110033	\N	\N
110735	102926	110096	\N	\N
110736	102926	110032	\N	\N
110737	102926	110099	\N	\N
110738	102926	110106	\N	\N
110739	102926	110033	\N	\N
110756	102693	39	\N	\N
110757	104617	110029	\N	\N
110758	104618	110032	\N	\N
110759	104618	110090	\N	\N
110760	104616	110001	\N	\N
110761	102703	110032	\N	\N
110762	102703	110090	\N	\N
110763	102703	110134	inzamelpunt voor gevaarlijk of bijzonder afval	\N
110821	104282	110032	\N	\N
110822	104282	110033	\N	\N
110823	104282	110090	\N	\N
110824	104646	51	\N	\N
110825	104646	65	\N	\N
110826	104646	39	\N	\N
110828	104648	110003	\N	\N
110829	104648	110033	\N	\N
110830	104648	110096	\N	\N
110831	104648	110103	\N	\N
110832	104648	110052	\N	\N
110833	104648	110134	inzamelpunt voor gevaarlijk of bijzonder afval	\N
102971	103236	39	\N	\N
102972	103236	68	\N	\N
102973	103236	20	Spuitnevel	\N
102974	103236	51	\N	\N
102975	103236	18	\N	\N
105384	104197	51	\N	\N
105385	104198	8	\N	\N
105386	104198	20	1	\N
105387	104198	65	\N	\N
105388	104198	39	\N	\N
105389	104198	50	\N	\N
105390	104198	51	\N	\N
105391	104199	18	\N	\N
105395	104202	2	\N	\N
105396	104202	12	ontstekingsbronne	\N
105397	104202	20	spuitnevel	\N
105398	104202	21	\N	\N
105399	104202	44	\N	\N
105400	104202	18	\N	\N
105401	104202	100001	\N	\N
105404	104204	18	\N	\N
105405	104204	65	\N	\N
105406	104204	39	\N	\N
105407	104204	51	\N	\N
104671	102848	39	\N	\N
105408	104205	18	\N	\N
105409	104205	39	\N	\N
104674	104120	65	\N	\N
105646	104265	20	spuitnevel	\N
104871	103961	51	\N	\N
104872	103133	51	\N	\N
104873	102670	38	\N	\N
104679	104121	23	\N	\N
104680	104121	33	\N	\N
104681	104075	11	\N	\N
104682	104075	62	\N	\N
104683	104075	2	\N	\N
105410	104205	51	\N	\N
104691	102919	51	\N	\N
104693	103197	51	\N	\N
104694	103524	51	\N	\N
104695	102730	52	\N	\N
104696	103950	18	\N	\N
104697	103950	23	\N	\N
104698	103950	68	\N	\N
104700	103950	51	\N	\N
104701	104082	18	\N	\N
104702	104082	65	\N	\N
104703	104082	39	\N	\N
104704	104082	51	\N	\N
104705	102837	65	\N	\N
104706	102837	39	\N	\N
104707	102837	51	\N	\N
104708	102915	65	\N	\N
104709	102915	39	\N	\N
104710	102915	51	\N	\N
104716	103084	51	\N	\N
104717	103084	52	\N	\N
105673	104270	18	\N	\N
104719	104051	51	\N	\N
104720	102874	51	\N	\N
104727	102883	100004	\N	\N
104728	102883	51	\N	\N
104731	103597	51	\N	\N
104732	103197	65	\N	\N
104733	102919	65	\N	\N
104734	104016	51	\N	\N
104738	102907	51	\N	\N
104746	103847	51	\N	\N
104748	102610	36	binnentoepassing	\N
104749	102610	51	\N	\N
104752	102920	33	\N	\N
104753	102920	51	\N	\N
104754	102920	52	\N	\N
104762	102843	51	\N	\N
104763	103780	51	\N	\N
105415	104207	18	\N	\N
105416	104207	31	\N	\N
105417	104207	39	\N	\N
104771	104125	51	\N	\N
104772	104126	30	\N	\N
104773	104126	31	\N	\N
104774	104126	39	\N	\N
105418	104207	51	\N	\N
104776	104126	51	\N	\N
104778	102596	51	\N	\N
104779	104080	51	\N	\N
104780	102865	51	\N	\N
104781	102605	23	\N	\N
104782	102770	65	\N	\N
104783	102770	32	\N	\N
104784	102770	38	\N	\N
104785	102770	51	\N	\N
104788	103212	23	\N	\N
104789	103212	51	\N	\N
104805	104128	65	\N	\N
104806	104128	51	\N	\N
104807	104129	18	\N	\N
104808	104129	39	\N	\N
104810	104129	51	\N	\N
105424	104208	18	\N	\N
104815	104130	18	\N	\N
105484	104224	18	\N	\N
104818	104130	65	\N	\N
104826	104065	51	\N	\N
104829	103952	51	\N	\N
104830	103952	18	\N	\N
104831	103952	39	\N	\N
105426	104208	51	\N	\N
104833	103989	38	\N	\N
104834	103989	46	\N	\N
104835	103989	51	\N	\N
104843	102633	51	\N	\N
104844	103251	51	\N	\N
104846	102764	51	\N	\N
104849	102930	51	\N	\N
104850	103307	51	\N	\N
105647	104265	65	\N	\N
105648	104265	39	\N	\N
104853	104121	18	\N	\N
104854	104121	39	\N	\N
104855	104121	65	\N	\N
105427	104209	18	\N	\N
104857	104133	65	\N	\N
104858	104133	36	bespuiting	\N
104859	104133	38	\N	\N
104860	102679	51	\N	\N
104861	104131	51	\N	\N
104863	103251	50	\N	\N
105428	104209	51	\N	\N
105429	103156	36	bespuiting	\N
104870	102679	36	bespuiting	\N
104875	104116	20	1	\N
104876	104116	65	\N	\N
104877	104116	39	\N	\N
104878	104116	50	\N	\N
104879	104116	51	\N	\N
104880	104054	29	\N	\N
104881	104053	23	\N	\N
104882	104053	66	\N	\N
104883	104055	29	\N	\N
104884	104055	65	\N	\N
104885	104055	38	\N	\N
104886	104055	51	\N	\N
104890	104083	51	\N	\N
104891	104044	31	\N	\N
105438	104044	51	\N	\N
105441	104211	18	\N	\N
105442	104211	65	\N	\N
105443	104211	51	\N	\N
105452	104214	65	\N	\N
105453	104214	39	\N	\N
105454	104214	51	\N	\N
105455	104031	39	\N	\N
105456	104164	39	\N	\N
105649	104265	51	\N	\N
105472	104220	29	\N	\N
105473	104220	20	spuitnevel	\N
105474	104220	65	\N	\N
105475	104220	48	\N	\N
105466	104217	18	\N	\N
105467	104217	51	\N	\N
105468	104218	18	\N	\N
105469	104218	39	\N	\N
105470	104218	51	\N	\N
105476	104220	52	\N	\N
105477	104221	65	\N	\N
105478	104221	18	\N	\N
105479	104221	51	\N	\N
105480	103739	21	\N	\N
105481	104130	51	\N	\N
105482	104222	51	\N	\N
105483	104223	18	\N	\N
105485	104224	65	\N	\N
105486	104224	39	\N	\N
105487	104225	2	\N	\N
105488	104225	18	\N	\N
105489	104225	14	\N	\N
105490	104225	20	SPUITNEVEL	\N
105491	104225	21	\N	\N
105496	104227	18	\N	\N
105656	104254	25	water	\N
105672	104270	15	\N	\N
105674	104270	65	\N	\N
105675	104270	39	\N	\N
105676	104270	51	\N	\N
105677	104271	18	\N	\N
105678	104271	68	\N	\N
105679	104271	31	\N	\N
105680	104271	51	\N	\N
105715	104280	18	\N	\N
105716	104280	36	MENGING EN HET LADEN VAN HET MIDDEL	\N
105717	104280	39	\N	\N
105718	104280	50	\N	\N
105727	104283	51	\N	\N
105732	104286	18	\N	\N
105733	104286	65	\N	\N
105734	104286	51	\N	\N
105741	104288	18	\N	\N
105742	104288	23	\N	\N
105743	104288	65	\N	\N
105744	104288	36	bespuiting	\N
105745	104288	39	\N	\N
105746	104288	51	\N	\N
105747	104289	18	\N	\N
105748	104289	65	\N	\N
105749	104289	39	\N	\N
105750	104289	51	\N	\N
105751	104290	18	\N	\N
105752	104290	23	\N	\N
105753	104290	66	\N	\N
105754	104290	31	\N	\N
105755	104290	39	\N	\N
105756	104290	51	\N	\N
105757	104291	20	STOF EN SPUITNEVEL	\N
105758	104291	65	\N	\N
105759	104291	38	\N	\N
105760	104291	51	\N	\N
105761	104291	32	\N	\N
105762	104292	65	\N	\N
105773	104295	65	\N	\N
105774	104295	46	\N	\N
105775	104238	38	\N	\N
105776	104238	51	\N	\N
105767	104294	51	\N	\N
105768	104294	18	\N	\N
105769	102949	51	\N	\N
105770	104163	23	\N	\N
105771	104163	33	\N	\N
105772	104295	18	\N	\N
105777	104238	36	vullen en stapelen van zakken met behandeld zaaizaad	\N
105778	104297	65	\N	\N
105779	104297	36	bespuiting	\N
105780	104297	38	\N	\N
105781	104298	18	\N	\N
105782	104298	23	\N	\N
105783	104298	33	\N	\N
105784	104298	51	\N	\N
105786	104299	18	\N	\N
105787	104299	31	\N	\N
105788	104299	51	\N	\N
105789	104300	51	\N	\N
105792	102796	20	spuitnevel	\N
105793	102796	33	\N	\N
105794	102796	23	\N	\N
103276	102917	18	\N	\N
103277	102917	65	\N	\N
103278	102917	51	\N	\N
104956	103616	18	\N	\N
104957	103616	65	\N	\N
104958	103616	36	bespuiting	\N
104959	103616	38	\N	\N
104607	104085	51	\N	\N
104608	104085	65	\N	\N
104610	104104	65	\N	\N
104611	104104	51	\N	\N
104960	103616	51	\N	\N
104961	103982	21	\N	\N
104964	104146	2	\N	\N
104965	104146	11	\N	\N
104624	104108	51	\N	\N
104625	104108	18	\N	\N
104626	104108	50	\N	\N
104627	104108	65	\N	\N
104628	104109	18	\N	\N
104632	104109	23	\N	\N
104966	104146	62	\N	\N
104967	104146	20	SPUITNEVEL	\N
104182	104031	65	\N	\N
104183	104031	51	\N	\N
104190	104033	18	\N	\N
104192	104033	65	\N	\N
104968	104146	68	\N	\N
104969	104146	38	\N	\N
105823	104217	46	\N	\N
105824	104023	46	\N	\N
105825	104023	42	\N	\N
105826	104312	51	\N	\N
105827	104312	65	\N	\N
105828	104313	18	\N	\N
105829	104313	51	\N	\N
105830	104313	39	\N	\N
105832	104317	38	\N	\N
105833	104317	18	\N	\N
105834	104317	20	spuitnevel	\N
105836	104317	65	\N	\N
105837	104317	15	\N	\N
105841	104320	18	\N	\N
105842	104320	51	\N	\N
105843	103899	65	\N	\N
105844	103899	39	\N	\N
105845	103899	51	\N	\N
105846	104321	18	\N	\N
105847	104321	51	\N	\N
105848	104321	39	\N	\N
105849	104321	65	\N	\N
105850	104322	18	\N	\N
105851	104322	51	\N	\N
105852	104322	68	\N	\N
105853	104322	23	\N	\N
105854	104323	65	\N	\N
105966	104376	18	\N	\N
105862	104325	65	\N	\N
105863	104325	39	\N	\N
105864	104325	51	\N	\N
105880	104350	18	\N	\N
105881	104350	23	\N	\N
105882	104349	51	\N	\N
105883	104350	39	\N	\N
105884	104350	68	\N	\N
105885	104269	18	\N	\N
105886	104114	51	\N	\N
105887	104351	2	\N	\N
105888	104351	14	\N	\N
105889	104351	18	\N	\N
105890	104351	20	SPUITNEVEL	\N
105891	104351	21	\N	\N
105892	104353	51	\N	\N
105893	104355	18	\N	\N
105894	104354	18	\N	\N
105895	104354	39	\N	\N
105896	104354	51	\N	\N
105897	104353	65	\N	\N
105898	104351	26	\N	\N
105913	104121	51	\N	\N
105914	104360	51	\N	\N
105915	104360	39	\N	\N
105916	104360	65	\N	\N
105917	104362	68	\N	\N
105918	104362	51	\N	\N
105919	104362	38	\N	\N
105920	104363	23	\N	\N
105921	104363	26	\N	\N
105922	104363	39	\N	\N
105923	104364	39	\N	\N
105924	104364	21	\N	\N
105925	104364	23	\N	\N
105926	104364	31	\N	\N
105927	104364	2	\N	\N
105928	104362	25	water	\N
105929	102764	18	\N	\N
105933	102633	8	\N	\N
105934	104367	18	\N	\N
105935	104367	31	\N	\N
105936	104367	51	\N	\N
105937	104367	46	\N	\N
105938	104367	39	\N	\N
105939	104368	51	\N	\N
105940	104369	18	\N	\N
105941	104369	23	\N	\N
105942	104369	51	\N	\N
105943	104369	39	\N	\N
105944	104369	68	\N	\N
105945	104370	18	\N	\N
105946	104370	51	\N	\N
105947	104370	39	\N	\N
105948	104370	65	\N	\N
105949	104371	18	\N	\N
105950	104372	65	\N	\N
105951	104372	39	\N	\N
105952	104372	51	\N	\N
105955	104373	51	\N	\N
105956	104373	20	spuitnevel	\N
105957	104373	65	\N	\N
105958	104373	39	\N	\N
105960	104373	18	\N	\N
105961	104374	46	\N	\N
105962	104374	51	\N	\N
105963	104374	18	\N	\N
105965	104296	51	\N	\N
105967	104376	65	\N	\N
105968	104376	51	\N	\N
105969	104377	51	\N	\N
105970	104377	20	spuitnevel	\N
105971	104377	65	\N	\N
105972	104377	39	\N	\N
105973	104377	18	\N	\N
105975	104378	2	\N	\N
105976	104378	11	\N	\N
105977	104378	18	\N	\N
105978	104378	39	\N	\N
105979	104379	23	\N	\N
105980	104379	26	\N	\N
105981	104379	39	\N	\N
105982	104383	18	\N	\N
105983	104383	65	\N	\N
105984	104383	39	\N	\N
105985	104383	51	\N	\N
105986	104381	51	\N	\N
105987	104382	51	\N	\N
105988	104381	18	\N	\N
105989	104381	65	\N	\N
105990	104381	39	\N	\N
105991	104382	18	\N	\N
105992	104384	18	\N	\N
105993	104384	65	\N	\N
105994	104384	39	\N	\N
105995	104384	51	\N	\N
105996	104385	18	\N	\N
105997	104386	51	\N	\N
105998	104385	39	\N	\N
105999	104385	51	\N	\N
106000	104386	18	\N	\N
106001	104386	65	\N	\N
106002	104386	39	\N	\N
106003	104385	65	\N	\N
106011	104390	18	\N	\N
106012	104390	51	\N	\N
106013	104390	39	\N	\N
106014	104391	51	\N	\N
106015	104391	65	\N	\N
106016	104394	18	\N	\N
106017	104394	51	\N	\N
106018	104392	50	\N	\N
106019	104393	51	\N	\N
106020	104393	18	\N	\N
106026	104397	51	\N	\N
106022	104392	51	\N	\N
106023	104395	51	\N	\N
106024	104395	18	\N	\N
106025	104397	18	\N	\N
106027	104396	51	\N	\N
106028	104396	39	\N	\N
106029	104396	18	\N	\N
106030	104398	18	\N	\N
106031	104400	52	\N	\N
106032	104398	39	\N	\N
106033	104398	51	\N	\N
106034	104399	18	\N	\N
106035	104399	65	\N	\N
106036	104399	39	\N	\N
106037	104399	51	\N	\N
106038	104402	18	\N	\N
106039	104402	20	gas/rook/damp/spuitnevel	\N
106040	104402	51	\N	\N
106041	104401	18	\N	\N
106042	104401	20	gas/rook/damp?spuitnevel	\N
106043	104401	51	\N	\N
106044	104400	18	\N	\N
106045	104400	20	gas/rook/damp/spuitnevel	\N
106046	104400	51	\N	\N
106047	104400	23	\N	\N
106048	104400	33	\N	\N
106049	104398	65	\N	\N
106050	104131	65	\N	\N
106051	104131	39	\N	\N
106052	104131	8	\N	\N
106053	104403	54	\N	\N
106054	104403	12	brandbare materialen,zuren,reducerende stoffen&metaalzouten	\N
106055	104403	20	Spuitnevel	\N
106056	104403	23	\N	\N
106057	104403	25	water	\N
106058	104403	68	\N	\N
106059	104403	36	bespuiting	\N
106060	104403	38	\N	\N
106061	104404	18	\N	\N
106062	104404	51	\N	\N
106063	104404	65	\N	\N
106064	104324	11	\N	\N
106068	104324	2	\N	\N
106075	104406	11	\N	\N
106076	104406	46	\N	\N
106077	104406	51	\N	\N
106078	104406	18	\N	\N
106079	104406	65	\N	\N
106080	104168	32	\N	\N
106081	104410	18	\N	\N
106082	104410	65	\N	\N
106083	104410	39	\N	\N
106084	104410	42	\N	\N
106085	104410	51	\N	\N
106086	104408	2	\N	\N
106087	104409	51	\N	\N
106088	104408	39	\N	\N
106089	104408	51	\N	\N
106090	104409	2	\N	\N
106091	104409	18	\N	\N
106092	104409	39	\N	\N
106093	104408	18	\N	\N
105831	104315	65	\N	\N
105838	104319	18	\N	\N
105839	104319	51	\N	\N
105840	104319	39	\N	\N
105899	104356	65	\N	\N
105900	104356	51	\N	\N
105901	104356	2	\N	\N
105902	104356	11	\N	\N
105903	104356	62	\N	\N
105904	104357	18	\N	\N
105905	104357	51	\N	\N
105906	104357	65	\N	\N
105907	104358	100004	\N	\N
105908	104358	39	\N	\N
105909	104358	18	\N	\N
105910	104359	18	\N	\N
105911	104359	51	\N	\N
105912	104359	39	\N	\N
105930	104366	65	\N	\N
105931	104366	51	\N	\N
105932	102764	39	\N	\N
105964	104375	51	\N	\N
105974	104085	39	\N	\N
106004	104388	18	\N	\N
106005	104389	51	\N	\N
106006	104388	51	\N	\N
106007	104389	65	\N	\N
106008	104389	39	\N	\N
106009	104387	51	\N	\N
106010	104388	50	\N	\N
103578	103916	2	\N	\N
103579	103916	11	\N	\N
103580	103916	62	\N	\N
103581	103916	20	spuitnevel	\N
103583	103916	63	\N	\N
103640	103940	2	\N	\N
103641	103940	11	\N	\N
103642	103940	62	\N	\N
103678	103951	18	\N	\N
103679	103951	20	spuitnevel	\N
103680	103951	23	\N	\N
103688	103952	20	rook	\N
103690	103952	23	\N	\N
103712	103958	65	\N	\N
103713	103958	51	\N	\N
103717	103959	51	\N	\N
103722	103961	18	\N	\N
103723	103961	65	\N	\N
103766	102935	23	\N	\N
103769	103916	38	\N	\N
103801	103979	51	\N	\N
103802	103979	65	\N	\N
103852	103989	18	\N	\N
103853	103989	65	\N	\N
103869	103990	54	\N	\N
103870	103990	12	brandbare materialen, zuren, reducerende stoffen, metaalzout	\N
103871	103990	20	spuitnevel	\N
103874	103990	68	\N	\N
103876	103990	38	\N	\N
103900	103998	18	\N	\N
103904	103998	51	\N	\N
103975	102679	65	\N	\N
103978	104011	51	\N	\N
103990	103142	20	spuitnevel	\N
103991	102737	51	\N	\N
104044	104013	18	\N	\N
104045	104013	51	\N	\N
104080	104016	22	\N	\N
104081	104016	65	\N	\N
104101	104019	51	\N	\N
104111	102678	65	\N	\N
104127	102670	36	bespuiting	\N
104128	102670	51	\N	\N
104130	104023	39	\N	\N
104131	104023	51	\N	\N
104169	102901	23	\N	\N
104170	102901	65	\N	\N
104171	102901	38	\N	\N
104179	104031	18	\N	\N
104258	102801	23	\N	\N
104283	104044	18	\N	\N
104289	104046	65	\N	\N
104290	104046	51	\N	\N
104293	104047	20	spuitnevel	\N
104298	104047	51	\N	\N
104308	104050	18	\N	\N
104309	104050	39	\N	\N
104310	104050	51	\N	\N
104311	104050	65	\N	\N
104893	104136	18	\N	\N
104894	104136	65	\N	\N
104315	104051	23	\N	\N
104895	104136	39	\N	\N
104896	104136	51	\N	\N
104897	104137	23	\N	\N
104898	104137	25	water	\N
104324	104054	2	\N	\N
104325	104054	11	\N	\N
104326	104054	62	\N	\N
104327	104054	22	\N	\N
104328	104054	23	\N	\N
104329	104054	33	\N	\N
104899	104137	67	\N	\N
104900	104138	18	\N	\N
104901	104135	51	\N	\N
104904	103362	2	\N	\N
104932	104144	39	\N	\N
104933	104144	51	\N	\N
104934	102695	51	\N	\N
104344	104057	18	\N	\N
104347	104057	65	\N	\N
104348	104057	51	\N	\N
104483	102579	8	\N	\N
104368	104051	65	\N	\N
104375	104064	18	\N	\N
104376	104064	39	\N	\N
104377	104064	51	\N	\N
104378	104064	65	\N	\N
104498	104080	23	\N	\N
104499	104080	18	\N	\N
104919	104141	18	\N	\N
104920	104141	65	\N	\N
104921	104056	51	\N	\N
104387	104066	18	\N	\N
104399	103744	23	\N	\N
104400	102846	18	\N	\N
104401	102846	51	\N	\N
104924	103770	39	\N	\N
104423	104068	65	\N	\N
104430	104070	14	\N	\N
104431	104070	20	spuitnevel	\N
104432	104070	21	\N	\N
104439	104072	14	\N	\N
104440	104072	2	\N	\N
104441	104074	18	\N	\N
104442	104074	21	\N	\N
104443	104074	51	\N	\N
104449	104076	65	\N	\N
104450	104076	39	\N	\N
104460	102670	65	\N	\N
104469	102678	51	\N	\N
104470	102678	36	bespuiting	\N
104475	103623	65	\N	\N
104478	102683	36	bespuiting	\N
104502	102843	31	\N	\N
104481	102892	65	\N	\N
104482	102892	39	\N	\N
104484	102579	65	\N	\N
104485	102579	36	bespuiting	\N
104486	102579	39	\N	\N
104487	102579	51	\N	\N
104500	104080	39	\N	\N
104501	104080	65	\N	\N
104931	104144	65	\N	\N
104504	104051	33	\N	\N
104942	104057	39	\N	\N
104516	104083	18	\N	\N
104518	104083	39	\N	\N
104526	104086	2	\N	\N
104528	104086	18	\N	\N
104529	104086	20	spuitnevel	\N
104548	104091	18	\N	\N
104549	104091	65	\N	\N
104560	104095	18	\N	\N
104561	104095	65	\N	\N
104562	104095	39	\N	\N
104947	102949	65	\N	\N
104948	102949	39	\N	\N
105336	102906	18	\N	\N
105338	103260	23	\N	\N
105339	103260	51	\N	\N
105340	104033	51	\N	\N
102176	102921	1	\N	\N
102177	102921	11	\N	\N
102178	102921	18	\N	\N
102179	102921	20	spuitnevel	\N
102180	102921	65	\N	\N
102181	102921	33	\N	\N
102182	102909	18	\N	\N
102183	102909	23	\N	\N
102184	102909	68	\N	\N
102185	102909	36	bespuiting	\N
102186	102909	51	\N	\N
102191	102935	65	\N	\N
105342	104120	51	\N	\N
105343	102906	65	\N	\N
102204	102904	38	\N	\N
102215	103072	39	\N	\N
102216	103072	51	\N	\N
102220	102600	11	\N	\N
102221	102600	62	\N	\N
105345	104130	39	\N	\N
105350	104185	18	\N	\N
105351	104185	100004	\N	\N
105352	104185	51	\N	\N
102239	102796	51	\N	\N
102240	102796	100004	\N	\N
105307	103687	18	\N	\N
105308	103687	65	\N	\N
102249	102906	39	\N	\N
102251	102906	51	\N	\N
105314	103756	18	\N	\N
105315	103756	65	\N	\N
105316	103756	39	\N	\N
102273	102848	18	\N	\N
102275	102848	36	ontsmetting	\N
102288	103589	39	\N	\N
102289	103589	51	\N	\N
102295	102604	2	\N	\N
102297	102604	18	\N	\N
102300	102604	33	\N	\N
105322	103988	51	\N	\N
105323	103988	52	\N	\N
102326	102600	2	\N	\N
102333	103837	62	\N	\N
102336	103721	2	\N	\N
102337	103721	11	\N	\N
105326	104111	51	\N	\N
102339	103721	39	\N	\N
105358	104187	51	\N	\N
102373	103837	2	\N	\N
102374	103837	11	\N	\N
102401	102872	65	\N	\N
102402	102872	51	\N	\N
105359	104188	18	\N	\N
105360	104188	23	\N	\N
105361	104188	68	\N	\N
105362	104188	38	\N	\N
105363	104188	51	\N	\N
105364	104164	51	\N	\N
102439	102905	18	\N	\N
102440	102905	50	\N	\N
102441	102905	51	\N	\N
102442	102835	51	\N	\N
105074	102921	39	\N	\N
105075	102921	44	\N	\N
102459	102736	51	\N	\N
105076	104070	26	\N	\N
105077	104070	44	\N	\N
105078	104070	52	\N	\N
105079	104072	20	spuiteneve;	\N
105080	104072	21	\N	\N
105081	104072	44	\N	\N
102466	103273	20	spuitnevel	\N
102467	103273	31	\N	\N
102468	103273	51	\N	\N
102469	103273	52	\N	\N
105082	104086	21	\N	\N
105083	104086	26	\N	\N
105084	103312	52	\N	\N
105085	102801	51	\N	\N
105086	102820	26	\N	\N
105091	104166	18	\N	\N
105092	104166	19	\N	\N
105093	104166	65	\N	\N
105094	104166	39	\N	\N
105099	102610	52	\N	\N
102498	103784	18	\N	\N
105100	104168	19	\N	\N
105101	104168	31	\N	\N
105102	104168	38	\N	\N
105103	104168	51	\N	\N
102504	102693	51	\N	\N
102506	102693	65	\N	\N
102571	103770	18	\N	\N
102572	103770	23	\N	\N
102589	103312	20	spuitnevel	\N
102590	103312	65	\N	\N
102591	103156	23	\N	\N
102592	103156	65	\N	\N
102593	103156	38	\N	\N
102594	103156	51	\N	\N
102600	103155	18	\N	\N
102601	103155	65	\N	\N
102602	103155	36	ontsmetting	\N
102603	103155	39	\N	\N
102604	103155	51	\N	\N
102615	103133	18	\N	\N
102616	103133	65	\N	\N
102617	103133	36	bespuiting	\N
102619	103133	38	\N	\N
102620	102695	18	\N	\N
102621	102695	65	\N	\N
102622	102695	31	\N	\N
\.


--
-- Data for Name: FytoStandaardverpakkingen; Type: TABLE DATA; Schema: public; Owner: -
--

COPY "FytoStandaardverpakkingen" ("SdgId", "DnrId", "Code", "Omschr", "Vervaldatum", "Type") FROM stdin;
101480	3	4082	umverpackung s (kds 1 kg))	\N	\N
101481	3	4083	5 kg papieren zak wit	\N	\N
101482	3	4084	umverpackung s	\N	\N
101483	3	4085	umverpackung s	2013-02-01	\N
101693	3	4108	Omdoos voor 12 x 1 liter	\N	\N
101570	3	4095	220 liter vat	\N	\N
100997	3	4052	0.5 liter PET fles	\N	\N
100998	3	4053	0.5 kg kartonnen doos + kunststof binnenzak	2013-02-01	\N
100999	3	4054	5 kg papieren zak + kunststof binnenzak	2013-02-01	\N
101922	3	6002	Kiste, Wellpappe UN 24 x 0.25 liter	\N	\N
101924	3	5008	Kanister, HDPE 0,25 liter	\N	\N
100994	3	4049	1 kg papieren zak + kunststof binnenzak	2013-02-01	\N
100995	3	4050	1 liter PET fles	2013-02-01	\N
101915	3	5007	Kanister Coex (PE/PA), 5 liter, geel	\N	\N
101935	3	4120	Doos voor 12 x 1 kg	1999-09-09	\N
101936	3	4121	Emmer 1,6 liter (1 kg)	1999-09-09	\N
101703	3	5000	Kanister HDPE, 5 liter, geel (UN)	\N	\N
101704	3	6000	Kiste, Wellpappe (UN) (2 x 10 liter)	\N	\N
101705	3	4112	Doosje voor Enzicur	\N	\N
101706	3	4111	Zakje voor Enzicur (300 gr)	\N	\N
101707	3	4110	Doos met kanister en zakjes	\N	\N
101708	3	4113	Emmer 16 liter	\N	\N
101718	3	4117	1 liter kanister PE wit, fluor	\N	\N
101719	3	4119	Kanister 5 lietr (PE) UN natur	\N	\N
101720	3	4118	Omdoos voor 10 x 0,8 kg	\N	\N
101709	3	4114	25 kg zak van papier met PE binnenzak	\N	\N
101710	3	4115	Emmer 4 liter	\N	\N
101711	3	4116	Doos voor 4 emmers (4  liter)	\N	\N
101712	3	5001	Kanister, Coex (PE/PA)  5 liter, natur	\N	\N
101730	3	5006	Kanister (PE/PA) 1 liter, natur	\N	\N
101716	3	6001	Kiste PA (UN) (4 x 5 liter)	\N	\N
101715	3	5002	Kanister HDPE, 10 liter, geel (UN)	\N	\N
101722	3	5003	Kanister HDPE 1 liter, geel	\N	\N
101726	3	5004	Kanister Coex (PE/PA) 1 liter, natur	2013-01-01	\N
101729	3	5005	Kanister PEPA 10 liter, natur (UN)	\N	\N
101464	3	4069	wateroplosbare folie voor 1 kg	2013-02-01	\N
101465	3	4070	wateroplosbare folie voor 5 kg	2013-02-01	\N
101702	3	4109	Big bag	\N	\N
101691	3	4107	Omdoos voor 48 x 0,1 liter	\N	\N
101487	3	4086	foliezak	\N	\N
101493	3	4087	omdoos voor 6 x 1 kg	\N	\N
101494	3	4088	10 kg papieren zak	\N	\N
101499	3	4089	0,5 liter kanister	2013-02-01	\N
101500	3	4090	Omdoos voor 24 x 0,5 liter kanisters	\N	\N
101513	3	4091	1 kg vouwdoos met aluminium zak	2013-01-01	\N
101514	3	4092	doos voor 10 x 1 kg (golfkarton)	\N	\N
101517	3	4093	Emmer (0,8 kg)  PP	2013-02-01	\N
101518	3	4094	Omdoos voor 10 emmers van 0,8 kg	2013-02-01	\N
101602	3	4096	15 kg Ventilbodensack p	2013-01-01	\N
101603	3	4097	Kanister 2,2 liter (PE)	\N	\N
101604	3	7098	Omdoos voor 10 x 1 kg	\N	\N
101607	3	4098	Omdoos voor 2 x 5 kg	2013-02-01	\N
101648	3	4099	Omdoos voor 20 x 0,1 liter	2013-01-01	\N
101649	3	4100	0,1 liter kanister	\N	\N
101685	3	4101	Omdoos voor 10 x 4 x 30 gram	\N	\N
101686	3	4102	Kanister 1 liter	\N	\N
101687	3	4103	Emmer 10 kg	\N	\N
101688	3	4104	Doos voor 20 kg	\N	\N
101689	3	4105	Kanister met twee openingen	\N	\N
101690	3	4106	220 liter vat	\N	\N
101470	3	4072	1-Liter-flasche PE Gelb p	\N	\N
101471	3	4073	5-liter-kanister PE/HD	\N	\N
101472	3	4074	umverpackung	\N	\N
101473	3	4075	umverpackung	\N	\N
101474	3	4076	1 Liter kanister PE/PA wit	2013-02-01	\N
101475	3	4077	umverpackung s	\N	\N
101476	3	4078	umverpackung  (10 liter kanister)	\N	\N
101477	3	4079	1-liter-flasche  pe/pa natur	\N	\N
101478	3	4080	5-liter-flasche  pe/pa natur	\N	\N
101479	3	4081	1 kg papieren zak wit	\N	\N
100252	3	4001	0,5 -Liter-Flasche PE p	2013-02-01	\N
100445	3	4037	monam vat Mauser L-ring vat	2013-02-01	\N
100446	3	4038	tankauto (voor bulkproducten)	2013-02-01	\N
100447	3	4002	1-Liter-flasche PE Gelb p	\N	\N
100448	3	4003	1-liter-flasche coex - pe/pa p	\N	\N
100449	3	4004	5-liter-kanister pe p	2013-02-01	\N
100450	3	4005	5-liter-kanister coex - pe/pa p	\N	\N
100451	3	4006	10-liter-kanister pe-gelb p	\N	\N
100452	3	4007	10-liter-kanister coex-natur p	2013-02-01	\N
100453	3	4008	504 ampullen flachsack p	2013-01-01	\N
100454	3	4009	252 ampullen flachsack p	\N	\N
100455	3	4010	1 kg klappdeckelschachtel p	\N	\N
100456	3	4011	1 kg klappdeckelschachtel p	2013-01-01	\N
100457	3	4012	1 kg klappdeckelschachtel p	2013-01-01	\N
100458	3	4013	1 kg klappdeckelschachtel p	2013-01-01	\N
100459	3	4014	5 kg klappdeckelschachtel p	\N	\N
100460	3	4015	5 kg klappdeckelschachtel p	\N	\N
100461	3	4016	1 kg papierblockbodenbeutel p	2013-01-01	\N
100462	3	4017	1 kg papierblockbodenbeutel p	2013-02-01	\N
100463	3	4018	1 kg papierblockbodenbeutel p	2013-01-01	\N
100464	3	4019	1 kg papierblockbodenbeutel p	2013-01-01	\N
100465	3	4020	5 kg papierblockbodenbeutel p	\N	\N
100466	3	4021	5 kg papierblockbodenbeutel p	2013-01-01	\N
100467	3	4022	5 kg papierblockbodenbeutel p	2013-01-01	\N
100468	3	4023	5 kg papierblockbodenbeutel p	2013-01-01	\N
100469	3	4024	10 kg Ventilbodensack p	\N	\N
100470	3	4025	20 kg ventilbodensack p	2013-02-01	\N
100471	3	4026	1 kg klappdeckelschachtel p	\N	\N
100472	3	4027	umverpackung s	\N	\N
100473	3	4028	palette + wickelfolie t	2013-02-01	\N
100474	3	4029	umverpackung s	\N	\N
100475	3	4030	umverpackung s	2013-02-01	\N
100476	3	4031	umverpackung s	2013-02-01	\N
100477	3	4032	umverpackung s	2013-02-01	\N
100478	3	4033	umverpackung s (kds 1 kg))	\N	\N
100479	3	4034	umverpackung s (kds 5 kg)	\N	\N
100480	3	4035	umverpackung s (ampullen)	2013-02-01	\N
100481	3	4036	umverpackung s (0,5 ltr fl)	2013-02-01	\N
101469	3	4071	10 kg papieren zak	2013-02-01	\N
101310	3	4055	0.5 kg klappdeckelschachtel p	2013-02-01	\N
101311	3	4056	umverpackung s (kds 1 kg))	2013-01-01	\N
101315	3	4057	Nematrap vat	2013-01-01	\N
101377	3	4058	5 liter kanister coex pe/pa p	2013-02-01	\N
101378	3	4059	1 liter flasch coex - pe/pa p	\N	\N
101379	3	4060	5 liter kanister coex - pe/pa p	2013-02-01	\N
101380	3	4061	1 kg klappdeckelschachtel p	2013-02-01	\N
101381	3	4062	1 kg klappdeckelschachtel p	\N	\N
101382	3	4063	200 liter vat	\N	\N
101383	3	4064	3 gram zakjes	2013-02-01	\N
101385	3	4065	PE emmer (3 kg)	\N	\N
101386	3	4066	PE emmer (1 kg)	2013-01-01	\N
101389	3	4067	1 kg papieren zak	\N	\N
101442	3	4068	tube	\N	\N
100925	3	4039	15 kg Ventilbodensack p	\N	\N
100985	3	4040	10 kg papieren zak + alum. coating	\N	\N
100986	3	4041	0.5 ltr kunststof can	2013-02-01	\N
100987	3	4042	1 liter kunststof emmer	2013-02-01	\N
100988	3	4043	10 kg kartonnen doos	2013-02-01	\N
100989	3	4044	5 liter kunststof can	2013-02-01	\N
100990	3	4045	25 kg papieren zak + kunststof binnenzak	2013-02-01	\N
100991	3	4046	5 kg papieren zak + kunststof binnenzak	2013-02-01	\N
100992	3	4047	5 liter kunststof can fluor	\N	\N
100993	3	4048	205 liter metalen vat	2013-02-01	\N
100996	3	4051	5 liter kunststof can fluor	2013-02-01	\N
100253	4	1	Fles 1 lt	\N	\N
100267	4	2	Fles 5 lt	\N	\N
100268	4	3	Zak 5 kg	2013-02-01	\N
100269	4	4	Drum 200 lt	2013-02-01	\N
100735	4	5	Doos 10 x 1 l fles, Kings Lynn	2013-02-01	\N
100736	4	6	Doos 10 x 1 l fles, Druesenheim	2013-02-01	\N
100737	4	7	Doos 4 x 5 l. fles	2013-02-01	\N
100738	4	8	Doos 4 x 5 kg zak	2013-02-01	\N
101286	4	10	Zak 10 kg PE	\N	\N
101287	4	11	Container 10 ltr HDPE	2013-02-01	\N
101288	4	12	Zak 1 kg PE	\N	\N
101289	4	13	Zak 5 kg PE	\N	\N
101016	4	9	Fles 0.5 lt	\N	\N
101698	4	16	Fles 1 KG HDPE	\N	\N
101486	4	14	Fles 20 ltr HDPE	\N	\N
101647	4	15	Gasfles 56.7 kg	\N	\N
101586	5	131	Can 5 lt COEX transparant	\N	\N
101587	5	132	Fles 1 lt COEX transparant	2013-02-01	\N
101588	5	133	Can 10 lt COEX transparant	\N	\N
101589	5	134	Fles 1000 ml	2013-02-01	\N
101590	5	136	Vat 200 lt blauw	\N	\N
101591	5	137	Can 20 lt wit	\N	\N
101592	5	144	Blokbz 470x310x350 mm	2013-02-01	\N
101593	5	138	zak 530x780x150 mm wit	2013-02-01	\N
101594	5	139	Zak 400x480x100 mm wit	\N	\N
101595	5	140	Zak 530x830x150mm wit	2013-02-01	\N
101596	5	141	Zak 500x680x130 mm wit	\N	\N
101597	5	135	Bus blik gecoat 10 lt	2013-02-01	\N
101598	5	143	Bus blik gecoat 5 lt	\N	\N
101599	5	145	Spuitbus	2013-02-01	\N
101745	5	168	jerrycan HDPE 5 liter	\N	\N
101446	5	114	Palletverpakking 36x 10 kg	2013-02-01	\N
101447	5	115	palletverpakking 40x 10 kg	2013-02-01	\N
101448	5	116	palletverpakking 50 x 12 x liter	\N	\N
100912	5	93	Palletverpakking 60x 10x 1 ltr	2013-01-01	\N
100913	5	94	Palletverpakking 30x 4x 5 ltr	\N	\N
100914	5	95	Palletverpakking 70x 10x 0,5 kg	2013-02-01	\N
100917	5	25	Fles, 800 g Plastic	2013-02-01	\N
100919	5	27	Doos, 2,5 kg	2013-02-01	\N
100920	5	28	Emmer, 10 kg	2013-02-01	\N
100921	5	96	Palletverpakking 40x 10x 800 g	2013-02-01	\N
100922	5	97	Palletverpakking 30x 4x 3 kg	2013-02-01	\N
100923	5	98	Palletverpakking 30x 4x 2,5 kg	2013-02-01	\N
100924	5	99	Palletverpakking 45x 10 kg	2013-01-01	\N
100958	5	100	Palletverpakking 24x 4x 5 ltr	2013-02-01	\N
100962	5	29	Fles, 200 ml, PET	2013-02-01	\N
100963	5	55	Overdoos 10x  200ml	2013-02-01	\N
100964	5	101	Palletverpakking 120x 10x 200 ml	2013-02-01	\N
100965	5	102	Palletverpakking 120x 10x 250 ml	\N	\N
101002	5	103	Palletverpakking 24x 12x 1 kg	\N	\N
101003	5	30	Doos + zak, 10kg	2013-02-01	\N
101004	5	104	Palletverpakking 72x 10 kg	2013-02-01	\N
101007	5	31	Spuitbus 1 stuks	\N	\N
101008	5	56	Overdoos 12x 1 stuks	\N	\N
101009	5	105	Palletverpakking 68x 12x 1 stuks	2013-02-01	\N
101010	5	57	Overdoos 6x 500 ml	2013-02-01	\N
101011	5	106	Palletverpakking 116x 6x 500 ml	2013-02-01	\N
100918	5	26	Doos, 3 kg	2013-02-01	\N
101721	5	166	Ultimate container	\N	\N
101724	5	167	HDPE fles 1 liter	\N	\N
101664	5	161	Overdoos 2x 5 kg	\N	\N
101665	5	162	1 generator	\N	\N
101666	5	163	Omdoos 10x 6x 1 generator	\N	\N
101667	5	164	Omdoos 10x 250 ml	\N	\N
101488	5	117	Container 2 ltr HDPE	2013-01-01	\N
101489	5	118	Overdoos 10x 300 ml	2013-02-01	\N
101495	5	119	Zak, 20 kg, PE	\N	\N
101496	5	120	Overdoos 4x 3kg	2013-02-01	\N
101497	5	121	Overdoos 10x 800gr	2013-02-01	\N
101503	5	122	Emmer, 2,5 kg	2013-02-01	\N
101510	5	123	Fles 2 ltr COEX	2013-01-01	\N
101515	5	124	Fles 500 gram HDPE	2013-02-01	\N
101516	5	125	Omdoos 12x 500 gram	\N	\N
101605	5	146	Zak 3,75 kg	2013-02-01	\N
101606	5	147	Doos 20 kg	\N	\N
101616	5	148	doos 2 kg	\N	\N
101617	5	149	omdoos 4x 2 kg	\N	\N
101618	5	150	omdoos 20x 250 ml	2013-02-01	\N
101619	5	151	verpakking 800 gr	2013-01-01	\N
101620	5	152	4x 2,5 kg	2013-02-01	\N
101621	5	153	omdoos 4x 2 liter	2013-02-01	\N
101622	5	154	omdoos 12x 1 liter	2013-02-01	\N
101623	5	155	verpakking 3,75 kg	2013-01-01	\N
101624	5	156	container 100 liter	2013-02-01	\N
101625	5	157	container 1000 liter	\N	\N
101626	5	158	container 900 liter	\N	\N
101627	5	159	omdoos 4x 3,75 kg	2013-02-01	\N
101657	5	160	Omdoos 6x 1 generator	\N	\N
101694	5	165	Omdoos 12x 500 gram	2013-01-01	\N
101580	5	142	Zak 360x480x100 mm	2013-02-01	\N
101581	5	126	Fles 100 ml	2013-02-01	\N
101582	5	127	Vat 120 lt PE blauw	2013-01-01	\N
101583	5	128	Container 1000 liter (IBC)	\N	\N
101584	5	129	Can 10 lt HDPE transparant	\N	\N
101585	5	130	Can 5 lt HDPE transparant	\N	\N
101579	5	0	DUMMY	\N	\N
100254	5	1	Zak  1 kg PE	\N	\N
100482	5	2	Zak 5 kg, PE	\N	\N
100483	5	3	Zak 500 gram, PE	2013-01-01	\N
100484	5	4	Aluminium Kruik 0,5 ltr	2013-02-01	\N
100485	5	5	Aluminium  Kruik 1 ltr	\N	\N
100486	5	6	Zak 10 kg, PE	\N	\N
100487	5	7	Fles 1 ltr, PET	\N	\N
100488	5	8	Container 5 ltr, HDPE	\N	\N
100489	5	9	Strooikoker 1 kg	2013-02-01	\N
100490	5	10	Doos + zak 5 kg	2013-02-01	\N
100491	5	11	Doos + zak 15 kg	2013-02-01	\N
100492	5	12	Doosje + zak 500 gram	\N	\N
100493	5	13	Flesje 250 cc, PET	\N	\N
100494	5	14	Pot HDPE 1 kg	\N	\N
100495	5	15	Pot HDPE 3 kg	2013-02-01	\N
100496	5	16	Container 10 ltr, HDPE	\N	\N
100497	5	17	Flesje 500 ml, HDPE	\N	\N
100739	5	82	Palletverpakking 60x 15 kg	2013-02-01	\N
100749	5	40	Overdoos 10x 1 kg	\N	\N
100750	5	23	Doos + zak, 1 kg	2013-01-01	\N
100751	5	22	Container 1 ltr HDPE	\N	\N
100752	5	21	Zak 10 kg, PE	2013-01-01	\N
100753	5	20	Doos + zak, 5 kg	2013-01-01	\N
100754	5	19	Container 4 ltr HDPE	2013-01-01	\N
100755	5	18	Zak 10 kg, PE	2013-01-01	\N
100757	5	80	Palletverpakking 42x 12x 1 kg	2013-02-01	\N
100758	5	24	Container 5 ltr HDPE/F	\N	\N
100759	5	54	Overdoos 2 stuks	2013-01-01	\N
100760	5	53	Overdoos 4x 5 liter	\N	\N
100761	5	52	Overdoos 2x 5 liter	\N	\N
100762	5	51	Overdoos 12x 1 liter	\N	\N
100763	5	50	Overdoos 10x 1 liter	\N	\N
100764	5	49	Overdoos 2x 10 liter	\N	\N
100765	5	92	Palletverpakking 50x 10 kg	2013-02-01	\N
100766	5	91	Palletverpakking 600x 1 ltr	2013-01-01	\N
100767	5	90	Palletverpakking 100x 5 kg	2013-02-01	\N
100768	5	89	Palletverpakking 30x 10x 1 kg	2013-02-01	\N
100769	5	88	Palletverpakking 30x 4x 4 ltr	2013-02-01	\N
100770	5	87	Palletverpakking 36x 2x 10 ltr	2013-02-01	\N
100771	5	86	Palletverpakking 56x 10 kg	2013-02-01	\N
100772	5	85	Palletverpakking 75x 12x 0,5 ltr	\N	\N
100773	5	84	Palletverpakking 75x 10x 0,5 kg	2013-01-01	\N
100774	5	83	Palletverpakking 120x 4x 5 ltr	2013-01-01	\N
100775	5	81	Palletverpakking 210x 5 kg	2013-02-01	\N
100776	5	48	Overdoos 10x 0,5 liter	2013-02-01	\N
100777	5	47	Overdoos 10x 0,25 liter	\N	\N
100778	5	46	Overdoos 12x 0,5 liter	\N	\N
100779	5	45	Overdoos 4x 4 liter	2013-02-01	\N
100780	5	44	Overdoos 6x 3 kg	2013-02-01	\N
100781	5	43	Overdoos 10x 0,5 kg	\N	\N
100782	5	42	Overdoos 15x 1 kg	2013-02-01	\N
100783	5	41	Overdoos 12x 1 kg	\N	\N
101292	5	32	Fles 300 ml, PET	2013-02-01	\N
101312	5	33	Container 200 ltr HDPE	\N	\N
101313	5	34	Container 20 L HDPE	\N	\N
101317	5	107	Palletverpakking 24x 20 ltr	2013-02-01	\N
101318	5	58	Omdoos 4x 5 kg	\N	\N
101324	5	109	Palletverpakking 40x 25 kg	2013-02-01	\N
101325	5	35	Doos+zak 25 kg	2013-02-01	\N
101372	5	110	Palletverpakking 72x 10x 1 ltr	\N	\N
101387	5	111	500 gr	\N	\N
101388	5	112	Overdoos 6x 500 gr	\N	\N
101445	5	113	Palletverpakking 32x 20 liter	\N	\N
101723	7	63	Cannister 10 KG	\N	\N
100257	7	1	fles coex pe/pa 1 l	\N	\N
100498	7	2	doos papier/karton pe-film 1 kg	\N	\N
100499	7	3	fles pe 1 l	\N	\N
100500	7	4	can pe 5 l	\N	\N
100501	7	5	can pe 10 l	\N	\N
100502	7	6	zak papier pe 10 kg	\N	\N
100503	7	7	can pe fluor 5 l	2013-02-01	\N
100504	7	8	doos papier/karton pe-film 5 kg	\N	\N
100505	7	9	fles coex 1 l	\N	\N
100506	7	10	doos papier/karton pe-film 600 gr	\N	\N
100507	7	11	doos pe 1 kg	\N	\N
100508	7	12	zak papier pe 5 kg	2013-02-01	\N
100509	7	13	doos papier/karton pe film 500 gr	\N	\N
100510	7	14	pe polyester	2013-02-01	\N
100511	7	15	flesje coex 250 ml	2013-02-01	\N
100512	7	16	zak papier alu gecoat 1 kg	2013-02-01	\N
100513	7	17	flesje pe 250 ml	\N	\N
100514	7	18	pallet	\N	\N
100515	7	19	overdoos 10x1 lt	\N	\N
100516	7	20	overdoos 10x1 kg	\N	\N
100517	7	21	overdoos 4x5 lt	\N	\N
100518	7	22	overdoos 4x5 kg	\N	\N
100519	7	23	overdoos 12x1 st	\N	\N
100520	7	24	overdoos 6x0,5 lt	2013-02-01	\N
100521	7	25	overdoos 10x1 kg	2013-02-01	\N
100522	7	26	overdoos 4x2,5 lt	2013-02-01	\N
100523	7	27	overdoos 10x0,6 kg	\N	\N
100524	7	28	overdoos 10x1 lt	2013-02-01	\N
100525	7	29	overdoos 10x0,5 kg	2013-02-01	\N
100526	7	30	overdoos 60x1 st	2013-02-01	\N
100527	7	31	overdoos 10x0,25	2013-02-01	\N
100528	7	32	overdoos 20x0,25	\N	\N
100857	7	33	vat 60 lt	2013-02-01	\N
101308	7	55	can pe 20 liter	\N	\N
101321	7	56	vat	\N	\N
100916	7	35	overdoos 4x3 lt	2013-02-01	\N
100959	7	36	vat 200 lt	\N	\N
100967	7	37	1 liter PET fles	\N	\N
100968	7	38	10 liter can	\N	\N
100969	7	39	25 liter drum	2013-02-01	\N
100970	7	40	50 liter drum	2013-01-01	\N
100971	7	41	0.2 liter PET fles	2013-01-01	\N
100972	7	42	1 kg pack met maatbekerdop	\N	\N
100973	7	43	3 kg pack met maatbekerdop	\N	\N
100974	7	44	rookdoos Pirimor	\N	\N
100975	7	45	zakje tablet	\N	\N
100976	7	46	0.5 liter PET	2013-01-01	\N
100977	7	47	1 kg doos Nimrod WP en Pirimor	2013-01-01	\N
100978	7	48	overdoos 2x10	\N	\N
100979	7	49	overdoos 6x1 Pirimor	\N	\N
100980	7	50	overdoos 4x3 Pirimor	\N	\N
100981	7	51	overdoos 48x1 Pirimor rook	\N	\N
100982	7	52	overdoos 5x2 Berelex tablet	\N	\N
100983	7	53	over-overdoos Berelex GA3	\N	\N
100984	7	54	pallet	\N	\N
100915	7	34	can 3 lt PE	2013-02-01	\N
101734	7	65	0.1 KG Doos	\N	\N
101727	7	64	Pet fles	\N	\N
101683	7	59	Overdoos 2 x 10 LTR	\N	\N
101696	7	61	900 gram koker	2013-01-01	\N
101697	7	62	Overdoos 10x900 gram	\N	\N
101601	7	57	Plastic Drum 20 kg	\N	\N
101695	7	60	Overdoos 12 x 1 KG	\N	\N
101662	7	58	Overdoos 12x 1 Liter	\N	\N
100560	10	2	Can 10 ltr pe 407gr	\N	\N
100561	10	3	Vouwdoos Pap/alu 119gr	\N	\N
100562	10	4	Vouwdoos + binnenzak kart/pe 101gr	\N	\N
100563	10	5	Vouwdoos + binnenzak kart/pe 113gr	\N	\N
100564	10	6	Vouwdoos + binnenzak kart/alu 67gr	\N	\N
100565	10	7	Vouwdoos + binnenzak kart/alu 80gr	\N	\N
100567	10	9	Flacon PE 13gr	\N	\N
100568	10	10	Flacon PE 16,5gr	\N	\N
100569	10	11	Flacon PE 32gr	\N	\N
100570	10	12	Flacon PE 55gr	\N	\N
100571	10	13	Flacon PE 32gr	\N	\N
100572	10	14	Flacon PE 45gr	\N	\N
100573	10	15	Flacon PE 133gr	\N	\N
100822	10	18	Flacon 0,5 ltr PE 55gr	\N	\N
100823	10	19	Flacon 50 ml 36 mm standaard PE 9gr	\N	\N
100824	10	21	Flacon 100 ml Andere kunstst. 18gr	\N	\N
100825	10	24	Spuitbus 400 ml Alu 87,5gr	\N	\N
100826	10	26	Vat PE 800gr	\N	\N
100829	10	32	Zak 1 kg Pap/alu 43gr	\N	\N
100831	10	36	Zak PP+PE big bag 36gr	\N	\N
100832	10	35	Zak 10 kg Pap/alu 240gr	\N	\N
100833	10	34	Zak Pap/alu 138gr	\N	\N
100837	10	23	Koker PE 24,5gr	\N	\N
100838	10	22	Flacon Andere kunstst. 70gr	\N	\N
100839	10	20	Fles FF 241 HDPE 100 ml Andere kunstst. 13,5gr	\N	\N
100840	10	25	Spuitbus lizetan  400 ml Alu 74,5gr	\N	\N
100841	10	17	Flacon 1000 ml PE 36 mm (muhl) Stnd PE 90gr	\N	\N
100842	10	27	Vat PE 1500gr	\N	\N
100843	10	28	Vat Pap/PE 280gr	\N	\N
100844	10	29	Zak PE 27gr	\N	\N
100845	10	30	Zak Pap/PE 12,4gr	\N	\N
100846	10	31	Zak Pap/PE 135gr	\N	\N
100847	10	33	Zak 5 kg Pap/alu 87gr	\N	\N
100898	10	37	Combiblister karton + kunstst 45gr	\N	\N
100899	10	38	Sachet Castrix Overige 1,8gr	\N	\N
100900	10	39	Sachet AA Muis Weg Overige 1,8gr	\N	\N
100901	10	40	Binnenzak AA Mos Weg 1 kg Overige 12,4gr	\N	\N
100902	10	41	Mierenlokdoos Andere kunstst. 10gr	\N	\N
101316	10	66	Can 3 ltr PE 100gr	\N	\N
101326	10	67	0,5 l fles PE/PA Polyamide 85gr	\N	\N
101327	10	68	1 ltr fles PE/PA Polyamide 89gr	\N	\N
101329	10	70	10 ltr fles PE/PA Polyamide 440gr	\N	\N
101330	10	71	1 ltr fles PE 70gr	\N	\N
101331	10	72	1 kg Kart/PE 100gr	\N	\N
101332	10	73	1 kg PE 50gr	\N	\N
101333	10	74	10 kg Pap/PE 235gr	\N	\N
101334	10	75	1000 ltr Staal/PE 64000gr	\N	\N
101335	10	76	20 ltr PE 900gr	\N	\N
101336	10	77	200 ltr Staal/PE 21500gr	\N	\N
101338	10	79	5 kg PE 300gr	\N	\N
101339	10	80	5 ltr PE PE 250gr	\N	\N
101340	10	81	1 kg Kart/alu 140gr	\N	\N
101341	10	82	1 ltr PE 89gr	\N	\N
101342	10	83	1 ltr PE/PA Polyamide 106gr	\N	\N
101343	10	84	10 kg Kart/Pap/Alu 700gr	\N	\N
101344	10	85	10 kg Kart/Pap/Alu 900gr	\N	\N
101345	10	86	10 ltr PE 416gr	\N	\N
101346	10	87	100 ml Andere kunstst 25gr	\N	\N
101347	10	88	15 kg Pap/alu 700gr	\N	\N
101348	10	89	2,5 kg Karton 135gr	\N	\N
101349	10	90	20 kg Staal/PE 3gr	\N	\N
101350	10	91	200 gr  PE 2gr	\N	\N
101351	10	92	200 gr  PE 38gr	\N	\N
101352	10	93	25 kg Pap/PE 312gr	\N	\N
101353	10	94	25 kg PP/PE big bag 312gr	\N	\N
101354	10	95	400 x 25 gr Karton 375gr	2013-02-01	\N
101355	10	96	5 ltr PE  246gr	\N	\N
101356	10	97	5 ltr Polyamide 296gr	\N	\N
101357	10	98	500 gr PE 175gr	\N	\N
101358	10	99	6 kg Kart/alu 460gr	\N	\N
101359	10	100	800 gr PE 63gr	\N	\N
101360	10	0	DUMMY	\N	\N
101361	10	101	10 X 3 gr PE 8gr	\N	\N
100910	10	42	Pokon Overig 0gr	\N	\N
100911	10	43	200 liter vat Overig 1gr	\N	\N
101001	10	44	Combiblister karton en kunstst Overig 15gr	\N	\N
101017	10	62	Spuitbus Lizetan 250 ml Alu 58,5gr	\N	\N
101018	10	61	Flakon 1 ltr Weiss Andere kunstst 60gr	\N	\N
101019	10	60	Flakon 300 ml 36 mm (muhl) PE 32gr	\N	\N
101020	10	59	Flakon 50 ml 36 mm standaard PE 9gr	\N	\N
101022	10	57	Flakon 30 ml 36 mm standaard COEX Andere kunstst 8gr	\N	\N
101023	10	56	Flakon 30 ml 36 mm standaard PE 8gr	\N	\N
101024	10	55	Flakon 100 ml 36 mm standaard PE 14gr	\N	\N
101025	10	54	Flakon 100 ml 36 mm Andere kunstst 14gr	\N	\N
101026	10	51	Flakon 300 ml standaard Andere kunstst 32gr	\N	\N
101027	10	50	Flakon 320 ml 36 mm PE 32gr	\N	\N
101028	10	49	Flakon 250 ml 36 mm PE 30gr	\N	\N
101029	10	52	Trigger Flakon 750 ml Andere kunstst 55gr	\N	\N
101031	10	46	Flakon 750 ml 36 mm Muhl PE 32gr	\N	\N
101032	10	48	Flakon 500 ml 36 mm muhl PE 45gr	\N	\N
101033	10	47	Flakon 500 ml Weiss PE 45gr	\N	\N
101034	10	63	Koker  400 gram Overig 55,4gr	\N	\N
101035	10	64	Koker  800 gram Overig 61,2gr	\N	\N
101744	10	102	flacon 60 ml PE 12gr	\N	\N
100261	10	1	Can   5 ltr PE 280gr	\N	\N
100566	10	8	Vouwdoos + binnenzak kart/alu 298gr	\N	\N
100574	10	16	Flacon 1 ltr PE 83gr	\N	\N
101309	10	65	Koker 100 gram Overig 44gr	\N	\N
101328	10	69	5 ltr fles PE/PA Polyamide 270gr	\N	\N
101337	10	78	210 ltr  Staal/PE 8400gr	\N	\N
101021	10	58	Flakon 50 ml 36 mm standaaard COEX Andere kunstst 9gr	\N	\N
101030	10	53	Trigger Flakon 1 ltr Andere kunstst 60gr	\N	\N
101756	12	8	PE fles 15 liter	\N	\N
101005	12	6	Drum PE 200 liter, blauw	\N	\N
101006	12	7	Drum PE 20 liter, wit	\N	\N
100578	12	5	Drum PE 220 liter, blauw	2013-02-01	\N
100575	12	2	PE fles 5 liter, wit	\N	\N
100576	12	3	PE fles 10 liter, wit	2013-02-01	\N
100577	12	4	Drum PE 50 liter, blauw	2013-02-01	\N
100263	12	1	PE fles 1 liter, wit	\N	\N
101628	13	31	Kartonnen doos 20 lt verpakking 4 x5 ltr	\N	\N
100589	13	11	Kartonnen doos + wof zakken	2013-02-01	\N
101630	13	33	kartonnen doos 10 x 500 gr	\N	\N
101631	13	34	houten pallet gewicht 135 kg	\N	\N
101632	13	35	kunsstof can 3.5 kg	\N	\N
101679	13	37	kunststof can 1.5 kg	\N	\N
101680	13	38	kartonnen doos 7.5 kg	\N	\N
101681	13	39	houten pallet 270 kg	\N	\N
101658	13	36	aluminium gecoate zak	\N	\N
101867	13	52	plastic container 15kg	\N	\N
101868	13	53	houten pallet 540 kg	\N	\N
101735	13	43	kunstof fles	\N	\N
101736	13	44	kartonnen doos 4 Ltr 20 x 200 ml	\N	\N
101737	13	45	houten pallet 320 L	\N	\N
101738	13	46	kunststof fles	\N	\N
101739	13	51	houten pallet 180 kg	\N	\N
101740	13	48	houten pallet 400 Ltr	\N	\N
101741	13	49	kunststof can 500 gr	\N	\N
101742	13	50	kartonnen doos 10 x 500 gr	\N	\N
101743	13	47	kartonnen doos 10L 10x1 Ltr	\N	\N
101731	13	41	kunststof fles	\N	\N
101732	13	42	kartonnen doos	2013-01-01	\N
101725	13	40	kartonnen doos + kunststof binnenzak	\N	\N
101490	13	29	Kartonnen doos 2.5 kg 10 x 250 gram	\N	\N
101491	13	30	Houten pallet gewicht 180 kg	2013-01-01	\N
101362	13	25	kartonnen doos 14 kg verpakking 4 x 3.5	\N	\N
101363	13	26	houten pallet gewicht 252 kg	\N	\N
101364	13	27	kartonnen doos 5 kg verpakking 10 x 500 gram	2013-01-01	\N
101371	13	28	Houten pallet 600 kg	\N	\N
101293	13	13	kartonnen doos 1 kg verpakking 10 x 100 gram	\N	\N
101294	13	14	kartonnen doos 1.2 kg verpakking 10 x 120 gram	\N	\N
101295	13	15	kartonnen doos 20 lt verpakking 4 x 5 lt	\N	\N
101296	13	16	kartonnen doos 10 lt verpakking 10 x 1 lt	2013-02-01	\N
101297	13	17	kartonnen doos 10 kg verpakking 10 x 1 kg	\N	\N
101298	13	18	houten pallet gewicht 135 kg	\N	\N
101299	13	19	houten pallet gewicht 162 kg	\N	\N
101300	13	20	houten pallet gewicht 400 ltr	\N	\N
101301	13	21	houten pallet gewicht 540 ltr	\N	\N
101302	13	22	houten pallet gewicht 540 ltr	\N	\N
101303	13	23	houten pallet gewicht 180 kg	\N	\N
101304	13	24	houten pallet gewicht 400 kg	\N	\N
100264	13	12	kunststof can 0.5 kg	\N	\N
100579	13	1	kunststof fles	\N	\N
100580	13	2	kunststof fles	2013-02-01	\N
100581	13	3	kunststof fles	\N	\N
100582	13	4	kunststof fles	2013-02-01	\N
100583	13	5	kunststof can 5 li	\N	\N
100584	13	6	kartonnen doos + kunststof binnenzak	2013-02-01	\N
100585	13	7	papieren zak	2013-02-01	\N
100586	13	8	papieren zak + kunststof binnenzak 10 kg	\N	\N
100587	13	9	papieren zak + kunststof binnenzak 25 kg	\N	\N
100588	13	10	kartonnen doos + alum-lam binnenzak (sen)	2013-02-01	\N
101629	13	32	Kunststof can 250 gr	\N	\N
101764	14	21	1 ltr. can PE 210gr	\N	\N
100343	14	13	dummy	\N	\N
101766	14	23	5 ltr can PE 450gr	\N	\N
101767	14	19	100 gr. verp. PE 90gr	\N	\N
101768	14	20	1 ltr can PE 200gr	\N	\N
101769	14	24	5 ltr can PE 350gr	\N	\N
101770	14	25	5 ltr can PE 500gr	\N	\N
101843	14	26	5 ltr can PE 460gr	\N	\N
101844	14	27	5 ltr can PE 480gr	\N	\N
101845	14	28	5 ltr can PE 440gr	\N	\N
101846	14	31	5 ltr can PE 510gr	\N	\N
101847	14	32	5 ltr can PE 330gr	\N	\N
101848	14	33	5 ltr can PE 490gr	\N	\N
101849	14	35	10 ltr can PE 450gr	\N	\N
101850	14	36	10 ltr can PE 300gr	\N	\N
101851	14	37	10 ltr can PE 500gr	\N	\N
101852	14	38	10 ltr can PE 400gr	\N	\N
101853	14	39	10 ltr can PE 550gr	\N	\N
101854	14	40	10 ltr can PE 750gr	\N	\N
101855	14	34	10 ltr can PE 350gr	\N	\N
101856	14	44	5 kg zak pap+pe 200gr	\N	\N
101857	14	45	5 kg zak pe 700gr	\N	\N
101858	14	46	5 kg zak kunststof 680gr	\N	\N
101859	14	47	5 kg zak karton +pe 430gr	\N	\N
101860	14	48	10 kg zak pap+pe 200gr	\N	\N
101861	14	41	10 ltr can PE 700gr	\N	\N
101862	14	42	20 ltr can PE 1000gr	\N	\N
101863	14	43	1 kg zak pap+pe 140gr	\N	\N
101864	14	29	5 ltr blik  580gr	\N	\N
101865	14	30	5 ltr can PE 420gr	\N	\N
101866	14	49	25 kg zak pap+pe 150gr	\N	\N
100265	14	1	1 l kunststof can	\N	\N
100332	14	2	kartonnen doos voor 12 x 1 l cans	2013-02-01	\N
100333	14	3	5 l kunststof can	\N	\N
100334	14	4	kartonnen doos voor 4 x 5 l cans	2013-02-01	\N
100335	14	5	10 l kunststof can	2013-02-01	\N
100336	14	6	kartonnen doos voor 2 x 10 l cans	2013-02-01	\N
100337	14	7	200 l drum	2013-02-01	\N
100338	14	8	1 kg kunststof zakje in  1 kg kartonnen doosje	2013-02-01	\N
100339	14	9	kartonnen doos voor 12 x 1 kg kunststof zakjes	2013-02-01	\N
100340	14	10	5 kg wof zakje in kunststof zakje	2013-02-01	\N
100341	14	11	kartonnen doos voor  4 x 5 kg wof in kunststof zakjes	2013-02-01	\N
100342	14	12	10 kg papieren buiten zak met polyethylene binnenzak	2013-02-01	\N
101765	14	22	5 ltr can PE 390gr	\N	\N
101634	15	28	400 gram verpakking	\N	\N
100272	15	20	20 ltr verpakking	2013-01-01	\N
101636	15	30	2 kg verpakking	\N	\N
101637	15	31	4 x 2 kg verpakking (overdoos)	\N	\N
101459	15	27	5 kg verpakking (zak voor WG)	\N	\N
100905	15	21	20 ltr verpakking (SL formulering)	\N	\N
101365	15	15	1 kg verpakking	\N	\N
101366	15	16	doos 10 x 1 kg verpakking	\N	\N
101367	15	17	5 kg verpakking	\N	\N
101368	15	18	doos 4 x 5 kg verpakking	\N	\N
101369	15	24	100 g verpakking in doosje	\N	\N
101370	15	25	doos 10 x 100 g verpakking	\N	\N
101376	15	26	10 kg verpakking	2013-02-01	\N
101452	15	100	100 ltr verpakking (SC formulering)	\N	\N
100906	15	9	5 ltr verpakking (SL formulering)	\N	\N
100907	15	11	1 ltr verpakking (SL formulering)	\N	\N
100908	15	12	doos 4x5 ltr verpakking (SL formulering)	2013-01-01	\N
100909	15	22	doos 12x1 ltr verpakking (SL formulering)	2013-01-01	\N
100719	15	200	200 ltr verpakking	2013-02-01	\N
100720	15	10	10 ltr verpakking	\N	\N
100721	15	3	doos 4x5 ltr verpakking	\N	\N
100722	15	4	doos 20x1 ltr verpakking	2013-02-01	\N
100723	15	2	5 ltr verpakking (EC formulering) COEX	\N	\N
100724	15	6	doos 12x1 ltr verpakking	\N	\N
100856	15	7	1 ltr verpakking (EC formulering) COEX	\N	\N
100904	15	8	doos 2x10 ltr verpakking	\N	\N
101290	15	13	500 ml verpakking	\N	\N
101291	15	14	overdoos 10 x 500 ml	\N	\N
100266	15	1	1 ltr verpakking (SC formulering)	\N	\N
100270	15	5	5 ltr verpakking (SC formulering)	\N	\N
101635	15	29	12 x 400 gram verpakking (overdoos)	\N	\N
101650	100034	81	Metald N 400gr sleeve	\N	\N
101651	100034	82	Metald N 800g sleeve	\N	\N
101652	100034	83	AA MIX 1 ltr	\N	\N
101653	100034	84	Pokon mierenstop 200g	2013-02-01	\N
101654	100034	85	Roxasect mierenpoeder	\N	\N
101655	100034	86	Roxasect muizenpoeder	\N	\N
101656	100034	87	Finion Frap 200gr	\N	\N
101659	100034	88	Display Piron	2013-02-01	\N
101663	100034	91	Maxforce LN 2,5 kg	\N	\N
101660	100034	89	Maxforce Quantum 30g	\N	\N
101661	100034	90	Maxforce LN Mierenlokdoos	\N	\N
101571	100034	67	DISPLAY MUIZENKORRELS	2013-02-01	\N
101576	100034	68	Flacon 100ml +spuit	\N	\N
101577	100034	69	Clear-up powersprayer	2013-02-01	\N
101578	100034	70	Metald N 800gr	2013-02-01	\N
101614	100034	72	Display Calypso spray	2013-02-01	\N
101615	100034	73	SACHETS FINION FRAP	\N	\N
101638	100034	75	Quick Bayt 40 kg	\N	\N
101639	100034	76	MAXFORCE 2 kg	2013-02-01	\N
101640	100034	77	MS Somitrol pasta 10 gram	2013-02-01	\N
101641	100034	78	SOLFAC 25 liter	\N	\N
101728	100034	110	DUMMY	\N	\N
101746	100034	112	EMMER + OMDOOS	\N	\N
101747	100034	111	EMMER	\N	\N
101748	100034	113	bag in can (zonder drijfgas)	\N	\N
101457	100034	59	Luxe display	2013-02-01	\N
101458	100034	60	Plantstick dp	\N	\N
101466	100034	61	Trigger flacon 400ml	2013-02-01	\N
101467	100034	62	Flakon met spuittuit 75 gr	\N	\N
101699	100034	103	CALYPSO DP 128 ltr	\N	\N
101700	100034	104	MAXFORCE PRIME	\N	\N
101668	100034	92	Clear up combi dp	\N	\N
101669	100034	93	Clear up spray dp	2013-02-01	\N
101670	100034	94	500 ml ng	\N	\N
101671	100034	95	1000ml ng	\N	\N
101672	100034	96	SLAKKENFLES 400G	\N	\N
101673	100034	97	SLAKKENFLES 800G	\N	\N
101674	100034	98	SMART BAYT DP	\N	\N
101675	100034	99	2 X SACHET + OMDOOS	\N	\N
101676	100034	100	8X SACHET + 2 LOKDOOSJES OMDOOS	\N	\N
101677	100034	101	DIMANIN NG DP	\N	\N
101678	100034	102	FRAP MUIZENKORRELS DP	\N	\N
101485	100034	63	Combi display	2013-02-01	\N
101498	100034	64	2 KG VAT	\N	\N
101504	100034	65	75ml fles	\N	\N
101505	100034	66	Spuitbus foam	\N	\N
101600	100034	71	Big bag 1000kg	\N	\N
101633	100034	74	Admire N 50 gr	\N	\N
101642	100034	79	Piron 200gr	\N	\N
101643	100034	80	Piron 400gr	\N	\N
101390	100034	1	Can 5 ltr	\N	\N
101391	100034	2	Can 10 ltr	\N	\N
101392	100034	3	Vouwdoos	\N	\N
101393	100034	4	Vouwdoos + binnenzak	2013-02-01	\N
101394	100034	5	Vouwdoos + binnenzak	2013-02-01	\N
101395	100034	6	Vouwdoos + binnenzak	2013-02-01	\N
101396	100034	7	Flacon 25 gram	\N	\N
101397	100034	8	Flacon	\N	\N
101398	100034	9	Flacon	2013-02-01	\N
101399	100034	10	Flacon 200gr + 50ml maatbeker	2013-02-01	\N
101400	100034	11	Flacon 1000ml PE 36 mm	\N	\N
101401	100034	12	Flacon 0,5 ltr	2013-02-01	\N
101402	100034	13	Flacon 50ml 36 mm standaard PE	\N	\N
101403	100034	14	Fles FF 241 HDPE 100ml	2013-02-01	\N
101404	100034	15	Flacon 100ml met 40ml maatdop	\N	\N
101405	100034	16	Flacon	\N	\N
101406	100034	17	Spuitbus 400ml	\N	\N
101407	100034	19	Vat	\N	\N
101408	100034	20	Zak	\N	\N
101409	100034	21	Combiblister karton + kunststof	\N	\N
101410	100034	22	Sachet Castrix	\N	\N
101411	100034	23	Sachet AA Muisweg	2013-02-01	\N
101412	100034	24	Binnenzak AA Mosweg 1kg	2013-02-01	\N
101413	100034	25	Mierenlokdoos kaart + blister	\N	\N
101414	100034	26	200liter vat	2013-02-01	\N
101415	100034	27	Combiblister karton en kunststof	\N	\N
101416	100034	28	Flacon 750ml 36 mm Muhl	\N	\N
101417	100034	18	Spuitbus Lizetan 400ml	\N	\N
101418	100034	29	Flacon 500ml Weiss	\N	\N
101419	100034	30	Flacon 500ml 36mm Muhl	\N	\N
101420	100034	31	Flacon 250ml 36mm	\N	\N
101421	100034	32	Flacon 320ml 36mm	\N	\N
101422	100034	33	Flacon 300ml standaard	\N	\N
101423	100034	34	Trigger Flacon 750ml	\N	\N
101424	100034	35	Trigger Flacon 1ltr	\N	\N
101425	100034	36	Flacon 100ml 36mm	\N	\N
101426	100034	37	Flacon 100ml 36mm standaard	\N	\N
101427	100034	38	Flacon 30ml 36mm standaard + maatbeker	\N	\N
101428	100034	39	Flacon 30ml 36mm standaard COEX	2013-02-01	\N
101429	100034	40	Flacon 50ml 36mm standaard COEX	\N	\N
101430	100034	41	Flacon 300ml 36mm Muhl	2013-02-01	\N
101431	100034	42	Spuitbus Lizetan 250ml	\N	\N
101432	100034	43	Koker 400gr	\N	\N
101433	100034	44	Koker 800gr	\N	\N
101434	100034	45	Koker 100gr	2013-02-01	\N
101435	100034	46	Can 3ltr	2013-02-01	\N
101436	100034	47	2,5kg (AVE)	\N	\N
101437	100034	48	200gr (AVE)	2013-02-01	\N
101438	100034	49	200gr (AVE)	\N	\N
101439	100034	50	25kg (AVE)	\N	\N
101440	100034	51	5ltr PE (AVE)	\N	\N
101441	100034	52	800gr (AVE)	\N	\N
101444	100034	53	1000 liter vat	\N	\N
101450	100034	54	25 gr muiz.korr	2013-02-01	\N
101453	100034	55	Display Baythion	2013-02-01	\N
101923	100034	114	S-shape fles 1ltr	\N	\N
101717	100034	105	DOOSJE MET 10  ZAKJES	\N	\N
101454	100034	56	Display Metald N	2013-02-01	\N
101455	100034	57	Display Mosmiddel	2013-02-01	\N
101456	100034	58	Vloerdisplay	2013-02-01	\N
101714	100035	25	CAN 100gr	\N	\N
101682	100035	21	200ltr drum	\N	\N
101451	100035	1	DUMMY	\N	\N
101468	100035	4	Drum 10 kg	2013-02-01	\N
101463	100035	3	ZAK 25 KG	2013-01-01	\N
101611	100035	18	5 ltr PE can	\N	\N
101610	100035	17	5 ltr HDPE can	\N	\N
101609	100035	16	1 ltr Coex 92	\N	\N
101608	100035	15	1 ltr Coex 110	\N	\N
101569	100035	10	Doos 5 X 1KG	\N	\N
101568	100035	9	CAN 20 LTR	\N	\N
101567	100035	8	CAN 0.75 LTR	\N	\N
101566	100035	7	CAN 1 LTR	\N	\N
101565	100035	6	CAN 5 LTR	\N	\N
101564	100035	5	Doos 10x1 KG	\N	\N
101462	100035	2	CAN 10 LTR	\N	\N
101613	100035	20	Bus	2013-02-01	\N
101612	100035	19	Karton 10 x 1kg	2013-02-01	\N
101575	100035	14	Can 20 ltr	\N	\N
101574	100035	13	Can 5 ltr wit	\N	\N
101573	100035	12	Can 10 ltr	\N	\N
101572	100035	11	Can 5 ltr	\N	\N
101713	100035	24	CAN 15L	\N	\N
101692	100035	22	1000ltr container	\N	\N
101701	100035	23	CAN 0,5L	\N	\N
101733	100035	26	CAN 250ml	\N	\N
\.


--
-- Data for Name: FytoStorlStatussen; Type: TABLE DATA; Schema: public; Owner: -
--

COPY "FytoStorlStatussen" ("SssId", "Code", "Omschr", "Vervaldatum") FROM stdin;
1	SN	SPOELBAAR/NIET KCA (VERWIJDERINGSZIN A)	\N
2	NN	NIET SPOELBAAR/NIET KCA (VERWIJDERINGSZIN B)	\N
3	NK	NIET SPOELBAAR/KCA (VERWIJDERINGSZIN C)	\N
4	NG	NATTE GRONDONTSMETTINGSMIDDEL	\N
5	PK	POEDERVORMIG KIEMREMMINGSMIDDEL	\N
6	RV	RETOURVERPAKKING	\N
7	ZZ	NIET BEKEND	\N
100001	XX	N.V.T.	\N
\.


--
-- Data for Name: FytoTeeltgroepen; Type: TABLE DATA; Schema: public; Owner: -
--

COPY "FytoTeeltgroepen" ("TgpId", "Code", "Omschr", "Vervaldatum", "Type") FROM stdin;
\.


--
-- Data for Name: FytoTeeltgroepenProduct; Type: TABLE DATA; Schema: public; Owner: -
--

COPY "FytoTeeltgroepenProduct" ("TptId", "PdtId", "TgpId", "Type") FROM stdin;
\.


--
-- Data for Name: FytoToepassingsgebieden; Type: TABLE DATA; Schema: public; Owner: -
--

COPY "FytoToepassingsgebieden" ("TpdId", "TpdTpdId", "HtdId", "Code", "Omschr", "Vervaldatum") FROM stdin;
100001	\N	100000	1	GRASSENMIDDELEN	\N
100002	\N	100001	1	ACARICIDEN	\N
100003	\N	100001	2	NEMATICIDEN	\N
100004	\N	100001	3	ZAAIZAADBEHANDELING	\N
100005	\N	100001	4	APHICIDEN	\N
100006	\N	100001	5	RUPSEN	\N
100007	\N	100001	6	PYRETHROIDEN	\N
100008	\N	100001	7	TRIPS EN VLIEG	\N
100009	\N	100001	8	BREEDWERKEND OVERIG	\N
100010	\N	100002	1	ZAADONTSMETTING	\N
100012	\N	100000	2	NIET SEL./LOOFVERNIETIGING	\N
100014	\N	100000	3	GROEISTOFFEN	\N
100016	\N	100000	4	GRAANTEELT	\N
100018	\N	100000	5	AARDAPPELTEELT	\N
100020	\N	100000	6	BIETEN	\N
100022	\N	100000	7	MAISTEELT	\N
100024	\N	100000	8	AKKERBOUW/TUINBOUW	\N
100036	\N	100002	2	DITHIOCARBAMATEN	\N
100038	\N	100002	3	BREEDWERKEND SYSTEMISCH	\N
100040	\N	100002	4	FRUITTEELT	\N
100042	\N	100002	5	GRANEN	\N
100045	\N	100002	6	AARDAPPELS PHYTOPHTHORA	\N
100047	\N	100002	7	BODEMSCHIMMELS	\N
100049	\N	100002	8	TUINBOUW, MEELDAUW EN ROEST	\N
100051	\N	100002	9	RHIZOCTONIA	\N
100053	\N	100002	10	BOTRYTIS	\N
100056	\N	100002	11	BLOEMBOLLEN, ONTSMETTING	\N
100058	\N	100003	1	RODENTIC./MOLLUSCIC./BACTERICIDEN	\N
100060	\N	100003	2	HULPSTOFFEN/DESINFECTANS	\N
100062	\N	100003	3	GROEIREGULERING	\N
100065	\N	100004	1	MOSSEN EN ALGEN	\N
100066	\N	100004	2	KLEINVERPAKK.HERBICIDEN	\N
100067	\N	100004	3	KLEINVERPAKK.INSECTICIDEN	\N
100068	\N	100004	4	HUISHOUDELIJKE INSECTICIDEN	\N
100069	\N	100004	5	KLEINVERPAKK.FUNGICIDEN	\N
100070	\N	100004	6	KLEINVERPAKK.DIVERSEN	\N
100011	100001	100000	0	GRASSENMIDDELEN	\N
100072	100068	100004	2	KRUIPEND ONGEDIERTE	\N
100027	100003	100001	0	NEMATICIDEN	\N
100028	100004	100001	0	ZAAIZAADBEHANDELING	\N
100029	100005	100001	1	SYSTEMISCH	\N
100030	100005	100001	2	OVERIGE	\N
100031	100006	100001	0	RUPSEN	\N
100032	100007	100001	0	PYRETHROIDEN	\N
100033	100008	100001	0	TRIPS EN VLIEG	\N
100034	100009	100001	0	BREEDWERKEND OVERIG	\N
100035	100010	100002	0	ZAADONTSMETTING	\N
100013	100012	100000	0	NIET SEL./LOOFVERNIETIGING	\N
100015	100014	100000	0	GROEISTOFFEN	\N
100017	100016	100000	0	GRAANTEELT	\N
100019	100018	100000	0	AARDAPPELTEELT	\N
100021	100020	100000	0	BIETEN	\N
100023	100022	100000	0	MAISTEELT	\N
100025	100024	100000	0	AKKERBOUW/TUINBOUW	\N
100037	100036	100002	0	DITHIOCARBAMATEN	\N
100039	100038	100002	0	BREEDWERKEND SYSTEMISCH	\N
100041	100040	100002	0	FRUITTEELT	\N
100043	100042	100002	1	ENKELVOUDIGE PREPARATEN	\N
100044	100042	100002	2	COMBINATIES	\N
100046	100045	100002	0	AARDAPPELS PHYTOPHTHORA	\N
100048	100047	100002	0	BODEMSCHIMMELS	\N
100050	100049	100002	0	TUINBOUW, MEELDAUW EN ROEST	\N
100052	100051	100002	0	RHIZOCTONIA	\N
100054	100053	100002	1	BLOEMBOLLEN	\N
100055	100053	100002	2	OVERIGE	\N
100057	100056	100002	0	BLOEMBOLLEN, ONTSMETTING	\N
100059	100058	100003	0	RODENTIC./MOLLUSCIC./BACTERICIDEN	\N
100061	100060	100003	0	HULPSTOFFEN/DESINFECTANS	\N
100063	100062	100003	1	AKKERBOUW	\N
100064	100062	100003	2	TUINBOUW	\N
100071	100068	100004	1	MIEREN	\N
100026	100002	100001	0	ACARICIDEN	\N
\.


--
-- Data for Name: FytoVarToepassingen; Type: TABLE DATA; Schema: public; Owner: -
--

COPY "FytoVarToepassingen" ("VtgId", "Code", "Omschr", "Vervaldatum") FROM stdin;
1	1	Aan te geven door fabrikant	\N
2	2	Geschikte termen	\N
3	3	Geschikte vloeistof	\N
4	4	Inert gas	\N
5	5	Stoffen waarmee contact vermeden dient te worden	\N
6	6	Blusmiddelen aan te duiden door de fabrikant, indien water het risico vergroot toevoegen 'Nooit water gebruiken'.	\N
7	7	Aan te geven door fabrikant (Gas/rook/damp/spuitnevel)	\N
8	8	Aan te geven door fabrikant (ontsmetting/bespuiting)	\N
\.


--
-- Data for Name: FytoVerbruiksplaatsen; Type: TABLE DATA; Schema: public; Owner: -
--

COPY "FytoVerbruiksplaatsen" ("VbsId", "Code", "Omschr", "Vervaldatum") FROM stdin;
1	1	Beroepsmatig	\N
2	2	Huishoudelijk	\N
100000	9	Dummy	\N
\.


--
-- Data for Name: FytoVerkopersArtikelen; Type: TABLE DATA; Schema: public; Owner: -
--

COPY "FytoVerkopersArtikelen" ("ValId", "DnrId", "AtlId", "Begindatum", "Nummer", "Type") FROM stdin;
105733	3	105469	1986-01-01	1	\N
105732	3	105471	1988-01-01	2	\N
105738	3	105472	1988-01-01	3	\N
105740	3	105476	1986-01-01	4	\N
105739	3	105477	1986-01-01	5	\N
105765	3	105478	1988-01-01	6	\N
105734	3	105491	1986-01-01	7	\N
105737	3	105492	1986-01-01	8	\N
105808	5	105514	1987-01-01	9	\N
107734	7	105519	2001-01-01	10	\N
107793	7	105522	2001-01-01	11	\N
107808	7	105524	2001-01-01	12	\N
107754	7	105533	2001-01-01	13	\N
107751	7	105534	2001-01-01	14	\N
107757	7	105535	2001-01-01	15	\N
105906	7	105553	1986-01-01	16	\N
105915	7	105562	1986-01-01	17	\N
105938	7	105816	1988-01-01	18	\N
105805	5	105854	1996-01-01	19	\N
105813	5	105897	1990-01-01	20	\N
105816	5	105935	1990-07-01	21	\N
105730	3	106016	1991-01-01	22	\N
105781	3	106035	1992-01-01	23	\N
106716	13	106081	1992-01-01	24	\N
107805	7	106100	2001-01-01	25	\N
105975	7	106106	1992-01-01	26	\N
105823	5	106110	1992-01-01	27	\N
107760	7	106157	2001-01-01	28	\N
106715	13	106185	1994-01-01	29	\N
105980	7	106220	1994-01-01	30	\N
107814	7	106222	2001-01-01	31	\N
105769	3	106246	2012-08-01	32	\N
106306	10	106334	1995-01-01	33	\N
105993	7	106414	1996-01-01	34	\N
106359	10	106516	1996-01-01	35	\N
105789	4	106531	1997-01-01	36	\N
105790	4	106532	1997-01-01	37	\N
105791	4	106533	1997-01-01	38	\N
106005	7	106540	1994-01-01	39	\N
106011	7	106546	1990-01-01	40	\N
107748	7	106562	2001-01-01	41	\N
106705	13	106568	1997-01-01	42	\N
106377	10	106604	1997-01-01	43	\N
105775	3	106626	1997-01-01	44	\N
105778	3	106628	1997-01-01	45	\N
106744	15	106648	1996-04-01	46	\N
106752	15	106649	1996-01-01	47	\N
106746	15	106650	1996-01-01	48	\N
105777	3	106668	1997-01-01	49	\N
107796	7	106693	2001-01-01	50	\N
107799	7	106694	2001-01-01	51	\N
105836	5	106704	1998-07-01	52	\N
105837	5	106706	1998-01-01	53	\N
106224	10	106737	1986-01-01	54	\N
106225	10	106738	1986-01-01	55	\N
106772	3	106783	1999-01-01	56	\N
106774	3	106793	1999-01-01	57	\N
106860	3	106795	1999-01-01	58	\N
106858	3	106797	1999-01-01	59	\N
106856	3	106799	1999-01-01	60	\N
106784	3	106806	1999-01-01	61	\N
106783	3	106807	1999-01-01	62	\N
106833	3	106846	1999-01-01	63	\N
106832	3	106847	1999-01-01	64	\N
106822	3	106873	1999-01-01	65	\N
106883	7	106988	1997-01-01	66	\N
106918	7	107028	1997-01-01	67	\N
106928	7	107038	1997-01-01	68	\N
106949	7	107059	1997-01-01	69	\N
106950	7	107060	1997-01-01	70	\N
106952	7	107062	1997-01-01	71	\N
106962	7	107072	1997-01-01	72	\N
106867	7	107082	1997-01-01	73	\N
107766	7	107218	2001-01-01	74	\N
107787	7	107222	2001-01-01	75	\N
107247	5	107516	1998-06-01	76	\N
107248	5	107517	1998-06-01	77	\N
107226	5	107520	1996-01-01	78	\N
107225	5	107521	1996-01-01	79	\N
107220	5	107534	1996-01-01	80	\N
107222	5	107535	1996-01-01	81	\N
107221	5	107536	1996-01-01	82	\N
107214	5	107537	1996-01-01	83	\N
107219	5	107542	1996-01-01	84	\N
107733	7	107544	2001-01-01	85	\N
107749	7	107556	2001-01-01	86	\N
107752	7	107560	2001-01-01	87	\N
107755	7	107561	2001-01-01	88	\N
107758	7	107563	2001-01-01	89	\N
107761	7	107565	2001-01-01	90	\N
107767	7	107569	2001-01-01	91	\N
107797	7	107589	2001-01-01	92	\N
107800	7	107591	2001-01-01	93	\N
107788	7	107595	2001-01-01	94	\N
107794	7	107599	2001-01-01	95	\N
107809	7	107604	2001-01-01	96	\N
107806	7	107606	2001-01-01	97	\N
107815	7	107610	2001-01-01	98	\N
107469	15	107762	1996-04-01	99	\N
107470	15	107763	1996-01-01	100	\N
107535	3	107830	2000-03-01	101	\N
107534	3	107831	2000-03-01	102	\N
107545	15	107839	2000-01-01	103	\N
107546	15	107841	2000-01-01	104	\N
107556	15	107848	1999-12-01	105	\N
107557	15	107849	2000-01-01	106	\N
107573	7	107866	2000-03-20	107	\N
107579	7	107867	2000-03-20	108	\N
107604	3	107902	2000-06-01	109	\N
107605	3	107903	2000-05-01	110	\N
107855	3	107961	2001-01-01	111	\N
107664	5	107971	1996-01-01	112	\N
107857	10	107987	2001-01-01	113	\N
107880	3	108010	2001-02-06	114	\N
107882	3	108012	2001-02-06	115	\N
107883	3	108013	2001-02-06	116	\N
107887	3	108017	2001-02-06	117	\N
107889	3	108019	2001-02-06	118	\N
107890	3	108020	2001-02-06	119	\N
107894	5	108024	2001-01-01	120	\N
107895	5	108025	2001-01-01	121	\N
107896	5	108026	2001-01-01	122	\N
107908	12	108038	2001-01-01	123	\N
107909	12	108039	2001-01-01	124	\N
107911	12	108041	2001-01-01	125	\N
107912	7	108042	2001-04-01	126	\N
107913	7	108043	2001-04-01	127	\N
107936	4	108072	2001-02-01	128	\N
107950	7	108263	2001-05-07	129	\N
107951	7	108264	2001-05-07	130	\N
107963	4	108277	2001-01-01	131	\N
107964	4	108278	2001-01-01	132	\N
107970	15	108284	2001-02-23	133	\N
107972	15	108287	2001-02-23	134	\N
107973	5	108291	2001-12-01	135	\N
107974	5	108292	2009-01-03	136	\N
107977	13	108295	2000-01-01	137	\N
107978	13	108296	2000-01-01	138	\N
107986	13	108304	2000-01-01	139	\N
107988	13	108306	2000-01-01	140	\N
107989	13	108307	2000-01-01	141	\N
107990	7	108308	2002-01-01	142	\N
107991	7	108309	2002-01-01	143	\N
107993	10	108311	2002-01-01	144	\N
108009	7	108327	2002-01-14	145	\N
108026	3	108346	2002-01-01	146	\N
108037	5	108362	2002-01-01	147	\N
108049	3	108373	2002-04-17	148	\N
108051	3	108375	2002-04-17	149	\N
108052	3	108376	2004-06-01	150	\N
108054	10	108380	2002-04-01	151	\N
108067	3	108393	2002-05-13	152	\N
108078	5	108400	2002-06-01	153	\N
108095	5	108421	2002-08-19	154	\N
108110	4	108442	2002-09-16	155	\N
108117	10	108449	2003-01-01	156	\N
108136	10	108468	2003-01-01	157	\N
108144	10	108476	2003-01-01	158	\N
108211	13	108552	2003-01-01	159	\N
108212	13	108553	2003-01-01	160	\N
108213	13	108554	2003-01-01	161	\N
108222	15	108563	2003-01-01	162	\N
108223	15	108564	2003-01-01	163	\N
108224	15	108565	2003-01-01	164	\N
108225	15	108566	2003-01-01	165	\N
108230	13	108571	2003-01-01	166	\N
108231	13	108572	2003-01-01	167	\N
108232	13	108573	2003-01-01	168	\N
108233	13	108574	2003-01-01	169	\N
108234	13	108575	2003-01-01	170	\N
108235	13	108576	2003-01-01	171	\N
108236	13	108577	2003-01-02	172	\N
108237	13	108578	2003-01-02	173	\N
108238	7	108579	2003-03-01	174	\N
108239	7	108580	2003-03-01	175	\N
108241	5	108582	2003-03-01	176	\N
108242	5	108583	2003-03-01	177	\N
108243	5	108584	2003-03-01	178	\N
108244	5	108585	2003-03-01	179	\N
108245	5	108586	2003-03-01	180	\N
108246	5	108587	2003-03-01	181	\N
108259	5	108600	2003-04-01	182	\N
108261	5	108602	2003-04-01	183	\N
108270	15	108611	2003-03-01	184	\N
108271	15	108612	2003-03-01	185	\N
108294	3	108635	2003-04-01	186	\N
108303	5	108644	2003-04-01	187	\N
108304	5	108645	2003-04-01	188	\N
108307	10	108648	2003-01-01	189	\N
108310	10	108652	2003-01-01	190	\N
109451	3	108656	2009-01-01	191	\N
108316	3	108658	2003-01-01	192	\N
108318	3	108660	2003-01-01	193	\N
108321	3	108664	2003-01-01	194	\N
108322	3	108665	2003-01-01	195	\N
108323	3	108666	2003-01-01	196	\N
108413	100034	108756	2003-01-01	197	\N
108440	100034	108783	2003-01-01	198	\N
108441	100034	108784	2003-01-01	199	\N
108442	100034	108785	2003-01-01	200	\N
108448	7	108791	2003-09-25	201	\N
108449	7	108792	2003-09-25	202	\N
108465	100034	108809	2003-09-01	203	\N
108470	7	108813	2003-12-01	204	\N
108471	7	108814	2003-12-01	205	\N
108477	5	108816	2003-08-01	206	\N
108478	5	108817	2003-08-01	207	\N
108479	5	108818	2003-08-01	208	\N
108474	5	108821	1998-07-01	209	\N
108475	5	108822	1998-07-01	210	\N
108481	7	108824	2003-09-25	211	\N
108482	7	108825	2003-09-25	212	\N
108488	100034	108831	2003-06-01	213	\N
108506	15	108855	2004-01-01	214	\N
108508	15	108857	2004-01-01	215	\N
108509	15	108858	2004-01-01	216	\N
108517	100034	108868	2004-01-01	217	\N
108511	100034	108869	2003-01-01	218	\N
108512	100034	108870	2003-01-01	219	\N
108522	15	108871	2004-01-01	220	\N
108523	15	108872	2004-01-01	221	\N
108526	3	108875	2004-03-01	222	\N
109450	3	108876	2009-01-01	223	\N
108530	7	108879	2004-03-26	224	\N
108560	10	108909	2004-01-01	225	\N
108561	10	108910	2004-01-01	226	\N
108565	5	108914	2004-02-01	227	\N
108576	7	108925	2004-03-25	228	\N
108602	10	108940	2004-02-27	229	\N
108625	3	108974	2004-06-01	230	\N
108627	3	108976	2004-06-01	231	\N
108631	3	108980	2006-01-01	232	\N
108632	3	108981	2004-06-01	233	\N
108633	3	108982	2006-01-01	234	\N
109454	3	108983	2004-06-01	235	\N
108635	3	108984	2004-06-01	236	\N
108636	3	108985	2004-06-01	237	\N
108638	3	108987	2004-06-01	238	\N
108645	3	108995	2004-06-01	239	\N
109456	3	108996	2004-06-01	240	\N
108650	3	109000	2004-06-01	241	\N
109458	3	109006	2004-06-01	242	\N
109455	3	109008	2004-06-01	243	\N
109452	3	109009	2009-01-01	244	\N
108660	3	109010	2004-06-01	245	\N
108661	3	109011	2004-06-01	246	\N
108672	13	109021	2004-01-01	247	\N
108673	100034	109022	2004-01-01	248	\N
108676	12	109027	2004-06-01	249	\N
108675	12	109028	2004-06-01	250	\N
108677	12	109029	2004-06-01	251	\N
108678	4	109030	2004-07-01	252	\N
108679	13	109031	2000-01-01	253	\N
108680	13	109032	2004-01-01	254	\N
108683	10	109035	2004-10-15	255	\N
108685	5	109037	2004-11-01	256	\N
108688	100034	109040	2004-01-01	257	\N
108689	3	109041	2009-03-01	258	\N
108691	100034	109043	2004-01-01	259	\N
108692	15	109044	2005-01-01	260	\N
109459	3	109045	2005-01-01	261	\N
108696	3	109048	2005-01-01	262	\N
108697	3	109049	2005-01-01	263	\N
108698	15	109050	2005-01-01	264	\N
108700	7	109052	2005-01-01	265	\N
108701	15	109053	2005-01-01	266	\N
108702	15	109054	2005-01-01	267	\N
108708	4	109060	2005-01-01	268	\N
108709	4	109061	2005-01-01	269	\N
108713	7	109065	2004-03-25	270	\N
108717	12	109069	2005-02-01	271	\N
108718	3	109070	2005-03-01	272	\N
108719	3	109071	2005-03-01	273	\N
109457	3	109073	2005-03-01	274	\N
108722	3	109074	2005-03-01	275	\N
108723	3	109075	2005-03-01	276	\N
108724	3	109076	2005-04-01	277	\N
108747	5	109097	2005-04-01	278	\N
108748	5	109098	2005-04-01	279	\N
108749	5	109099	2005-04-01	280	\N
108750	5	109100	2005-04-01	281	\N
108751	5	109101	2005-04-01	282	\N
108746	5	109103	2002-01-01	283	\N
108753	13	109105	2005-01-01	284	\N
108754	13	109106	2005-01-01	285	\N
108755	13	109107	2005-01-01	286	\N
108764	3	109116	2005-03-01	287	\N
108767	3	109117	2005-04-01	288	\N
108765	3	109118	2005-03-01	289	\N
108766	3	109119	2005-03-01	290	\N
108770	7	109122	2005-05-01	291	\N
108771	7	109123	2005-05-01	292	\N
108773	7	109125	2005-04-01	293	\N
108774	7	109126	2005-04-01	294	\N
108776	7	109128	2005-05-01	295	\N
108777	7	109129	2005-05-01	296	\N
108783	3	109135	2005-04-01	297	\N
108784	3	109136	2005-04-01	298	\N
108785	3	109137	2005-04-01	299	\N
108786	3	109138	2005-04-01	300	\N
108788	100034	109140	2005-04-01	301	\N
108789	100034	109141	2005-04-01	302	\N
108791	3	109143	2005-07-01	303	\N
108793	7	109145	2005-08-04	304	\N
108796	7	109148	2005-08-04	305	\N
108807	100034	109159	2003-01-01	306	\N
108808	100034	109160	2003-01-01	307	\N
108810	100034	109161	2006-01-01	308	\N
108811	100034	109162	2006-01-01	309	\N
108812	100034	109163	2006-01-01	310	\N
108820	7	109172	2006-01-01	311	\N
108822	7	109174	2006-01-01	312	\N
108826	15	109178	2006-01-01	313	\N
108827	15	109179	2006-01-01	314	\N
108832	15	109184	2004-01-01	315	\N
108833	15	109185	2004-01-01	316	\N
108834	100034	109186	2006-01-01	317	\N
108839	7	109198	2006-01-01	318	\N
108841	7	109199	2006-01-01	319	\N
108852	100034	109207	2006-01-01	320	\N
108853	100034	109208	2006-01-01	321	\N
108855	100034	109210	2006-01-01	322	\N
108856	100034	109211	2006-01-01	323	\N
108867	3	109223	2006-04-15	324	\N
108868	3	109224	2006-04-15	325	\N
108871	7	109227	2006-03-01	326	\N
108872	7	109228	2006-03-01	327	\N
108875	100034	109231	2006-01-01	328	\N
108876	100034	109232	2006-01-01	329	\N
108879	13	109235	2006-01-01	330	\N
108885	3	109241	2006-04-01	331	\N
108886	3	109242	2006-04-01	332	\N
108891	10	109254	2005-04-29	333	\N
108894	10	109255	2005-09-02	334	\N
108895	10	109256	2005-09-02	335	\N
108892	10	109257	2005-07-29	336	\N
108893	10	109258	2005-07-29	337	\N
108943	7	109306	2006-07-01	338	\N
108944	7	109307	2006-07-01	339	\N
108948	10	109311	2006-05-29	340	\N
108949	10	109312	2006-05-29	341	\N
108950	7	109313	2006-07-10	342	\N
108951	7	109314	2006-07-10	343	\N
108957	100035	109319	2005-05-01	344	\N
108961	15	109324	2006-09-01	345	\N
108962	15	109325	2006-09-01	346	\N
108964	7	109327	2006-12-01	347	\N
108965	7	109328	2006-12-01	348	\N
108967	3	109329	2006-12-01	349	\N
108968	3	109330	2006-12-01	350	\N
108969	3	109331	2006-12-01	351	\N
108970	3	109332	2006-12-01	352	\N
108966	3	109333	2006-10-01	353	\N
108974	10	109337	2006-08-18	354	\N
108975	13	109338	2007-01-01	355	\N
108976	13	109339	2007-01-01	356	\N
108987	100035	109350	2007-01-01	357	\N
108995	15	109359	2007-01-01	358	\N
108996	15	109360	2007-01-01	359	\N
108998	15	109361	2007-01-01	360	\N
108999	15	109362	2007-01-01	361	\N
109001	100034	109364	2007-01-01	362	\N
109003	100034	109366	2007-01-01	363	\N
109006	100034	109369	2007-01-01	364	\N
109005	100034	109370	2007-01-01	365	\N
109009	10	109372	2007-01-19	366	\N
109010	10	109373	2007-01-19	367	\N
109026	5	109389	2007-01-01	368	\N
109027	5	109390	2007-01-31	369	\N
109030	5	109393	2007-01-01	370	\N
109031	5	109394	2007-01-31	371	\N
109034	5	109397	2007-01-01	372	\N
109035	5	109398	2007-01-31	373	\N
109036	5	109399	2007-01-01	374	\N
109037	5	109400	2007-01-31	375	\N
109038	5	109401	2007-01-01	376	\N
109039	5	109402	2007-01-01	377	\N
109040	5	109403	2007-01-01	378	\N
109041	5	109404	2007-01-31	379	\N
109045	5	109408	2007-01-01	380	\N
109046	5	109409	2007-01-01	381	\N
109047	5	109410	2007-01-01	382	\N
109050	5	109413	2007-01-01	383	\N
109051	5	109414	2007-01-01	384	\N
109052	5	109415	2007-01-01	385	\N
109059	5	109422	2007-01-01	386	\N
109066	7	109429	2007-01-01	387	\N
109067	7	109430	2007-01-01	388	\N
109072	100034	109435	2007-01-01	389	\N
109075	3	109438	2007-01-01	390	\N
109076	3	109439	2007-01-01	391	\N
109077	7	109440	2007-01-01	392	\N
109078	7	109441	2007-01-01	393	\N
109084	3	109445	2007-01-01	394	\N
109089	10	109447	2006-10-27	395	\N
109096	15	109457	2007-05-01	396	\N
109097	15	109458	2007-05-01	397	\N
109098	3	109459	2007-05-01	398	\N
109099	3	109460	2007-05-01	399	\N
109103	7	109464	2007-03-01	400	\N
109104	7	109465	2007-03-01	401	\N
109106	7	109467	2007-03-01	402	\N
109112	7	109468	2007-03-01	403	\N
109113	13	109474	2007-03-01	404	\N
109114	13	109475	2007-03-01	405	\N
109115	13	109476	2007-03-01	406	\N
109117	5	109478	2007-05-14	407	\N
109127	3	109488	2007-07-01	408	\N
109128	3	109489	2007-07-01	409	\N
109129	3	109490	2007-07-01	410	\N
109130	3	109491	2007-07-01	411	\N
109137	10	109498	2007-06-01	412	\N
109138	10	109499	2007-07-01	413	\N
109139	100034	109500	2006-06-01	414	\N
109144	100035	109505	2007-05-01	415	\N
109145	100035	109506	2008-01-01	416	\N
109146	100035	109507	2007-06-01	417	\N
109149	100034	109510	2007-06-01	418	\N
109152	3	109512	2007-05-01	419	\N
109151	3	109513	2007-05-01	420	\N
109154	15	109515	2007-01-01	421	\N
109155	15	109516	2007-01-01	422	\N
109156	7	109517	2007-01-01	423	\N
109157	7	109518	2007-01-01	424	\N
109161	10	109521	2007-07-01	425	\N
109160	10	109522	2007-06-01	426	\N
109164	100035	109525	2007-01-01	427	\N
109168	10	109530	2007-09-01	428	\N
109172	100034	109534	2007-07-01	429	\N
109173	100034	109535	2008-01-01	430	\N
109174	10	109536	2007-01-01	431	\N
109177	7	109539	2008-01-01	432	\N
109178	7	109540	2008-01-01	433	\N
109179	7	109541	2008-01-01	434	\N
109180	7	109542	2008-01-01	435	\N
109183	10	109546	2008-01-01	436	\N
109184	10	109547	2008-01-01	437	\N
109185	10	109548	2008-01-01	438	\N
109186	100034	109549	2008-01-01	439	\N
109187	100034	109550	2008-01-01	440	\N
109189	3	109552	2008-01-01	441	\N
109190	3	109553	2008-01-01	442	\N
109191	7	109554	2008-01-01	443	\N
109192	7	109555	2008-01-01	444	\N
109194	7	109557	2008-01-01	445	\N
109195	7	109558	2008-01-01	446	\N
109197	7	109560	2008-01-01	447	\N
109198	7	109561	2008-01-01	448	\N
109200	7	109563	2008-01-01	449	\N
109205	15	109568	2008-01-01	450	\N
109206	15	109569	2008-01-01	451	\N
109207	100034	109570	2008-01-01	452	\N
109208	100034	109571	2008-01-01	453	\N
109211	100034	109574	2008-01-01	454	\N
109212	3	109575	2008-01-01	455	\N
109213	3	109576	2008-01-01	456	\N
109214	100034	109577	2008-01-01	457	\N
109215	100034	109578	2008-01-01	458	\N
109217	7	109580	2007-01-01	459	\N
109230	10	109592	2008-02-01	460	\N
109229	10	109594	2007-12-21	461	\N
109238	100034	109602	2008-01-01	462	\N
109243	10	109607	2008-03-01	463	\N
109248	4	109610	2008-02-01	464	\N
109247	4	109613	2008-01-01	465	\N
109254	10	109618	2008-03-01	466	\N
109255	3	109619	2008-04-01	467	\N
109257	100034	109621	2008-01-01	468	\N
109258	100034	109622	2008-01-01	469	\N
109260	100034	109624	2008-01-01	470	\N
109261	100034	109625	2008-01-01	471	\N
109263	100034	109627	2008-01-01	472	\N
109264	100034	109628	2008-01-01	473	\N
109265	100034	109629	2008-01-01	474	\N
109269	10	109631	2008-04-04	475	\N
109267	10	109632	2008-03-01	476	\N
109266	10	109633	2008-01-01	477	\N
109276	100034	109639	2008-03-01	478	\N
109277	100034	109640	2008-04-01	479	\N
109278	100034	109641	2008-04-01	480	\N
109275	100034	109642	2008-01-01	481	\N
109280	5	109643	2008-12-17	482	\N
109281	5	109646	2008-01-01	483	\N
109282	5	109647	2008-05-01	484	\N
109283	5	109648	2008-05-01	485	\N
109284	5	109649	2008-06-18	486	\N
109286	100034	109651	2008-03-01	487	\N
109290	100034	109653	2008-06-01	488	\N
109292	100034	109654	2008-06-01	489	\N
109291	100034	109655	2008-05-01	490	\N
109289	100034	109656	2008-04-01	491	\N
109288	100034	109657	2008-01-01	492	\N
109293	7	109658	2008-06-25	493	\N
109294	7	109659	2008-06-25	494	\N
109295	7	109660	2008-06-25	495	\N
109296	7	109661	2008-06-25	496	\N
109298	5	109664	2008-07-25	497	\N
109299	7	109665	2008-08-01	498	\N
109300	7	109666	2008-08-01	499	\N
109302	7	109668	2008-08-01	500	\N
109303	7	109669	2008-08-01	501	\N
109305	7	109671	2008-08-01	502	\N
109306	7	109672	2008-08-01	503	\N
109308	100034	109675	2008-08-01	504	\N
109309	5	109677	2008-10-01	505	\N
109311	5	109680	2007-01-01	506	\N
109316	5	109682	2008-05-01	507	\N
109317	5	109683	2008-05-01	508	\N
109313	5	109684	2008-01-01	509	\N
109315	5	109685	2008-01-01	510	\N
109320	7	109689	2009-01-01	511	\N
109321	7	109690	2009-01-01	512	\N
109323	100034	109692	2005-12-16	513	\N
109325	100034	109693	2009-01-01	514	\N
109351	100034	109694	2009-01-01	515	\N
109352	100034	109695	2009-01-01	516	\N
109326	100034	109696	2009-01-01	517	\N
109353	100034	109697	2009-01-01	518	\N
109327	100034	109698	2009-01-01	519	\N
109329	100034	109700	2009-01-01	520	\N
109330	100034	109701	2009-01-01	521	\N
109338	100034	109702	2009-01-01	522	\N
109331	100034	109703	2009-01-01	523	\N
109335	100034	109707	2009-01-01	524	\N
109336	100034	109708	2009-01-01	525	\N
109337	100034	109710	2009-01-01	526	\N
109345	100034	109711	2009-01-01	527	\N
109346	100034	109712	2009-01-01	528	\N
109347	100034	109713	2009-01-01	529	\N
109348	100034	109714	2009-01-01	530	\N
109349	100034	109715	2009-01-01	531	\N
109350	100034	109716	2009-01-01	532	\N
109324	100034	109717	2008-12-01	533	\N
109344	100034	109718	2009-01-01	534	\N
109343	100034	109719	2009-01-01	535	\N
109342	100034	109720	2009-01-01	536	\N
109341	100034	109721	2009-01-01	537	\N
109339	100034	109724	2009-01-01	538	\N
109354	3	109725	2009-02-01	539	\N
109355	3	109726	2009-02-01	540	\N
109356	3	109727	2009-02-01	541	\N
109359	3	109728	2009-02-01	542	\N
109357	3	109729	2009-02-01	543	\N
109358	3	109730	2009-02-01	544	\N
109361	5	109733	2008-12-17	545	\N
109360	5	109734	2009-01-01	546	\N
109362	100034	109735	2009-01-01	547	\N
109363	100034	109736	2009-01-01	548	\N
109364	13	109737	2009-01-01	549	\N
109365	13	109738	2009-01-01	550	\N
109366	13	109739	2009-01-01	551	\N
109367	7	109740	2009-01-01	552	\N
109368	100034	109741	2009-01-01	553	\N
109370	10	109742	2009-03-01	554	\N
109375	100035	109750	2009-01-01	555	\N
109376	100035	109751	2009-01-01	556	\N
109382	7	109753	2009-01-01	557	\N
109384	7	109754	2009-01-01	558	\N
109383	7	109755	2009-01-01	559	\N
109386	7	109757	2009-01-01	560	\N
109387	7	109758	2009-01-01	561	\N
109396	100034	109768	2009-01-01	562	\N
109397	100034	109769	2009-01-01	563	\N
109398	100034	109770	2009-01-01	564	\N
109400	15	109772	2009-02-01	565	\N
109401	15	109773	2009-02-01	566	\N
109402	15	109776	2008-03-14	567	\N
109403	15	109777	2008-03-14	568	\N
109404	15	109778	2008-03-14	569	\N
109407	15	109779	2008-03-14	570	\N
109409	100034	109780	2009-03-01	571	\N
109410	100034	109781	2009-03-01	572	\N
109408	100034	109782	2009-01-01	573	\N
109411	3	109783	2009-01-01	574	\N
109412	3	109784	2009-01-01	575	\N
109413	3	109786	2009-01-01	576	\N
109414	3	109787	2009-01-01	577	\N
109415	13	109788	2009-01-01	578	\N
109416	13	109789	2009-01-01	579	\N
109417	13	109790	2009-01-01	580	\N
109418	100034	109792	2009-04-01	581	\N
109419	7	109793	2009-01-01	582	\N
109420	7	109794	2009-01-01	583	\N
109422	7	109796	2009-06-12	584	\N
109423	7	109797	2009-06-12	585	\N
109427	5	109799	2009-06-01	586	\N
109425	100034	109800	2009-05-01	587	\N
109426	4	109801	2009-06-01	588	\N
109428	15	109802	2007-03-02	589	\N
109429	15	109803	2007-03-02	590	\N
109432	10	109804	2009-07-01	591	\N
109430	10	109805	2009-03-01	592	\N
109433	10	109807	2009-07-01	593	\N
109434	10	109808	2009-07-01	594	\N
109435	3	109809	2009-07-01	595	\N
109436	3	109810	2009-07-01	596	\N
109437	5	109811	2009-01-07	597	\N
109438	5	109812	2009-01-07	598	\N
109440	100034	109813	2009-06-01	599	\N
109439	100034	109814	2009-06-01	600	\N
109447	3	109823	2009-09-25	601	\N
109448	3	109824	2009-09-25	602	\N
109449	100034	109825	2009-09-01	603	\N
109460	3	109826	2010-01-01	604	\N
109461	3	109827	2010-01-01	605	\N
109462	15	109828	2009-12-23	606	\N
109463	15	109829	2009-12-23	607	\N
109469	5	109831	2010-01-01	608	\N
109465	5	109832	2010-01-01	609	\N
109466	5	109833	2010-01-01	610	\N
109467	5	109834	2010-01-01	611	\N
109468	5	109835	2010-01-01	612	\N
109470	7	109836	2010-01-01	613	\N
109471	7	109837	2010-01-01	614	\N
109473	7	109839	2010-01-01	615	\N
109474	7	109840	2010-01-01	616	\N
109476	7	109842	2010-01-01	617	\N
109477	7	109843	2010-01-01	618	\N
109479	100034	109845	2009-01-01	619	\N
109480	7	109846	2010-02-18	620	\N
109481	7	109847	2010-02-18	621	\N
109482	5	109850	2010-01-01	622	\N
109485	3	109851	2010-01-01	623	\N
109486	4	109852	2010-02-01	624	\N
109487	4	109853	2010-02-01	625	\N
109488	4	109854	2010-02-01	626	\N
109489	4	109855	2010-02-01	627	\N
109490	4	109856	2010-02-01	628	\N
109491	4	109857	2010-01-01	629	\N
109492	4	109858	2010-03-15	630	\N
109493	100034	109859	2010-01-01	631	\N
109495	100034	109861	2010-01-01	632	\N
109496	100034	109862	2010-01-01	633	\N
109497	100034	109863	2010-01-01	634	\N
109498	100034	109864	2010-01-01	635	\N
109499	100035	109865	2010-01-01	636	\N
109501	15	109867	2010-01-03	637	\N
109502	15	109868	2010-03-08	638	\N
109504	10	109871	2010-01-01	639	\N
109507	10	109873	2010-04-01	640	\N
109508	3	109876	2010-01-01	641	\N
109510	15	109877	2010-01-01	642	\N
109509	15	109878	2010-01-01	643	\N
109511	10	109879	2010-05-01	644	\N
109512	100034	109880	2010-03-01	645	\N
109516	7	109884	2010-05-01	646	\N
109517	7	109885	2010-05-01	647	\N
109522	3	109889	2010-05-01	648	\N
109523	3	109890	2010-05-01	649	\N
109527	7	109903	2010-01-01	650	\N
109526	7	109904	2010-01-01	651	\N
109529	15	109905	2010-04-01	652	\N
109528	15	109906	2010-04-01	653	\N
109530	5	109907	2010-02-01	654	\N
109531	5	109908	2010-02-01	655	\N
109533	5	109909	2010-06-01	656	\N
109532	5	109910	2010-06-01	657	\N
109534	10	109914	2010-04-01	658	\N
109536	10	109915	2010-04-01	659	\N
109535	10	109916	2010-04-01	660	\N
109541	3	109917	2010-06-01	661	\N
109540	3	109918	2010-06-01	662	\N
109542	3	109919	2010-06-01	663	\N
109539	3	109920	2010-06-01	664	\N
109537	3	109921	2009-12-01	665	\N
109538	3	109922	2010-01-01	666	\N
109543	3	109923	2010-01-01	667	\N
109544	3	109924	2010-01-01	668	\N
109545	3	109925	2010-01-01	669	\N
109548	10	109926	2010-04-01	670	\N
109549	3	109927	2010-07-01	671	\N
109556	100035	109932	2010-06-01	672	\N
109555	100035	109933	2010-06-01	673	\N
109561	5	109956	2010-07-01	674	\N
109560	5	109957	2010-07-01	675	\N
109562	100035	109959	2010-05-01	676	\N
109564	5	109960	2010-10-01	677	\N
109565	5	109961	2008-06-18	678	\N
109573	3	109969	2010-11-01	679	\N
109572	3	109970	2010-11-01	680	\N
109577	7	109972	2011-01-01	681	\N
109576	7	109973	2011-01-01	682	\N
109575	7	109974	2011-01-01	683	\N
109578	3	109975	2010-12-01	684	\N
109581	3	109976	2011-01-01	685	\N
109585	100034	109979	2010-09-01	686	\N
109586	100034	109980	2010-09-01	687	\N
109583	100034	109981	2010-06-01	688	\N
109584	100034	109982	2010-06-01	689	\N
109582	100034	109983	2006-06-01	690	\N
109587	12	109984	2010-10-08	691	\N
109588	12	109985	2010-10-08	692	\N
109590	100035	109987	2011-01-01	693	\N
109591	15	109988	2010-06-18	694	\N
109594	15	109989	2010-06-18	695	\N
109593	15	109990	2010-06-18	696	\N
109592	15	109991	2010-06-18	697	\N
109596	7	109992	2011-01-01	698	\N
109595	7	109993	2011-01-01	699	\N
109600	3	109995	2011-02-01	700	\N
109601	3	109996	2011-02-01	701	\N
109599	3	109997	2011-01-01	702	\N
109597	3	109998	2011-01-01	703	\N
109598	3	109999	2011-01-01	704	\N
109602	100035	110000	2011-03-01	705	\N
109604	10	110001	2011-01-01	706	\N
109605	10	110002	2011-02-01	707	\N
109603	10	110003	2010-04-01	708	\N
109606	10	110004	2011-03-01	709	\N
109607	3	110005	2011-01-01	710	\N
109608	3	110006	2011-01-01	711	\N
109609	3	110007	2011-01-01	712	\N
109610	3	110008	2011-01-01	713	\N
109611	3	110009	2011-02-01	714	\N
109612	3	110010	2011-02-01	715	\N
109615	5	110013	2011-01-01	716	\N
109616	100034	110014	2011-01-01	717	\N
109617	100034	110015	2011-01-01	718	\N
109618	100034	110016	2011-01-01	719	\N
109619	100034	110017	2011-01-01	720	\N
109625	100034	110018	2011-01-01	721	\N
109621	100034	110019	2011-01-01	722	\N
109622	100034	110020	2011-01-01	723	\N
109623	100034	110021	2011-01-01	724	\N
109624	100034	110022	2011-01-01	725	\N
109620	100034	110023	2011-01-01	726	\N
109627	12	110025	2011-01-01	727	\N
109628	3	110026	2011-04-01	728	\N
109629	3	110027	2011-04-01	729	\N
109630	3	110028	2011-04-01	730	\N
109631	3	110029	2011-04-01	731	\N
109632	3	110030	2011-04-01	732	\N
109639	3	110031	2011-04-01	733	\N
109636	3	110034	2011-04-01	734	\N
109637	3	110035	2011-04-01	735	\N
109638	3	110036	2011-04-01	736	\N
109633	3	110037	2011-04-01	737	\N
109640	10	110038	2011-01-01	738	\N
109641	7	110039	2011-05-06	739	\N
109642	100035	110040	2011-05-01	740	\N
109643	3	110041	2011-05-01	741	\N
109644	3	110042	2011-05-01	742	\N
109648	3	110043	2011-06-01	743	\N
109646	3	110044	2011-06-01	744	\N
109645	3	110045	2011-06-01	745	\N
109647	3	110046	2011-06-01	746	\N
109650	5	110047	2011-04-29	747	\N
109649	5	110048	2011-04-29	748	\N
109651	14	110049	2009-09-01	749	\N
109652	3	110050	2011-10-01	750	\N
109653	3	110051	2011-12-01	751	\N
109654	5	110052	2011-10-01	752	\N
109656	7	110053	2011-11-21	753	\N
109655	7	110054	2011-11-21	754	\N
109657	7	110055	2011-01-01	755	\N
109658	3	110056	2012-01-01	756	\N
109660	7	110057	2012-01-01	757	\N
109659	7	110058	2012-01-01	758	\N
109661	7	110059	2012-01-01	759	\N
109664	7	110060	2012-01-01	760	\N
109663	7	110061	2012-01-01	761	\N
109662	7	110062	2012-01-01	762	\N
109669	100034	110067	2011-01-01	763	\N
109670	100034	110068	2011-01-01	764	\N
109671	100034	110069	2011-01-01	765	\N
109672	100034	110070	2011-01-01	766	\N
109674	100034	110072	2011-01-01	767	\N
109675	100034	110073	2011-01-01	768	\N
109676	100034	110074	2011-01-01	769	\N
109677	100034	110075	2011-01-01	770	\N
109678	10	110076	2012-01-01	771	\N
109680	10	110078	2012-01-01	772	\N
109679	10	110079	2012-01-01	773	\N
109682	100035	110081	2012-01-01	774	\N
109686	3	110082	2012-03-01	775	\N
109683	3	110083	2012-03-01	776	\N
109685	3	110084	2012-04-01	777	\N
109684	3	110085	2012-04-01	778	\N
109687	15	110086	2012-01-01	779	\N
109688	15	110087	2012-01-01	780	\N
109689	15	110088	2012-01-01	781	\N
109690	15	110089	2012-03-02	782	\N
109691	15	110090	2012-03-02	783	\N
109700	3	110091	2012-03-01	784	\N
109692	3	110093	2012-01-01	785	\N
109694	3	110094	2012-02-01	786	\N
109696	3	110095	2012-02-01	787	\N
109697	3	110096	2012-02-01	788	\N
109698	3	110097	2012-02-01	789	\N
109699	3	110098	2012-02-01	790	\N
109695	3	110099	2012-02-01	791	\N
109701	7	110100	2012-01-01	792	\N
109702	13	110101	2012-03-01	793	\N
109706	13	110102	2012-04-01	794	\N
109703	13	110103	2012-03-16	795	\N
109705	13	110104	2012-03-16	796	\N
109704	13	110105	2012-03-16	797	\N
109708	13	110106	2012-04-06	798	\N
109707	13	110107	2012-04-06	799	\N
109710	10	110108	2012-04-01	800	\N
109709	10	110109	2012-03-01	801	\N
109713	100035	110110	2012-05-01	802	\N
109711	100035	110112	2012-04-01	803	\N
109712	100035	110113	2012-04-01	804	\N
109715	7	110114	2012-04-26	805	\N
109714	7	110115	2012-04-24	806	\N
109716	13	110116	2012-03-01	807	\N
109717	13	110117	2012-03-01	808	\N
109720	13	110118	2012-03-01	809	\N
109719	13	110119	2012-03-01	810	\N
109718	13	110120	2012-03-01	811	\N
109721	3	110121	2012-01-01	812	\N
109723	3	110122	2012-04-01	813	\N
109722	3	110123	2012-04-01	814	\N
109731	10	110125	2012-05-01	815	\N
109733	10	110126	2012-06-01	816	\N
109734	100034	110134	2012-07-09	817	\N
109735	100034	110135	2012-07-09	818	\N
109736	100034	110136	2012-07-09	819	\N
109737	100034	110137	2012-07-09	820	\N
109738	100034	110138	2012-07-09	821	\N
109739	100034	110139	2012-07-09	822	\N
109740	100034	110140	2012-07-09	823	\N
109741	3	110141	2012-05-01	824	\N
109742	3	110142	2012-06-01	825	\N
109743	5	110143	2012-08-01	826	\N
109746	3	110145	2012-08-01	827	\N
109745	3	110146	2012-08-01	828	\N
109748	10	110147	2011-12-09	829	\N
109747	10	110148	2011-12-09	830	\N
109749	5	110149	2009-01-01	831	\N
109750	5	110150	2009-01-01	832	\N
109751	12	110151	2012-01-01	833	\N
109754	3	110152	2012-09-01	834	\N
109755	3	110153	2012-09-01	835	\N
109752	3	110154	2012-04-01	836	\N
109753	3	110155	2012-04-01	837	\N
109761	100034	110156	2012-09-01	838	\N
109759	100034	110157	2012-08-01	839	\N
109758	100034	110159	2012-08-01	840	\N
109760	100034	110160	2012-08-01	841	\N
109756	100034	110161	2012-01-01	842	\N
109757	100034	110162	2012-01-01	843	\N
109762	100034	110163	2012-10-01	844	\N
109764	3	110164	2012-12-01	845	\N
109763	3	110165	2012-12-01	846	\N
109765	100034	110166	2012-01-01	847	\N
109769	100034	110168	2012-02-01	848	\N
109774	100034	110171	2012-12-01	849	\N
109775	100034	110172	2012-12-01	850	\N
109770	100034	110173	2012-12-01	851	\N
109771	100034	110174	2012-12-01	852	\N
109772	100034	110175	2012-12-01	853	\N
109773	100034	110176	2012-12-01	854	\N
109776	100034	110177	2012-03-01	855	\N
109777	100034	110178	2012-03-01	856	\N
110050	10	110186	2013-01-01	857	\N
110051	10	110187	2013-01-01	858	\N
110052	10	110188	2013-01-01	859	\N
110053	10	110189	2013-01-01	860	\N
110054	10	110190	2013-01-01	861	\N
110055	10	110191	2013-01-01	862	\N
110056	10	110192	2013-01-01	863	\N
110057	10	110193	2013-01-01	864	\N
110058	10	110194	2013-01-01	865	\N
110059	10	110195	2013-01-01	866	\N
110060	10	110196	2013-01-01	867	\N
110061	10	110197	2013-01-01	868	\N
110062	10	110198	2013-01-01	869	\N
110063	7	110199	2013-01-21	870	\N
110064	7	110200	2012-12-20	871	\N
110065	10	110201	2013-02-01	872	\N
110066	100034	110202	2013-01-01	873	\N
110067	5	110203	2012-08-24	874	\N
110068	5	110204	2013-01-01	875	\N
110069	5	110205	2013-01-01	876	\N
110070	5	110206	2013-01-01	877	\N
110071	3	110207	2013-01-01	878	\N
110072	3	110208	2013-01-01	879	\N
110073	3	110209	2013-02-01	880	\N
110040	12	110210	2013-01-01	881	\N
110041	12	110211	2013-01-01	882	\N
110042	12	110212	2013-01-01	883	\N
110043	10	110213	2013-01-01	884	\N
110044	10	110214	2012-10-01	885	\N
110045	5	110215	2013-01-01	886	\N
110046	5	110216	2013-01-01	887	\N
110047	5	110217	2012-08-24	888	\N
110048	5	110218	2013-01-01	889	\N
110049	5	110219	2013-01-01	890	\N
110037	3	110220	2013-01-01	891	\N
110038	3	110221	2013-02-01	892	\N
110039	5	110222	2013-01-01	893	\N
110093	3	110238	2013-03-01	894	\N
110090	3	110239	2013-03-01	895	\N
110092	3	110240	2013-03-01	896	\N
110091	3	110241	2013-03-01	897	\N
110094	15	110242	2013-03-01	898	\N
110097	3	110243	2013-03-01	899	\N
110100	15	110244	2013-02-01	900	\N
110099	14	110245	2012-01-01	901	\N
110103	3	110246	2013-03-01	902	\N
110089	3	110247	2013-03-01	903	\N
110102	3	110248	2013-03-01	904	\N
110096	3	110249	2013-03-01	905	\N
110095	15	110250	2013-03-01	906	\N
110098	3	110251	2013-03-01	907	\N
110101	15	110252	2013-02-01	908	\N
110196	14	110328	2012-01-01	909	\N
110197	15	110329	2013-01-01	910	\N
110198	14	110330	2012-01-01	911	\N
110199	14	110331	2012-01-01	912	\N
110200	14	110332	2012-01-01	913	\N
110201	3	110333	2013-04-22	914	\N
110202	14	110334	2012-01-01	915	\N
110203	15	110335	2013-02-08	916	\N
110179	15	110336	2013-01-01	917	\N
110180	14	110337	2012-01-01	918	\N
110181	14	110338	2012-01-01	919	\N
110182	14	110339	2012-01-01	920	\N
110183	14	110340	2012-01-01	921	\N
110184	100035	110341	2013-03-01	922	\N
110185	4	110342	2013-01-01	923	\N
110186	4	110343	2013-01-01	924	\N
110187	14	110344	2012-01-01	925	\N
110188	15	110345	2013-02-08	926	\N
110189	10	110346	2013-02-01	927	\N
110190	4	110347	2013-01-01	928	\N
110191	15	110348	2013-01-01	929	\N
110192	15	110349	2013-01-01	930	\N
110193	15	110350	2013-02-08	931	\N
110194	15	110351	2013-02-08	932	\N
110195	3	110352	2013-03-18	933	\N
110204	14	110353	2012-01-01	934	\N
110205	14	110354	2012-01-01	935	\N
110206	14	110355	2012-01-01	936	\N
110207	14	110356	2012-01-01	937	\N
110208	14	110357	2012-01-01	938	\N
110209	14	110358	2012-01-01	939	\N
110241	15	110359	2013-01-01	940	\N
110242	14	110360	2012-01-01	941	\N
110243	14	110361	2012-01-01	942	\N
110244	14	110362	2012-01-01	943	\N
110245	3	110363	2013-05-01	944	\N
110246	14	110364	2012-01-01	945	\N
110247	14	110365	2012-01-01	946	\N
110248	14	110366	2012-01-01	947	\N
110210	100034	110367	2013-04-01	948	\N
110211	14	110368	2012-01-01	949	\N
110212	14	110369	2012-01-01	950	\N
110213	14	110370	2012-01-01	951	\N
110214	10	110371	2013-03-01	952	\N
110215	3	110372	2013-05-01	953	\N
110216	15	110373	2013-01-01	954	\N
110217	100035	110374	2013-04-01	955	\N
110218	13	110375	2013-03-01	956	\N
110219	14	110376	2012-01-01	957	\N
110220	14	110377	2012-01-01	958	\N
110221	14	110378	2012-01-01	959	\N
110222	14	110379	2012-01-01	960	\N
110223	14	110380	2012-01-01	961	\N
110224	14	110381	2012-01-01	962	\N
110225	14	110382	2012-01-01	963	\N
110226	14	110383	2012-01-01	964	\N
110227	3	110384	2013-05-01	965	\N
110228	14	110385	2012-01-01	966	\N
110229	14	110386	2012-01-01	967	\N
110230	14	110387	2012-01-01	968	\N
110231	14	110388	2012-01-01	969	\N
110232	14	110389	2012-01-01	970	\N
110234	14	110391	2012-01-01	971	\N
110235	14	110392	2012-01-01	972	\N
110236	15	110393	2013-01-01	973	\N
110237	15	110394	2013-01-01	974	\N
110238	3	110395	2013-05-01	975	\N
110239	3	110396	2013-05-01	976	\N
110240	13	110397	2013-03-01	977	\N
110250	100034	110399	2013-06-01	978	\N
110251	14	110400	2012-01-01	979	\N
110252	3	110401	2013-05-28	980	\N
110253	10	110402	2013-09-02	981	\N
110254	14	110403	2012-01-01	982	\N
110255	3	110404	2013-05-28	983	\N
110256	14	110405	2012-01-01	984	\N
110257	14	110406	2012-01-01	985	\N
110258	14	110407	2012-01-01	986	\N
110259	14	110408	2012-01-01	987	\N
110260	14	110409	2012-01-01	988	\N
110261	14	110410	2012-01-01	989	\N
110263	100035	110412	2013-05-01	990	\N
110264	14	110413	2012-01-01	991	\N
110265	14	110414	2012-01-01	992	\N
110266	14	110415	2012-01-01	993	\N
110267	14	110416	2013-01-01	994	\N
110268	14	110417	2012-01-01	995	\N
110269	14	110418	2012-01-01	996	\N
110270	3	110419	2013-05-28	997	\N
110271	3	110420	2013-05-28	998	\N
110272	3	110421	2013-07-29	999	\N
110274	3	110422	2013-08-01	1000	\N
110273	3	110423	2013-07-29	1001	\N
110275	3	110424	2013-08-01	1002	\N
110277	100034	110425	2013-01-01	1003	\N
110278	10	110426	2013-09-01	1004	\N
110276	100034	110427	2013-09-02	1005	\N
110279	100034	110428	2013-09-02	1006	\N
110280	7	110429	2013-09-20	1007	\N
110282	7	110430	2013-09-20	1008	\N
110281	100034	110431	2013-09-02	1009	\N
110735	100034	110883	2013-12-01	1010	\N
110734	100034	110884	2013-01-01	1011	\N
110733	100034	110885	2013-10-01	1012	\N
110736	100034	110886	2013-12-01	1013	\N
110738	100034	110887	2013-12-01	1014	\N
110729	3	110888	2013-11-01	1015	\N
110737	100034	110889	2013-12-01	1016	\N
110731	3	110890	2013-11-01	1017	\N
110730	3	110891	2013-11-01	1018	\N
110732	3	110892	2013-11-01	1019	\N
110781	100034	110925	2014-01-01	1020	\N
110782	100034	110926	2013-11-28	1021	\N
110786	100034	110927	2013-01-01	1022	\N
110785	100034	110928	2013-01-01	1023	\N
110783	100034	110929	2014-01-01	1024	\N
110784	100034	110930	2013-01-01	1025	\N
110773	100034	110931	2013-01-01	1026	\N
110771	3	110932	2014-01-01	1027	\N
110774	100034	110933	2013-12-01	1028	\N
110775	100034	110934	2014-01-01	1029	\N
110776	100034	110935	2013-12-01	1030	\N
110777	100034	110936	2013-12-01	1031	\N
110778	100034	110937	2013-11-01	1032	\N
110779	100034	110938	2013-01-01	1033	\N
110780	100034	110939	2013-01-01	1034	\N
110772	3	110940	2014-01-01	1035	\N
110827	5	110977	2013-09-01	1036	\N
110829	3	110978	2014-01-01	1037	\N
110823	5	110979	2013-09-01	1038	\N
110831	7	110980	2013-12-06	1039	\N
110825	7	110981	2013-12-06	1040	\N
110826	3	110982	2014-01-01	1041	\N
110830	3	110983	2014-01-01	1042	\N
110824	5	110984	2013-09-01	1043	\N
110828	5	110985	2013-09-01	1044	\N
\.


--
-- Data for Name: FytoVormen; Type: TABLE DATA; Schema: public; Owner: -
--

COPY "FytoVormen" ("VrmId", "Code", "Omschr", "Vervaldatum") FROM stdin;
1	1	Vloeibaar	\N
2	2	Vast	\N
100000	9	Dummy	\N
\.


--
-- Data for Name: FytoWerkzameStoffen; Type: TABLE DATA; Schema: public; Owner: -
--

COPY "FytoWerkzameStoffen" ("WsfId", "CgpId", "Code", "Omschr", "PrintIndicatorJN", "Type") FROM stdin;
100024	48	19	FLUDIOXONIL	f	\N
100026	58	17	ORGANISCHE ZOUTEN	f	\N
100027	100003	1	CYPRODINIL	f	\N
100028	1	10	S-METOLACHLOOR	f	\N
100029	30	19	PYMETROZINE	f	\N
100030	46	4	STREPTOMYCINESULFAAT	f	\N
100031	1	12	DIMETHENAMIDE	f	\N
100032	23	31	PARATHION-METHYL	f	\N
100036	60	22	PERAZIJNZUUR	f	\N
100037	31	10	FENHEXAMIDE	f	\N
100035	60	23	WATERSTOFPEROXIDE	f	\N
100038	19	25	FLORASULAM	f	\N
100039	30	20	FIPRONIL	f	\N
100040	100000	1	MESOTRIONE	f	\N
100041	58	18	FOSFATEN	f	\N
100042	100003	2	MEPANIPYRIM	f	\N
100087	60	26	ETHERISCHE OLIEEN	f	\N
100045	50	10	PROHEXADIONE CALCIUM	f	\N
100046	1	13	DIMETHENAMIDE-P	f	\N
100047	48	23	CYAZOFAMID	f	\N
100048	100004	6	TRIFLOXYSTROBINE	f	\N
100065	54	4	FOSTHIAZATE	f	\N
100119	20	8	METARHIZIUM ANISOPLIAE	f	\N
100120	1	14	ISOXABEN	f	\N
100121	30	33	SULFURYLFLUORIDE	f	\N
100122	17	9	TRITOSULFURON	f	\N
100123	27	14	TEFLUTHRIN	f	\N
100124	19	34	PINOXADEN	f	\N
100125	49	3	PSEUDOMONAS CHLORORAPHIS	f	\N
100127	30	34	ETOXAZOOL	f	\N
100129	30	18	EMAMECTIN BENZOAAT	f	\N
100133	48	36	AMETOCTRADIN	f	\N
100134	60	30	KALIUMTHIOCYANAAT	f	\N
100135	60	31	KALIUMJODIDE	f	\N
100136	48	10	SILTHIOFAM	f	\N
100137	30	36	PYRIDALYL	f	\N
100138	100002	3	SPIROTETRAMAT	f	\N
100139	19	37	DECAANZUUR	f	\N
100140	19	38	NONAANZUUR	f	\N
100141	100001	5	CLOTHIANIDINE	f	\N
100146	31	12	BIXAFEN	f	\N
100152	48	37	AMISULBROM	f	\N
100154	19	39	FLUFENACET	f	\N
100155	58	20	ISOXADIFEN-ETHYL	f	\N
100142	5	7	2,4-DB	f	\N
100143	30	37	CYFLUMETOFEN	f	\N
100145	60	32	LAMINARINE	f	\N
100147	31	13	FLUXAPYROXAD	f	\N
100149	60	33	DIDECYLDIMETHYLAMMONIUM CHLORIDE	f	\N
100150	30	38	TRIBENURON METHYL	f	\N
100151	17	10	CHLORANTRANILIPROLE	f	\N
100153	17	11	PROSULFURON	f	\N
100156	60	34	MALTODEXTRINE	f	\N
100144	20	9	(Z)-11-TETRADECENYL ACETATE	f	\N
100126	36	4	FOSETYL	f	\N
100128	19	35	PYRAFLUFEN-ETHYL	f	\N
100088	100002	2	SPIROMESIFEN	f	\N
100092	48	30	BENTHIAVALICARB-ISOPROPYL	f	\N
100090	19	31	QUINOCLAMIN	f	\N
100091	60	27	DIAGNOSTIEK	f	\N
100093	20	5	BEAUVERIA BASSIANA	f	\N
100094	27	13	ALFA-CYPERMETHRIN	f	\N
100095	57	14	SULFOSUCCINAAT	f	\N
100096	100001	3	THIAMETHOXAM	f	\N
100097	48	31	FENAMIDONE	f	\N
100098	30	29	METHOXYFENOZIDE	f	\N
100099	60	28	CALCIUMHYDROXIDE	f	\N
100100	48	32	METRAFENONE	f	\N
100101	37	13	METCONAZOOL	f	\N
100102	49	2	CONIOTHYRUM MINITANS	f	\N
100103	100001	4	ACETAMIPRID	f	\N
100104	17	8	MESOSULFURON-METHYL	f	\N
100105	37	14	PROTHIOCONAZOOL	f	\N
100106	48	33	FLUOXASTROBIN	f	\N
100107	58	19	MEFENPYR-DIETHYL	f	\N
100108	30	31	FLONICAMID	f	\N
100109	48	34	ZOXAMIDE	f	\N
100110	56	3	GEESTERDE KOOLZAADOLIE	f	\N
100111	29	4	LUFENURON	f	\N
100112	60	29	TENSIO A.S.	f	\N
100113	19	32	TOPRAMEZONE	f	\N
100114	2	6	IOXYNIL-OCTANOAAT	f	\N
100115	48	35	FLUOPICOLIDEN	f	\N
100116	30	32	ACEQUINOCYL	f	\N
100117	39	6	MANDIPROPAMID	f	\N
100118	19	33	FLUMIOXAZIN	f	\N
100130	19	36	PYROXSULAM	f	\N
100131	30	35	FLUBENDIAMIDE	f	\N
100132	100000	3	TEMBOTRIONE	f	\N
100067	20	7	SPODOPTERA EXIGUA KERNPOLYEDERVIRUS	f	\N
100050	55	10	FLOCOUMAFEEN	f	\N
100052	48	25	QUINOXYFEN	f	\N
100060	19	28	CRESOL	f	\N
100059	30	21	SPINOSAD	f	\N
100055	30	9	INDOXACARB	f	\N
100056	100004	2	FAMOXADONE	f	\N
100057	30	22	MILBEMECTINE	f	\N
100058	39	5	FENPROPIDIN	f	\N
100061	31	8	METALAXYL-M	f	\N
100063	60	24	AMMONIAK	f	\N
100064	57	11	ISODECYLALCOHOLETHOXYLAAT	f	\N
100066	18	4	TEPRALOXYDIM	f	\N
100068	30	23	BIFENAZATE	f	\N
100069	100004	4	PICOXYSTROBINE	f	\N
100070	100004	5	PYRACLOSTROBINE	f	\N
100071	20	4	AZADIRACHTINE-A	f	\N
100072	60	25	BOORETHANOLAMINE	f	\N
100073	31	9	BOSCALID	f	\N
100075	57	12	GEETH.VETZ.ALCOHOL	f	\N
100076	100002	1	SPIRODICLOFEN	f	\N
100077	100001	2	THIACLOPRID	f	\N
100078	19	29	CARFENTRAZONE ETHYL	f	\N
100079	19	30	CLOMAZONE	f	\N
100080	57	13	ALCOHOL-ETHOXYLAAT	f	\N
100085	17	7	FORAMSULFURON	f	\N
100086	17	6	IODOSULFURON-METHYL-NATRIUM	f	\N
1	1	1	ALACHLOOR	f	\N
2	1	2	BENZOYLPROP-ETHYL	f	\N
3	1	3	CHLOORTHIAMIDE	f	\N
4	1	4	DIFLUFENICAN	f	\N
5	1	5	DIMETACHLOOR	f	\N
6	1	6	METAZACHLOOR	f	\N
7	1	7	METOLACHLOOR	f	\N
8	1	8	PROPACHLOOR	t	\N
9	1	9	PROPYZAMIDE	f	\N
10	2	1	BROMOXYNIL	f	\N
11	2	2	CHLOORTHAL-METHYL	f	\N
12	2	3	DICAMBA	f	\N
13	2	4	DICHLOBENIL	f	\N
14	2	5	IOXYNIL	f	\N
15	3	1	ASULAM	f	\N
16	3	2	CARBEETAMIDE	f	\N
17	3	3	CHLOORBUFAM	f	\N
18	3	4	CHLOORPROFAM	t	\N
19	3	5	DESMEDIFAM	f	\N
20	3	6	FENMEDIFAM	f	\N
21	3	7	PROFAM	t	\N
22	4	1	DINOSEB	f	\N
23	4	2	DINOSEB-ACETAAT	f	\N
24	4	3	DINOTERB	f	\N
25	4	4	DNOC	t	\N
26	5	1	2,4-D	t	\N
27	5	2	DICHLOORPROP	f	\N
28	5	3	DICHLOORPROP-P	f	\N
29	5	4	MCPA	t	\N
30	5	5	MECOPROP	f	\N
31	5	6	MECOPROP-P	t	\N
32	6	1	QUATERN.AMMONIUMVERB	f	\N
33	7	1	DIFENZOQUAT	f	\N
34	7	2	DIQUAT	f	\N
35	7	3	PARAQUAT	f	\N
36	8	1	CYCLOAAT	f	\N
37	8	2	DIALLAAT	f	\N
38	8	3	EPTC	f	\N
39	8	4	PROSULFOCARB	f	\N
40	8	5	TRIALLAAT	f	\N
41	9	1	ATRAZIN	t	\N
42	9	2	CYANAZIN	f	\N
43	9	3	DESMETRYN	f	\N
44	9	4	METAMITRON	f	\N
45	9	5	METRIBUZIN	f	\N
46	9	6	PROMETRYN	f	\N
47	9	7	PROPAZIN	f	\N
48	9	8	SIMAZIN	f	\N
49	9	9	TERBUTRYN	f	\N
50	9	10	TERBUTYLAZIN	f	\N
51	10	1	CHLOORBROMURON	f	\N
52	10	2	CHLOORTOLURON	f	\N
53	10	3	CHLOROXURON	f	\N
54	10	4	DIFENOXURON	f	\N
55	10	5	DIURON	f	\N
56	10	6	ISOPROTURON	t	\N
57	10	7	LINURON	t	\N
58	10	8	METHABENZTHIAZURON	f	\N
59	10	9	METOBROMURON	f	\N
60	10	10	METOXURON	f	\N
61	10	11	MONOLINURON	f	\N
62	11	1	ACLONIFEN	f	\N
63	11	2	BIFENOX	f	\N
64	11	3	BROOMFENOXIM	f	\N
65	11	4	PENDIMETHALIN	f	\N
66	11	5	TRIFLURALIN	f	\N
67	12	1	AMMONIUMSULFAAT	f	\N
68	19	7	FERROSULFAAT	f	\N
69	12	3	NATRIUMARSENIET	f	\N
70	13	1	GLUFOSINAAT-AMMONIUM	f	\N
71	13	2	GLYFOSAAT	f	\N
72	13	3	GLYFOSAAT-TRIMESIUM	f	\N
73	14	1	FLUROXYPYR	f	\N
74	14	2	TRICLOPYR	f	\N
75	15	1	BROMACIL	f	\N
76	15	2	LENACIL	f	\N
77	16	1	CLODINAFOP	f	\N
78	16	2	FENOXAPROP-P-ETHYL	f	\N
79	16	3	FLUAZIFOP-BUTYL	f	\N
80	16	4	FLUAZIFOP-P-BUTYL	f	\N
81	16	5	HALOXYFOP-ETHOXYETH.	f	\N
82	16	6	HALOXYFOP-P-METH.EST	f	\N
83	16	7	PROPAQUIZAFOP	f	\N
84	16	8	QUIZALOFOP-ETHYL	f	\N
85	16	9	QUIZALOFOP-P-ETHYL	f	\N
86	17	1	METSULFURON-METHYL	f	\N
87	17	2	RIMSULFURON	f	\N
88	17	3	TRIFLUSULFURONMETHYL	f	\N
89	18	1	ALLOXYDIM-NATRIUM	f	\N
90	18	2	CYCLOXYDIM	f	\N
91	18	3	SETHOXYDIM	f	\N
92	19	1	AMITROL	f	\N
93	19	2	BENAZOLIN	f	\N
94	19	3	BENTAZON	f	\N
95	19	4	BUMINAFOS	f	\N
96	19	5	CHLORALHYDRAAT	f	\N
97	19	6	CHLORIDAZON	f	\N
98	14	3	CLOPYRALID	f	\N
99	19	8	CREOSOOT/CRESOL	f	\N
100	19	9	DALAPON	t	\N
101	19	10	ENDOTHAL-NATRIUM	f	\N
102	19	11	ETHOFUMESAAT	f	\N
103	19	12	FENOL	f	\N
104	19	13	FLUORCHLORIDON	f	\N
105	19	14	FLURENOL	f	\N
106	19	15	IMAZAMETHABENZ-METH.	f	\N
107	19	16	MCDS	f	\N
108	19	17	PYRIDATE	f	\N
109	19	18	QUINMERAC	f	\N
110	19	19	SELECTIEF WERK.OLIE	f	\N
111	19	20	TCA	f	\N
112	100000	2	SULCOTRION	f	\N
113	20	1	BACT.PREP.BAC.THUR.	f	\N
114	20	2	PYRETHRINEN-PYRETHRU	f	\N
115	20	3	CYDIAPOM.GRANU.VIRUS	f	\N
116	21	1	BENDIOCARB	f	\N
117	21	2	BENFURACARB	f	\N
118	21	3	CARBARYL	t	\N
119	21	4	CARBOFURAN	f	\N
120	21	5	ETHIOFENCARB	f	\N
121	21	6	FENOXYCARB	f	\N
122	21	7	METHIOCARB	f	\N
123	21	8	PIRIMICARB	f	\N
124	21	9	PROPOXUR	f	\N
125	22	1	BUTOCARBOXIM	f	\N
126	22	2	BUTOXYCARBOXIM	f	\N
127	22	3	METHOMYL	f	\N
128	22	4	OXAMYL	f	\N
129	22	5	THIOFANOX	f	\N
130	23	3	AZINFOS-METHYL	t	\N
131	23	6	CARBOFENOTHION	f	\N
132	23	7	CHLOORFENVINFOS	f	\N
133	23	11	DICHLOORVOS	t	\N
134	23	15	FONOFOS	f	\N
135	23	18	FOSFAMIDON	f	\N
136	23	21	HEPTENOFOS	f	\N
137	23	22	ISOFENFOS	f	\N
138	23	25	METHAMIDOFOS	f	\N
139	23	26	METHIDATION	f	\N
140	23	27	MEVINFOS	f	\N
141	23	28	OMETHOAAT	f	\N
142	23	29	OXY-DEMETON-METHYL	f	\N
143	23	30	PARATHION-ETHYL	t	\N
144	23	35	SULFOTEP	f	\N
145	23	37	TERBUFOS	f	\N
146	23	42	TRICHLORONAAT	f	\N
147	23	43	VAMIDOTHION	f	\N
148	23	5	BROMOFOS-ETHYL	f	\N
149	23	8	CHLOORPYRIFOS	f	\N
150	23	9	DIAZINON	t	\N
151	23	10	DICHLOFENTHION	f	\N
152	23	12	DIMETHOAAT	t	\N
153	23	14	FENITROTHION	f	\N
154	23	16	FORMOTHION	f	\N
155	23	17	FOSALONE	f	\N
156	23	19	FOSMET	f	\N
157	23	20	FOXIM	f	\N
158	23	33	PROFENOFOS	f	\N
159	23	34	PROPETAMFOS	f	\N
160	23	39	THIOMETON	f	\N
161	23	40	TRIAZOFOS	f	\N
162	23	41	TRICHLOORFON	f	\N
163	23	1	ACEFAAT	f	\N
164	23	2	AZAMETHIFOS	f	\N
165	23	4	BROMOFOS	f	\N
166	23	13	ETRIMFOS	f	\N
167	23	23	JOODFENFOS	f	\N
168	23	24	MALATHION	f	\N
169	23	32	PIRIMIFOS-METHYL	f	\N
170	23	36	TEMEFOS	f	\N
171	23	38	TETRACHLOORVINFOS	f	\N
172	26	1	DICOFOL	f	\N
173	26	2	DIENOCHLOOR	f	\N
174	26	3	ENDOSULFAN	f	\N
175	26	4	ENDRIN	f	\N
176	26	5	LINDAAN	t	\N
177	26	6	METHOXYCHLOOR	f	\N
178	27	1	BIFENTHRIN	f	\N
179	27	2	BIO-ALLETRIN	f	\N
180	27	3	CYFLUTHRIN	f	\N
181	27	4	CYPERMETHRIN	f	\N
182	27	5	DELTAMETHRIN	f	\N
183	27	6	ESFENVALERAAT	f	\N
184	27	7	FENPROPATHRIN	f	\N
185	27	8	FENVALERAAT	f	\N
186	27	9	LAMBDA-CYHALOTHRIN	f	\N
187	27	10	PERMETHRIN	f	\N
188	27	11	TAU-FLUVALINAAT	f	\N
189	27	12	TETRAMETHRIN	f	\N
190	28	1	AZOCYCLOTIN	f	\N
191	28	2	CYHEXATIN	f	\N
192	28	3	FENBUTATINOXIDE	f	\N
193	29	1	DIFLUBENZURON	f	\N
194	29	2	FLUCYCLOXURON	f	\N
195	29	3	TEFLUBENZURON	f	\N
196	30	1	ABAMECTINE	f	\N
197	30	2	AMITRAZ	f	\N
198	30	3	BROOMPROPYLAAT	f	\N
199	30	4	BUPROFEZIN	f	\N
200	30	5	CALCIUMCYANIDE	f	\N
201	30	6	CHLOFENTEZIN	f	\N
202	30	7	CYROMAZINE	f	\N
203	30	8	HEXYTHIAZOX	f	\N
204	100001	1	IMIDACLOPRID	f	\N
205	30	10	PYRIDABEN	f	\N
206	30	11	S-METHOPREN	f	\N
207	30	12	STEENKOOLTEERDEST.	f	\N
208	30	13	THYOCYCLAMHYDRO.OXAL	f	\N
209	30	14	HYDRAMETHYLNON	f	\N
210	30	15	TEBUFENPYRAD	f	\N
211	30	16	TRIAZAMAAT	f	\N
212	30	17	PYRIPROXIFEN	f	\N
213	20	6	CODLEMON	f	\N
214	31	1	BENODANIL	f	\N
215	31	2	CYPROFURAM	f	\N
216	31	3	FENFURAM	f	\N
217	31	4	FURALAXYL	f	\N
218	31	5	METALAXYL	f	\N
219	31	6	OXADIXYL	f	\N
220	31	7	OXYCARBOXIN	f	\N
221	32	1	BENOMYL	f	\N
222	32	2	CARBENDAZIM	t	\N
223	32	3	FUBERIDAZOL	f	\N
224	32	4	THIABENDAZOL	f	\N
225	32	5	THIOFANAAT-METHYL	f	\N
226	33	1	CAPTAFOL	f	\N
227	33	2	CAPTAN	t	\N
228	33	3	DICHLOFLUANIDE	f	\N
229	33	4	FOLPET	f	\N
230	33	5	TOLYLFLUANIDE	f	\N
231	34	1	IPRODION	f	\N
232	34	2	PROCYMIDON	f	\N
233	34	3	VINCHLOZOLIN	f	\N
234	35	1	FERBAM	f	\N
235	35	2	MANCOZEB	t	\N
236	35	3	MANEB	t	\N
237	35	4	METIRAM	f	\N
238	35	5	NA-DIMETH.DITHIOCARB	f	\N
239	35	6	PENTACHLOORFENOL	f	\N
240	35	7	THIRAM	t	\N
241	35	8	ZINEB	t	\N
242	35	9	ZIRAM	f	\N
243	36	1	FOSETYL-ALUMINIUM	f	\N
244	36	2	PYRAZOFOS	f	\N
245	36	3	TOLCLOFOS-METHYL	f	\N
246	37	1	AZACONAZOLE	f	\N
247	37	2	BITERTANOL	f	\N
248	37	3	CYPROCONAZOOL	f	\N
249	37	4	DIFENOCONAZOOL	f	\N
250	37	5	EPOXYCONAZOL	f	\N
251	37	6	MYCLOBUTANIL	f	\N
252	37	7	PENCONAZOOL	f	\N
253	37	8	PROPICONAZOL	f	\N
254	37	9	TEBUCONAZOOL	f	\N
255	37	10	TRIADIMEFON	f	\N
256	37	11	TRIADIMENOL	f	\N
257	37	12	BROMUCONAZOOL	f	\N
258	38	1	AMM.KOPERSULFAAT	f	\N
259	38	2	KOPERHYDROXIDE	f	\N
260	38	3	KOPERNAFTENAAT	f	\N
261	38	4	KOPEROXYCHINOLAAT	f	\N
262	38	5	KOPEROXYCHLORIDE	t	\N
263	39	1	DIMETHOMORF	f	\N
264	39	2	DODEMORF	f	\N
265	39	3	FENPROPIMORF	f	\N
266	39	4	TRIDEMORF	f	\N
267	40	1	BINAPACRYL	f	\N
268	40	2	DICHLORAN	f	\N
269	40	3	DINOCAP	f	\N
270	40	4	FLUAZINAM	f	\N
271	40	5	NITROTHAL-ISOPROPYL	f	\N
272	41	1	BUPIRIMAAT	f	\N
273	41	2	FENARIMOL	f	\N
274	41	3	NUARIMOL	f	\N
275	42	1	FENTINACETAAT	f	\N
276	42	2	FENTINHYDROXIDE	f	\N
277	43	1	ZWAVEL	f	\N
278	44	1	IMAZALIL	f	\N
279	44	2	PROCHLORAZ	f	\N
280	44	3	PYRIFENOX	f	\N
281	44	4	TRIFLUMIZOOL	f	\N
282	44	5	TRIFORINE	f	\N
283	45	1	CYMOXANIL	f	\N
284	45	2	PENCYCURON	f	\N
285	46	1	KASUGAMYCINE	f	\N
286	46	2	STREPTOMYCINE	f	\N
287	46	3	VALIDAMYCINE	f	\N
288	47	1	DIETHOFENCARB	f	\N
289	47	2	PROPAMOCARB	f	\N
290	48	1	ANILAZIN	f	\N
291	48	2	CARBOXIN	f	\N
292	48	3	CHLOORTHALONIL	f	\N
293	48	4	DITHIANON	f	\N
294	48	5	DODINE	f	\N
295	48	6	ETHYLKWIKBROMIDE	f	\N
296	48	7	ETRIDIAZOL	f	\N
297	48	8	FENAMINOSULF	f	\N
298	48	9	FENPICLONIL	f	\N
299	31	11	FLUTOLANIL	f	\N
300	48	11	GUAZATINE	f	\N
301	48	12	HYMEXAZOOL	f	\N
302	48	13	KWIKOXIDE	f	\N
303	48	14	METHYLKWIKBENZOAAT	f	\N
304	100003	3	PYRIMETHANIL	f	\N
305	48	16	QUINTOZEEN	f	\N
306	100004	1	AZOXYSTROBINE	f	\N
307	100004	3	KRESOXIM-METHYL	f	\N
308	49	1	STREPTOM.GRISEOVIRID	f	\N
309	50	1	CHLOORMEQUAT	t	\N
310	50	2	DAMINOZIDE	f	\N
311	50	3	ETHEFON	f	\N
312	50	4	MALEINEHYDRAZIDE	t	\N
313	50	5	MEFLUIDIDE	f	\N
314	50	6	MEPIQUAT-CHLORIDE	f	\N
315	50	7	PACLOBUTRAZOL	f	\N
316	50	8	PROPYLBUTYLFENOXYAC.	f	\N
317	50	9	TRINEXAPAC-ETHYL	f	\N
318	51	1	CIPC	t	\N
319	51	2	IPC	t	\N
320	51	3	KARVON-D	f	\N
321	52	1	ANCYMIDOL	f	\N
322	52	2	1-NAFTYLACEETAMIDE	f	\N
323	52	3	1-NAFTYLAZIJNZUUR	f	\N
324	52	4	2-INDOLYLBOTERZUUR	f	\N
325	52	5	2-NAFTOXYAZIJNZUUR	f	\N
326	52	6	3-INDOLYLBOTERZUUR	f	\N
327	52	7	4-CHLOORFENOXYAZIJNZ	f	\N
328	52	8	BENZYLADENINE	f	\N
329	52	9	GIBBERELINE	f	\N
330	52	10	METHYLNAFTYLACEETAM.	f	\N
331	52	11	METHYLNAFTYLAZIJNZ.	f	\N
332	53	1	CIS-DICHLOORPROPEEN	f	\N
333	53	2	DAZOMET	f	\N
334	53	3	DICHLOORPROPEEN	f	\N
335	53	4	METAM-NATRIUM	t	\N
336	53	5	METHYLISOTHIOCYANAAT	f	\N
337	54	1	ALDICARB	f	\N
338	54	2	ETHOPROFOS	f	\N
339	54	3	FENAMIFOS	f	\N
340	55	1	ALUMINIUMFOSFIDE	f	\N
341	55	2	BRODIFACOUM	f	\N
342	55	3	BROMADIOLON	f	\N
343	55	4	CHLOORFACINON	f	\N
344	55	5	CUMATETRALYL	f	\N
345	55	6	DIFENACUM	f	\N
346	55	7	DIFETHIALON	f	\N
347	55	8	STRYCHNINE	f	\N
348	55	9	WARFARIN	f	\N
349	56	1	MINERALE OLIE	f	\N
350	57	1	A.A.POLYGLYCOLETHER	f	\N
351	57	2	DIAMYL.ETH.GLYCOLET.	f	\N
352	57	3	GEETHOX.VETZ.AMINE	f	\N
353	57	4	NONYLFENOL-ETH.GLYC.	f	\N
354	57	5	NONYLFENOL-POLYETHOXY-ETHANOL	f	\N
355	57	6	POLYETHETHANOXY-TALL	f	\N
356	57	7	POLYOXYETH.ALK.AM.	f	\N
357	57	8	SUIKERDERIVAAT	f	\N
358	58	1	AMMONIUMTHIOCYANAAT	f	\N
359	58	2	BOORZUUR	f	\N
360	58	3	CLOQUINTOCET	f	\N
361	58	4	DIAL.DICHL.ACEETAM.	f	\N
362	58	5	DICHLOORMETHAAN	f	\N
363	58	6	ETHYLEENGLYCOL	f	\N
364	58	7	FENCHLORAZOOL-ETHYL	f	\N
365	58	8	GLYCOLEN	f	\N
366	58	9	OCTYL.HEPT.CARBOXIM.	f	\N
367	58	10	PIPERONYLBUTOXIDE	f	\N
368	58	11	POLYVINYLACETAAT	f	\N
369	58	12	SILICONEN	f	\N
370	59	1	METALDEHYDE	f	\N
371	59	2	THIODICARB	f	\N
372	60	1	ANTHRACHINON	f	\N
373	60	2	BORATEN	f	\N
374	60	3	BORAX	f	\N
375	60	4	CALCIUMNITRAAT	f	\N
376	60	5	MAGNESIUMOXIDE	f	\N
377	60	6	NATRIUMBORAAT	f	\N
378	60	7	NATRIUMHYDROXIDE	f	\N
379	60	8	TEEROLIE	f	\N
380	17	4	AMIDOSULFURON	f	\N
381	1	11	ISOXAFLUTOOL	f	\N
100000	19	23	CINIDON-ETHYL	f	\N
100001	57	9	POLYVINYLALKYLAAT	f	\N
100002	60	9	KOPER (ORGANISCH GEBONDEN)	f	\N
100003	60	10	MAGNESIUM (ORGANISCH GEBONDEN)	f	\N
100004	60	11	MANGAAN (ORGANISCH GEBONDEN)	f	\N
100005	60	12	CALCIUM (ORGANISCH GEBONDEN)	f	\N
100006	56	2	PLANTAARDIGE OLIE	f	\N
100007	58	13	TRISILOXAA (POLYETHER GEMODIFICEERD)	f	\N
100008	60	13	CALCIUMCARBONAAT	f	\N
100009	60	14	WASSEN & HARSEN	f	\N
100010	60	15	IJZER (ORGANISCH GEBONDEN)	f	\N
100011	58	14	XYLENOL	f	\N
100012	58	15	NAFTALEEN	f	\N
100013	58	16	INDEEN	f	\N
100016	17	5	NICOSULFURON	f	\N
100017	60	18	STIKSTOF	f	\N
100018	60	17	FOSFORZUURANHYDRIDE	f	\N
100019	60	16	KALIUMOXYDE	f	\N
100020	57	10	NONYLFENOL-POLYETHOXYETHANOL	f	\N
100021	60	19	TALK	f	\N
100022	60	20	IJZER (FE-EDDMHA)	f	\N
100023	60	21	ORGANISCHE ZUREN	f	\N
100185	48	40	CYFLUFENAMIDE	f	\N
100186	48	41	FLUOPYRAM	f	\N
100187	48	38	ISOPYRAZAM	f	\N
100188	48	39	KALIUM WATERSTOF CARBONAAT	f	\N
\.


--
-- Data for Name: Gvl_OA; Type: TABLE DATA; Schema: public; Owner: -
--

COPY "Gvl_OA" ("ID", "Field1", "Field2", "Field3", "Field4", "Field5", "Field6") FROM stdin;
1	1	1	1	test	1	I
2	3	2	1	ggg	2	I
3	4	2	2	ft5rhy	3	I
4	5	1	5	gemuteerd	2	U
\.


--
-- Name: Gvl_OA_ID_seq; Type: SEQUENCE SET; Schema: public; Owner: -
--

SELECT pg_catalog.setval('"Gvl_OA_ID_seq"', 1, false);


--
-- Data for Name: Paste Errors; Type: TABLE DATA; Schema: public; Owner: -
--

COPY "Paste Errors" ("Tpd Id", "TpdTpdId", "Htd Id", "Code", "Omschrijving", "Vervaldatum") FROM stdin;
0	4	1	5	grasteelt	\N
1	2	1	1	Grasteelt2	1998-12-01 00:00:00
2	\N	2	2	dicotiel	1998-12-01 00:00:00
3	2	1	3	Maisteelt	\N
4	\N	1	4	monocotiel	\N
5	4	1	6	maisteelt2	\N
6	\N	1	7	pann	\N
\.


--
-- Data for Name: QsaaSyscon; Type: TABLE DATA; Schema: public; Owner: -
--

COPY "QsaaSyscon" ("SysconNaam", "ZichtbaarJn", "SysconOmschr", "NumberWaarde", "Varchar2Waarde", "DateWaarde") FROM stdin;
FYTO_OMREKENFACTOR	J	\N	1	\N	\N
\.


--
-- Data for Name: QsaaTabelAlias; Type: TABLE DATA; Schema: public; Owner: -
--

COPY "QsaaTabelAlias" ("TbaId", "Tabelnaam", "Alias") FROM stdin;
\.


--
-- Name: QsaaTabelAlias_TbaId_seq; Type: SEQUENCE SET; Schema: public; Owner: -
--

SELECT pg_catalog.setval('"QsaaTabelAlias_TbaId_seq"', 1, false);


--
-- Data for Name: tempImpExpVersie; Type: TABLE DATA; Schema: public; Owner: -
--

COPY "tempImpExpVersie" ("ID", "tempImpVersie", "TempImpDate", "Munteenheid") FROM stdin;
144	174	2014-01-16	1
\.


--
-- Name: tempImpExpVersie_ID_seq; Type: SEQUENCE SET; Schema: public; Owner: -
--

SELECT pg_catalog.setval('"tempImpExpVersie_ID_seq"', 1, false);


--
-- Name: FytoArtikelen_pkey; Type: CONSTRAINT; Schema: public; Owner: -; Tablespace: 
--

ALTER TABLE ONLY "FytoArtikelen"
    ADD CONSTRAINT "FytoArtikelen_pkey" PRIMARY KEY (autonumber);


--
-- Name: FytoArtikelkenmerken_pkey; Type: CONSTRAINT; Schema: public; Owner: -; Tablespace: 
--

ALTER TABLE ONLY "FytoArtikelkenmerken"
    ADD CONSTRAINT "FytoArtikelkenmerken_pkey" PRIMARY KEY ("AtkId");


--
-- Name: FytoBestrMidGroepProduct_pkey; Type: CONSTRAINT; Schema: public; Owner: -; Tablespace: 
--

ALTER TABLE ONLY "FytoBestrMidGroepProduct"
    ADD CONSTRAINT "FytoBestrMidGroepProduct_pkey" PRIMARY KEY ("BptId");


--
-- Name: FytoBestrMidGroepen_pkey; Type: CONSTRAINT; Schema: public; Owner: -; Tablespace: 
--

ALTER TABLE ONLY "FytoBestrMidGroepen"
    ADD CONSTRAINT "FytoBestrMidGroepen_pkey" PRIMARY KEY ("BspId");


--
-- Name: FytoBestrMidHfdGroep_pkey; Type: CONSTRAINT; Schema: public; Owner: -; Tablespace: 
--

ALTER TABLE ONLY "FytoBestrMidHfdGroep"
    ADD CONSTRAINT "FytoBestrMidHfdGroep_pkey" PRIMARY KEY ("BepId");


--
-- Name: FytoChemischeGroepen_pkey; Type: CONSTRAINT; Schema: public; Owner: -; Tablespace: 
--

ALTER TABLE ONLY "FytoChemischeGroepen"
    ADD CONSTRAINT "FytoChemischeGroepen_pkey" PRIMARY KEY ("CgpId");


--
-- Name: FytoChemischeHoofdgroepen_pkey; Type: CONSTRAINT; Schema: public; Owner: -; Tablespace: 
--

ALTER TABLE ONLY "FytoChemischeHoofdgroepen"
    ADD CONSTRAINT "FytoChemischeHoofdgroepen_pkey" PRIMARY KEY ("ChpId");


--
-- Name: FytoConcentratieEenheden_pkey; Type: CONSTRAINT; Schema: public; Owner: -; Tablespace: 
--

ALTER TABLE ONLY "FytoConcentratieEenheden"
    ADD CONSTRAINT "FytoConcentratieEenheden_pkey" PRIMARY KEY ("CedId");


--
-- Name: FytoConcentraties_pkey; Type: CONSTRAINT; Schema: public; Owner: -; Tablespace: 
--

ALTER TABLE ONLY "FytoConcentraties"
    ADD CONSTRAINT "FytoConcentraties_pkey" PRIMARY KEY ("CceId");


--
-- Name: FytoDeelnemers_pkey; Type: CONSTRAINT; Schema: public; Owner: -; Tablespace: 
--

ALTER TABLE ONLY "FytoDeelnemers"
    ADD CONSTRAINT "FytoDeelnemers_pkey" PRIMARY KEY ("DnrId");


--
-- Name: FytoEenheden_pkey; Type: CONSTRAINT; Schema: public; Owner: -; Tablespace: 
--

ALTER TABLE ONLY "FytoEenheden"
    ADD CONSTRAINT "FytoEenheden_pkey" PRIMARY KEY ("EhdId");


--
-- Name: FytoExtraWaardenAtlKenmerk_pkey; Type: CONSTRAINT; Schema: public; Owner: -; Tablespace: 
--

ALTER TABLE ONLY "FytoExtraWaardenAtlKenmerk"
    ADD CONSTRAINT "FytoExtraWaardenAtlKenmerk_pkey" PRIMARY KEY ("EakId");


--
-- Name: FytoExtraWaardenPdtKenmerk_pkey; Type: CONSTRAINT; Schema: public; Owner: -; Tablespace: 
--

ALTER TABLE ONLY "FytoExtraWaardenPdtKenmerk"
    ADD CONSTRAINT "FytoExtraWaardenPdtKenmerk_pkey" PRIMARY KEY ("EpkId");


--
-- Name: FytoFormHelp_pkey; Type: CONSTRAINT; Schema: public; Owner: -; Tablespace: 
--

ALTER TABLE ONLY "FytoFormHelp"
    ADD CONSTRAINT "FytoFormHelp_pkey" PRIMARY KEY ("HlpModtabName", "HlpIndex", "HlpAppln", "HlpType", "HlpSeq");


--
-- Name: FytoFormuleringen_pkey; Type: CONSTRAINT; Schema: public; Owner: -; Tablespace: 
--

ALTER TABLE ONLY "FytoFormuleringen"
    ADD CONSTRAINT "FytoFormuleringen_pkey" PRIMARY KEY ("FmgId");


--
-- Name: FytoGevaarsymbolenProduct_pkey; Type: CONSTRAINT; Schema: public; Owner: -; Tablespace: 
--

ALTER TABLE ONLY "FytoGevaarsymbolenProduct"
    ADD CONSTRAINT "FytoGevaarsymbolenProduct_pkey" PRIMARY KEY ("GptId");


--
-- Name: FytoGevaarsymbolen_pkey; Type: CONSTRAINT; Schema: public; Owner: -; Tablespace: 
--

ALTER TABLE ONLY "FytoGevaarsymbolen"
    ADD CONSTRAINT "FytoGevaarsymbolen_pkey" PRIMARY KEY ("GvlId");


--
-- Name: FytoHoofdtoepassingsgebieden_pkey; Type: CONSTRAINT; Schema: public; Owner: -; Tablespace: 
--

ALTER TABLE ONLY "FytoHoofdtoepassingsgebieden"
    ADD CONSTRAINT "FytoHoofdtoepassingsgebieden_pkey" PRIMARY KEY ("HtdId");


--
-- Name: FytoKenmerkenArtikel_pkey; Type: CONSTRAINT; Schema: public; Owner: -; Tablespace: 
--

ALTER TABLE ONLY "FytoKenmerkenArtikel"
    ADD CONSTRAINT "FytoKenmerkenArtikel_pkey" PRIMARY KEY ("KalId");


--
-- Name: FytoKenmerkenProduct_pkey; Type: CONSTRAINT; Schema: public; Owner: -; Tablespace: 
--

ALTER TABLE ONLY "FytoKenmerkenProduct"
    ADD CONSTRAINT "FytoKenmerkenProduct_pkey" PRIMARY KEY ("KptId");


--
-- Name: FytoMaterialenStdVerpak_pkey; Type: CONSTRAINT; Schema: public; Owner: -; Tablespace: 
--

ALTER TABLE ONLY "FytoMaterialenStdVerpak"
    ADD CONSTRAINT "FytoMaterialenStdVerpak_pkey" PRIMARY KEY ("MsgId");


--
-- Name: FytoMaterialen_pkey; Type: CONSTRAINT; Schema: public; Owner: -; Tablespace: 
--

ALTER TABLE ONLY "FytoMaterialen"
    ADD CONSTRAINT "FytoMaterialen_pkey" PRIMARY KEY ("MtlId");


--
-- Name: FytoMilieuEffectenProduct_pkey; Type: CONSTRAINT; Schema: public; Owner: -; Tablespace: 
--

ALTER TABLE ONLY "FytoMilieuEffectenProduct"
    ADD CONSTRAINT "FytoMilieuEffectenProduct_pkey" PRIMARY KEY ("MctId");


--
-- Name: FytoMilieuEffecten_pkey; Type: CONSTRAINT; Schema: public; Owner: -; Tablespace: 
--

ALTER TABLE ONLY "FytoMilieuEffecten"
    ADD CONSTRAINT "FytoMilieuEffecten_pkey" PRIMARY KEY ("MetId");


--
-- Name: FytoMilieucategorieen_pkey; Type: CONSTRAINT; Schema: public; Owner: -; Tablespace: 
--

ALTER TABLE ONLY "FytoMilieucategorieen"
    ADD CONSTRAINT "FytoMilieucategorieen_pkey" PRIMARY KEY ("MieId");


--
-- Name: FytoMilieucodesClm_pkey; Type: CONSTRAINT; Schema: public; Owner: -; Tablespace: 
--

ALTER TABLE ONLY "FytoMilieucodesClm"
    ADD CONSTRAINT "FytoMilieucodesClm_pkey" PRIMARY KEY ("McmId");


--
-- Name: FytoMutatieImport_pkey; Type: CONSTRAINT; Schema: public; Owner: -; Tablespace: 
--

ALTER TABLE ONLY "FytoMutatieImport"
    ADD CONSTRAINT "FytoMutatieImport_pkey" PRIMARY KEY ("MtiId");


--
-- Name: FytoOZinnenProduct_pkey; Type: CONSTRAINT; Schema: public; Owner: -; Tablespace: 
--

ALTER TABLE ONLY "FytoOZinnenProduct"
    ADD CONSTRAINT "FytoOZinnenProduct_pkey" PRIMARY KEY ("OptId");


--
-- Name: FytoOZinnen_pkey; Type: CONSTRAINT; Schema: public; Owner: -; Tablespace: 
--

ALTER TABLE ONLY "FytoOZinnen"
    ADD CONSTRAINT "FytoOZinnen_pkey" PRIMARY KEY ("OznId");


--
-- Name: FytoOmrekeningsfactoren_pkey; Type: CONSTRAINT; Schema: public; Owner: -; Tablespace: 
--

ALTER TABLE ONLY "FytoOmrekeningsfactoren"
    ADD CONSTRAINT "FytoOmrekeningsfactoren_pkey" PRIMARY KEY ("OrrId");


--
-- Name: FytoOpslagcategorieen_pkey; Type: CONSTRAINT; Schema: public; Owner: -; Tablespace: 
--

ALTER TABLE ONLY "FytoOpslagcategorieen"
    ADD CONSTRAINT "FytoOpslagcategorieen_pkey" PRIMARY KEY ("OseId");


--
-- Name: FytoPeriodeAfzet_pkey; Type: CONSTRAINT; Schema: public; Owner: -; Tablespace: 
--

ALTER TABLE ONLY "FytoPeriodeAfzet"
    ADD CONSTRAINT "FytoPeriodeAfzet_pkey" PRIMARY KEY ("PatId");


--
-- Name: FytoPrijzen_pkey; Type: CONSTRAINT; Schema: public; Owner: -; Tablespace: 
--

ALTER TABLE ONLY "FytoPrijzen"
    ADD CONSTRAINT "FytoPrijzen_pkey" PRIMARY KEY ("PrsId");


--
-- Name: FytoProducentenProducten_pkey; Type: CONSTRAINT; Schema: public; Owner: -; Tablespace: 
--

ALTER TABLE ONLY "FytoProducentenProducten"
    ADD CONSTRAINT "FytoProducentenProducten_pkey" PRIMARY KEY ("PptId");


--
-- Name: FytoProducten_pkey; Type: CONSTRAINT; Schema: public; Owner: -; Tablespace: 
--

ALTER TABLE ONLY "FytoProducten"
    ADD CONSTRAINT "FytoProducten_pkey" PRIMARY KEY ("PdtId");


--
-- Name: FytoProductkenmerken_pkey; Type: CONSTRAINT; Schema: public; Owner: -; Tablespace: 
--

ALTER TABLE ONLY "FytoProductkenmerken"
    ADD CONSTRAINT "FytoProductkenmerken_pkey" PRIMARY KEY ("PdkId");


--
-- Name: FytoPublicaties_pkey; Type: CONSTRAINT; Schema: public; Owner: -; Tablespace: 
--

ALTER TABLE ONLY "FytoPublicaties"
    ADD CONSTRAINT "FytoPublicaties_pkey" PRIMARY KEY ("PbsId");


--
-- Name: FytoRZinnenProduct_pkey; Type: CONSTRAINT; Schema: public; Owner: -; Tablespace: 
--

ALTER TABLE ONLY "FytoRZinnenProduct"
    ADD CONSTRAINT "FytoRZinnenProduct_pkey" PRIMARY KEY ("RptId");


--
-- Name: FytoRZinnen_pkey; Type: CONSTRAINT; Schema: public; Owner: -; Tablespace: 
--

ALTER TABLE ONLY "FytoRZinnen"
    ADD CONSTRAINT "FytoRZinnen_pkey" PRIMARY KEY ("RznId");


--
-- Name: FytoRapportcijfers_pkey; Type: CONSTRAINT; Schema: public; Owner: -; Tablespace: 
--

ALTER TABLE ONLY "FytoRapportcijfers"
    ADD CONSTRAINT "FytoRapportcijfers_pkey" PRIMARY KEY ("RprId");


--
-- Name: FytoSZinnenProduct_pkey; Type: CONSTRAINT; Schema: public; Owner: -; Tablespace: 
--

ALTER TABLE ONLY "FytoSZinnenProduct"
    ADD CONSTRAINT "FytoSZinnenProduct_pkey" PRIMARY KEY ("SptId");


--
-- Name: FytoSZinnen_pkey; Type: CONSTRAINT; Schema: public; Owner: -; Tablespace: 
--

ALTER TABLE ONLY "FytoSZinnen"
    ADD CONSTRAINT "FytoSZinnen_pkey" PRIMARY KEY ("SznId");


--
-- Name: FytoStandaardverpakkingen_pkey; Type: CONSTRAINT; Schema: public; Owner: -; Tablespace: 
--

ALTER TABLE ONLY "FytoStandaardverpakkingen"
    ADD CONSTRAINT "FytoStandaardverpakkingen_pkey" PRIMARY KEY ("SdgId");


--
-- Name: FytoStorlStatussen_pkey; Type: CONSTRAINT; Schema: public; Owner: -; Tablespace: 
--

ALTER TABLE ONLY "FytoStorlStatussen"
    ADD CONSTRAINT "FytoStorlStatussen_pkey" PRIMARY KEY ("SssId");


--
-- Name: FytoTeeltgroepenProduct_pkey; Type: CONSTRAINT; Schema: public; Owner: -; Tablespace: 
--

ALTER TABLE ONLY "FytoTeeltgroepenProduct"
    ADD CONSTRAINT "FytoTeeltgroepenProduct_pkey" PRIMARY KEY ("TptId");


--
-- Name: FytoTeeltgroepen_pkey; Type: CONSTRAINT; Schema: public; Owner: -; Tablespace: 
--

ALTER TABLE ONLY "FytoTeeltgroepen"
    ADD CONSTRAINT "FytoTeeltgroepen_pkey" PRIMARY KEY ("TgpId");


--
-- Name: FytoToepassingsgebieden_pkey; Type: CONSTRAINT; Schema: public; Owner: -; Tablespace: 
--

ALTER TABLE ONLY "FytoToepassingsgebieden"
    ADD CONSTRAINT "FytoToepassingsgebieden_pkey" PRIMARY KEY ("TpdId");


--
-- Name: FytoVarToepassingen_pkey; Type: CONSTRAINT; Schema: public; Owner: -; Tablespace: 
--

ALTER TABLE ONLY "FytoVarToepassingen"
    ADD CONSTRAINT "FytoVarToepassingen_pkey" PRIMARY KEY ("VtgId");


--
-- Name: FytoVerbruiksplaatsen_pkey; Type: CONSTRAINT; Schema: public; Owner: -; Tablespace: 
--

ALTER TABLE ONLY "FytoVerbruiksplaatsen"
    ADD CONSTRAINT "FytoVerbruiksplaatsen_pkey" PRIMARY KEY ("VbsId");


--
-- Name: FytoVerkopersArtikelen_pkey; Type: CONSTRAINT; Schema: public; Owner: -; Tablespace: 
--

ALTER TABLE ONLY "FytoVerkopersArtikelen"
    ADD CONSTRAINT "FytoVerkopersArtikelen_pkey" PRIMARY KEY ("ValId");


--
-- Name: FytoVormen_pkey; Type: CONSTRAINT; Schema: public; Owner: -; Tablespace: 
--

ALTER TABLE ONLY "FytoVormen"
    ADD CONSTRAINT "FytoVormen_pkey" PRIMARY KEY ("VrmId");


--
-- Name: FytoWerkzameStoffen_pkey; Type: CONSTRAINT; Schema: public; Owner: -; Tablespace: 
--

ALTER TABLE ONLY "FytoWerkzameStoffen"
    ADD CONSTRAINT "FytoWerkzameStoffen_pkey" PRIMARY KEY ("WsfId");


--
-- Name: Gvl_OA_pkey; Type: CONSTRAINT; Schema: public; Owner: -; Tablespace: 
--

ALTER TABLE ONLY "Gvl_OA"
    ADD CONSTRAINT "Gvl_OA_pkey" PRIMARY KEY ("ID");


--
-- Name: QsaaSyscon_pkey; Type: CONSTRAINT; Schema: public; Owner: -; Tablespace: 
--

ALTER TABLE ONLY "QsaaSyscon"
    ADD CONSTRAINT "QsaaSyscon_pkey" PRIMARY KEY ("SysconNaam");


--
-- Name: QsaaTabelAlias_pkey; Type: CONSTRAINT; Schema: public; Owner: -; Tablespace: 
--

ALTER TABLE ONLY "QsaaTabelAlias"
    ADD CONSTRAINT "QsaaTabelAlias_pkey" PRIMARY KEY ("TbaId");


--
-- Name: tempImpExpVersie_pkey; Type: CONSTRAINT; Schema: public; Owner: -; Tablespace: 
--

ALTER TABLE ONLY "tempImpExpVersie"
    ADD CONSTRAINT "tempImpExpVersie_pkey" PRIMARY KEY ("ID");


--
-- Name: FytoArtikelen_AtlId_idx; Type: INDEX; Schema: public; Owner: -; Tablespace: 
--

CREATE UNIQUE INDEX "FytoArtikelen_AtlId_idx" ON "FytoArtikelen" USING btree ("AtlId");


--
-- Name: FytoArtikelen_FytoAtlPdtFkI_idx; Type: INDEX; Schema: public; Owner: -; Tablespace: 
--

CREATE INDEX "FytoArtikelen_FytoAtlPdtFkI_idx" ON "FytoArtikelen" USING btree ("PdtId");


--
-- Name: FytoArtikelen_FytoAtlSdgFkI_idx; Type: INDEX; Schema: public; Owner: -; Tablespace: 
--

CREATE INDEX "FytoArtikelen_FytoAtlSdgFkI_idx" ON "FytoArtikelen" USING btree ("SdgId");


--
-- Name: FytoArtikelen_FytoAtlSssFkI_idx; Type: INDEX; Schema: public; Owner: -; Tablespace: 
--

CREATE INDEX "FytoArtikelen_FytoAtlSssFkI_idx" ON "FytoArtikelen" USING btree ("SssId");


--
-- Name: FytoArtikelen_FytoAtlUk1_idx; Type: INDEX; Schema: public; Owner: -; Tablespace: 
--

CREATE INDEX "FytoArtikelen_FytoAtlUk1_idx" ON "FytoArtikelen" USING btree ("FytostatNummer");


--
-- Name: FytoArtikelen_FytoAtlUk2_idx; Type: INDEX; Schema: public; Owner: -; Tablespace: 
--

CREATE UNIQUE INDEX "FytoArtikelen_FytoAtlUk2_idx" ON "FytoArtikelen" USING btree ("EanCode");


--
-- Name: FytoArtikelen_FytoAtlUk3_idx; Type: INDEX; Schema: public; Owner: -; Tablespace: 
--

CREATE INDEX "FytoArtikelen_FytoAtlUk3_idx" ON "FytoArtikelen" USING btree ("AtlGvgId");


--
-- Name: FytoArtikelkenmerken_FytoAkmAkmFkI_idx; Type: INDEX; Schema: public; Owner: -; Tablespace: 
--

CREATE INDEX "FytoArtikelkenmerken_FytoAkmAkmFkI_idx" ON "FytoArtikelkenmerken" USING btree ("AtkAtkId");


--
-- Name: FytoArtikelkenmerken_FytoAkmUk_idx; Type: INDEX; Schema: public; Owner: -; Tablespace: 
--

CREATE UNIQUE INDEX "FytoArtikelkenmerken_FytoAkmUk_idx" ON "FytoArtikelkenmerken" USING btree ("Code");


--
-- Name: FytoBestrMidGroepProduct_FytoBptBspFkI_idx; Type: INDEX; Schema: public; Owner: -; Tablespace: 
--

CREATE INDEX "FytoBestrMidGroepProduct_FytoBptBspFkI_idx" ON "FytoBestrMidGroepProduct" USING btree ("BspId");


--
-- Name: FytoBestrMidGroepProduct_FytoBptPdtFkI_idx; Type: INDEX; Schema: public; Owner: -; Tablespace: 
--

CREATE INDEX "FytoBestrMidGroepProduct_FytoBptPdtFkI_idx" ON "FytoBestrMidGroepProduct" USING btree ("PdtId");


--
-- Name: FytoBestrMidGroepProduct_FytoBptUk_idx; Type: INDEX; Schema: public; Owner: -; Tablespace: 
--

CREATE UNIQUE INDEX "FytoBestrMidGroepProduct_FytoBptUk_idx" ON "FytoBestrMidGroepProduct" USING btree ("PdtId", "BspId");


--
-- Name: FytoBestrMidGroepen_FytoBspBepFkI_idx; Type: INDEX; Schema: public; Owner: -; Tablespace: 
--

CREATE INDEX "FytoBestrMidGroepen_FytoBspBepFkI_idx" ON "FytoBestrMidGroepen" USING btree ("BepId");


--
-- Name: FytoBestrMidGroepen_FytoBspUk_idx; Type: INDEX; Schema: public; Owner: -; Tablespace: 
--

CREATE UNIQUE INDEX "FytoBestrMidGroepen_FytoBspUk_idx" ON "FytoBestrMidGroepen" USING btree ("Code");


--
-- Name: FytoBestrMidHfdGroep_FytoBepUk_idx; Type: INDEX; Schema: public; Owner: -; Tablespace: 
--

CREATE UNIQUE INDEX "FytoBestrMidHfdGroep_FytoBepUk_idx" ON "FytoBestrMidHfdGroep" USING btree ("Code");


--
-- Name: FytoChemischeGroepen_FytoCgpChpFkI_idx; Type: INDEX; Schema: public; Owner: -; Tablespace: 
--

CREATE INDEX "FytoChemischeGroepen_FytoCgpChpFkI_idx" ON "FytoChemischeGroepen" USING btree ("ChpId");


--
-- Name: FytoChemischeGroepen_FytoCgpUk_idx; Type: INDEX; Schema: public; Owner: -; Tablespace: 
--

CREATE UNIQUE INDEX "FytoChemischeGroepen_FytoCgpUk_idx" ON "FytoChemischeGroepen" USING btree ("Code", "ChpId");


--
-- Name: FytoChemischeHoofdgroepen_FytoChpUk_idx; Type: INDEX; Schema: public; Owner: -; Tablespace: 
--

CREATE UNIQUE INDEX "FytoChemischeHoofdgroepen_FytoChpUk_idx" ON "FytoChemischeHoofdgroepen" USING btree ("Code");


--
-- Name: FytoConcentratieEenheden_FytoCedUk_idx; Type: INDEX; Schema: public; Owner: -; Tablespace: 
--

CREATE UNIQUE INDEX "FytoConcentratieEenheden_FytoCedUk_idx" ON "FytoConcentratieEenheden" USING btree ("Code");


--
-- Name: FytoConcentraties_FytoCcePdtFkI_idx; Type: INDEX; Schema: public; Owner: -; Tablespace: 
--

CREATE INDEX "FytoConcentraties_FytoCcePdtFkI_idx" ON "FytoConcentraties" USING btree ("PdtId");


--
-- Name: FytoConcentraties_FytoCceUk_idx; Type: INDEX; Schema: public; Owner: -; Tablespace: 
--

CREATE UNIQUE INDEX "FytoConcentraties_FytoCceUk_idx" ON "FytoConcentraties" USING btree ("WsfId", "PdtId");


--
-- Name: FytoConcentraties_FytoCceWsfFkI_idx; Type: INDEX; Schema: public; Owner: -; Tablespace: 
--

CREATE INDEX "FytoConcentraties_FytoCceWsfFkI_idx" ON "FytoConcentraties" USING btree ("WsfId");


--
-- Name: FytoDeelnemers_FytoDnrUk_idx; Type: INDEX; Schema: public; Owner: -; Tablespace: 
--

CREATE UNIQUE INDEX "FytoDeelnemers_FytoDnrUk_idx" ON "FytoDeelnemers" USING btree ("Code");


--
-- Name: FytoDomRapportageEenheid_FisNummer_idx; Type: INDEX; Schema: public; Owner: -; Tablespace: 
--

CREATE UNIQUE INDEX "FytoDomRapportageEenheid_FisNummer_idx" ON "FytoDomRapportageEenheid" USING btree ("FisNummer");


--
-- Name: FytoEenheden_FytoEhdUk_idx; Type: INDEX; Schema: public; Owner: -; Tablespace: 
--

CREATE UNIQUE INDEX "FytoEenheden_FytoEhdUk_idx" ON "FytoEenheden" USING btree ("Code");


--
-- Name: FytoExtraWaardenAtlKenmerk_FytoEakEhdFkI_idx; Type: INDEX; Schema: public; Owner: -; Tablespace: 
--

CREATE INDEX "FytoExtraWaardenAtlKenmerk_FytoEakEhdFkI_idx" ON "FytoExtraWaardenAtlKenmerk" USING btree ("EhdId");


--
-- Name: FytoExtraWaardenAtlKenmerk_FytoEakUk_idx; Type: INDEX; Schema: public; Owner: -; Tablespace: 
--

CREATE UNIQUE INDEX "FytoExtraWaardenAtlKenmerk_FytoEakUk_idx" ON "FytoExtraWaardenAtlKenmerk" USING btree ("KalId");


--
-- Name: FytoExtraWaardenPdtKenmerk_FytoEpkEhdFkI_idx; Type: INDEX; Schema: public; Owner: -; Tablespace: 
--

CREATE INDEX "FytoExtraWaardenPdtKenmerk_FytoEpkEhdFkI_idx" ON "FytoExtraWaardenPdtKenmerk" USING btree ("EhdId");


--
-- Name: FytoExtraWaardenPdtKenmerk_FytoEpkKptFkI_idx; Type: INDEX; Schema: public; Owner: -; Tablespace: 
--

CREATE INDEX "FytoExtraWaardenPdtKenmerk_FytoEpkKptFkI_idx" ON "FytoExtraWaardenPdtKenmerk" USING btree ("KptId");


--
-- Name: FytoExtraWaardenPdtKenmerk_FytoEpkUk_idx; Type: INDEX; Schema: public; Owner: -; Tablespace: 
--

CREATE UNIQUE INDEX "FytoExtraWaardenPdtKenmerk_FytoEpkUk_idx" ON "FytoExtraWaardenPdtKenmerk" USING btree ("KptId", "EhdId");


--
-- Name: FytoFormHelp_FytoFhpI_idx; Type: INDEX; Schema: public; Owner: -; Tablespace: 
--

CREATE INDEX "FytoFormHelp_FytoFhpI_idx" ON "FytoFormHelp" USING btree ("HlpAppln", "HlpIndex", "HlpSeq", "HlpType");


--
-- Name: FytoFormuleringen_FytoFmgUk_idx; Type: INDEX; Schema: public; Owner: -; Tablespace: 
--

CREATE UNIQUE INDEX "FytoFormuleringen_FytoFmgUk_idx" ON "FytoFormuleringen" USING btree ("Code");


--
-- Name: FytoFormuleringen_FytoFmgVrmFkI_idx; Type: INDEX; Schema: public; Owner: -; Tablespace: 
--

CREATE INDEX "FytoFormuleringen_FytoFmgVrmFkI_idx" ON "FytoFormuleringen" USING btree ("VrmId");


--
-- Name: FytoGevaarsymbolenProduct_FytoGptGvlFkI_idx; Type: INDEX; Schema: public; Owner: -; Tablespace: 
--

CREATE INDEX "FytoGevaarsymbolenProduct_FytoGptGvlFkI_idx" ON "FytoGevaarsymbolenProduct" USING btree ("GvlId");


--
-- Name: FytoGevaarsymbolenProduct_FytoGptPdtFkI_idx; Type: INDEX; Schema: public; Owner: -; Tablespace: 
--

CREATE INDEX "FytoGevaarsymbolenProduct_FytoGptPdtFkI_idx" ON "FytoGevaarsymbolenProduct" USING btree ("PdtId");


--
-- Name: FytoGevaarsymbolenProduct_FytoGptUk_idx; Type: INDEX; Schema: public; Owner: -; Tablespace: 
--

CREATE UNIQUE INDEX "FytoGevaarsymbolenProduct_FytoGptUk_idx" ON "FytoGevaarsymbolenProduct" USING btree ("PdtId", "GvlId");


--
-- Name: FytoGevaarsymbolen_FytoGvlUk_idx; Type: INDEX; Schema: public; Owner: -; Tablespace: 
--

CREATE UNIQUE INDEX "FytoGevaarsymbolen_FytoGvlUk_idx" ON "FytoGevaarsymbolen" USING btree ("Code");


--
-- Name: FytoHoofdtoepassingsgebieden_FytoHtdUk_idx; Type: INDEX; Schema: public; Owner: -; Tablespace: 
--

CREATE UNIQUE INDEX "FytoHoofdtoepassingsgebieden_FytoHtdUk_idx" ON "FytoHoofdtoepassingsgebieden" USING btree ("Code");


--
-- Name: FytoKenmerkenArtikel_FytoKalAtlFkI_idx; Type: INDEX; Schema: public; Owner: -; Tablespace: 
--

CREATE INDEX "FytoKenmerkenArtikel_FytoKalAtlFkI_idx" ON "FytoKenmerkenArtikel" USING btree ("AtlId");


--
-- Name: FytoKenmerkenArtikel_FytoKalUk_idx; Type: INDEX; Schema: public; Owner: -; Tablespace: 
--

CREATE UNIQUE INDEX "FytoKenmerkenArtikel_FytoKalUk_idx" ON "FytoKenmerkenArtikel" USING btree ("AtlId", "AtkId");


--
-- Name: FytoKenmerkenProduct_FytoKptPdkFkI_idx; Type: INDEX; Schema: public; Owner: -; Tablespace: 
--

CREATE INDEX "FytoKenmerkenProduct_FytoKptPdkFkI_idx" ON "FytoKenmerkenProduct" USING btree ("PdkId");


--
-- Name: FytoKenmerkenProduct_FytoKptPdtFkI_idx; Type: INDEX; Schema: public; Owner: -; Tablespace: 
--

CREATE INDEX "FytoKenmerkenProduct_FytoKptPdtFkI_idx" ON "FytoKenmerkenProduct" USING btree ("PdtId");


--
-- Name: FytoKenmerkenProduct_FytoKptUk_idx; Type: INDEX; Schema: public; Owner: -; Tablespace: 
--

CREATE UNIQUE INDEX "FytoKenmerkenProduct_FytoKptUk_idx" ON "FytoKenmerkenProduct" USING btree ("PdtId", "PdkId");


--
-- Name: FytoMaterialenStdVerpak_FytoMsgMtlFkI_idx; Type: INDEX; Schema: public; Owner: -; Tablespace: 
--

CREATE INDEX "FytoMaterialenStdVerpak_FytoMsgMtlFkI_idx" ON "FytoMaterialenStdVerpak" USING btree ("MtlId");


--
-- Name: FytoMaterialenStdVerpak_FytoMsgSdgFkI_idx; Type: INDEX; Schema: public; Owner: -; Tablespace: 
--

CREATE INDEX "FytoMaterialenStdVerpak_FytoMsgSdgFkI_idx" ON "FytoMaterialenStdVerpak" USING btree ("SdgId");


--
-- Name: FytoMaterialenStdVerpak_FytoMsgUk_idx; Type: INDEX; Schema: public; Owner: -; Tablespace: 
--

CREATE UNIQUE INDEX "FytoMaterialenStdVerpak_FytoMsgUk_idx" ON "FytoMaterialenStdVerpak" USING btree ("MtlId", "SdgId");


--
-- Name: FytoMaterialen_FytoMtlUk_idx; Type: INDEX; Schema: public; Owner: -; Tablespace: 
--

CREATE UNIQUE INDEX "FytoMaterialen_FytoMtlUk_idx" ON "FytoMaterialen" USING btree ("Code");


--
-- Name: FytoMilieuEffectenProduct_FytoMctMetFkI_idx; Type: INDEX; Schema: public; Owner: -; Tablespace: 
--

CREATE INDEX "FytoMilieuEffectenProduct_FytoMctMetFkI_idx" ON "FytoMilieuEffectenProduct" USING btree ("MetId");


--
-- Name: FytoMilieuEffectenProduct_FytoMctPdtFkI_idx; Type: INDEX; Schema: public; Owner: -; Tablespace: 
--

CREATE INDEX "FytoMilieuEffectenProduct_FytoMctPdtFkI_idx" ON "FytoMilieuEffectenProduct" USING btree ("PdtId");


--
-- Name: FytoMilieuEffectenProduct_FytoMctUk_idx; Type: INDEX; Schema: public; Owner: -; Tablespace: 
--

CREATE UNIQUE INDEX "FytoMilieuEffectenProduct_FytoMctUk_idx" ON "FytoMilieuEffectenProduct" USING btree ("PdtId", "MetId");


--
-- Name: FytoMilieuEffecten_FytoMetUk_idx; Type: INDEX; Schema: public; Owner: -; Tablespace: 
--

CREATE UNIQUE INDEX "FytoMilieuEffecten_FytoMetUk_idx" ON "FytoMilieuEffecten" USING btree ("Code");


--
-- Name: FytoMilieucategorieen_FytoMieUk_idx; Type: INDEX; Schema: public; Owner: -; Tablespace: 
--

CREATE UNIQUE INDEX "FytoMilieucategorieen_FytoMieUk_idx" ON "FytoMilieucategorieen" USING btree ("Code");


--
-- Name: FytoMilieucodesClm_FytoMcmUk_idx; Type: INDEX; Schema: public; Owner: -; Tablespace: 
--

CREATE UNIQUE INDEX "FytoMilieucodesClm_FytoMcmUk_idx" ON "FytoMilieucodesClm" USING btree ("Code");


--
-- Name: FytoMutatieImport_FytoMtiUk_idx; Type: INDEX; Schema: public; Owner: -; Tablespace: 
--

CREATE UNIQUE INDEX "FytoMutatieImport_FytoMtiUk_idx" ON "FytoMutatieImport" USING btree ("DnrId", "TabelAlias", "SubVersie", "Versie");


--
-- Name: FytoOZinnenProduct_FytoOptOznFkI_idx; Type: INDEX; Schema: public; Owner: -; Tablespace: 
--

CREATE INDEX "FytoOZinnenProduct_FytoOptOznFkI_idx" ON "FytoOZinnenProduct" USING btree ("OznId");


--
-- Name: FytoOZinnenProduct_FytoOptPdtFkI_idx; Type: INDEX; Schema: public; Owner: -; Tablespace: 
--

CREATE INDEX "FytoOZinnenProduct_FytoOptPdtFkI_idx" ON "FytoOZinnenProduct" USING btree ("PdtId");


--
-- Name: FytoOZinnenProduct_FytoOptUk_idx; Type: INDEX; Schema: public; Owner: -; Tablespace: 
--

CREATE UNIQUE INDEX "FytoOZinnenProduct_FytoOptUk_idx" ON "FytoOZinnenProduct" USING btree ("PdtId", "OznId");


--
-- Name: FytoOmrekeningsfactoren_FytoOrrPdtFkI_idx; Type: INDEX; Schema: public; Owner: -; Tablespace: 
--

CREATE INDEX "FytoOmrekeningsfactoren_FytoOrrPdtFkI_idx" ON "FytoOmrekeningsfactoren" USING btree ("PdtId");


--
-- Name: FytoOmrekeningsfactoren_FytoOrrUk_idx; Type: INDEX; Schema: public; Owner: -; Tablespace: 
--

CREATE UNIQUE INDEX "FytoOmrekeningsfactoren_FytoOrrUk_idx" ON "FytoOmrekeningsfactoren" USING btree ("PdtId", "Begindatum");


--
-- Name: FytoOpslagcategorieen_FytoOseUk_idx; Type: INDEX; Schema: public; Owner: -; Tablespace: 
--

CREATE UNIQUE INDEX "FytoOpslagcategorieen_FytoOseUk_idx" ON "FytoOpslagcategorieen" USING btree ("Code");


--
-- Name: FytoPeriodeAfzet_FytoPatUk_idx; Type: INDEX; Schema: public; Owner: -; Tablespace: 
--

CREATE UNIQUE INDEX "FytoPeriodeAfzet_FytoPatUk_idx" ON "FytoPeriodeAfzet" USING btree ("Begindatum", "ValId");


--
-- Name: FytoPrijzen_FytoPrsUk_idx; Type: INDEX; Schema: public; Owner: -; Tablespace: 
--

CREATE UNIQUE INDEX "FytoPrijzen_FytoPrsUk_idx" ON "FytoPrijzen" USING btree ("Prijstype", "Ingangsdatum", "ValId");


--
-- Name: FytoProducentenProducten_FytoPptDnrFkI_idx; Type: INDEX; Schema: public; Owner: -; Tablespace: 
--

CREATE INDEX "FytoProducentenProducten_FytoPptDnrFkI_idx" ON "FytoProducentenProducten" USING btree ("DnrId");


--
-- Name: FytoProducentenProducten_FytoPptPdtFkI_idx; Type: INDEX; Schema: public; Owner: -; Tablespace: 
--

CREATE INDEX "FytoProducentenProducten_FytoPptPdtFkI_idx" ON "FytoProducentenProducten" USING btree ("PdtId");


--
-- Name: FytoProducentenProducten_FytoPptUk1_idx; Type: INDEX; Schema: public; Owner: -; Tablespace: 
--

CREATE UNIQUE INDEX "FytoProducentenProducten_FytoPptUk1_idx" ON "FytoProducentenProducten" USING btree ("PdtId", "DnrId");


--
-- Name: FytoProducentenProducten_FytoPptUk2_idx; Type: INDEX; Schema: public; Owner: -; Tablespace: 
--

CREATE UNIQUE INDEX "FytoProducentenProducten_FytoPptUk2_idx" ON "FytoProducentenProducten" USING btree ("PdtId", "Begindatum");


--
-- Name: FytoProducten_FytoPdtCedFkI_idx; Type: INDEX; Schema: public; Owner: -; Tablespace: 
--

CREATE INDEX "FytoProducten_FytoPdtCedFkI_idx" ON "FytoProducten" USING btree ("CedId");


--
-- Name: FytoProducten_FytoPdtFmgFkI_idx; Type: INDEX; Schema: public; Owner: -; Tablespace: 
--

CREATE INDEX "FytoProducten_FytoPdtFmgFkI_idx" ON "FytoProducten" USING btree ("FmgId");


--
-- Name: FytoProducten_FytoPdtMcmFkI_idx; Type: INDEX; Schema: public; Owner: -; Tablespace: 
--

CREATE INDEX "FytoProducten_FytoPdtMcmFkI_idx" ON "FytoProducten" USING btree ("McmId");


--
-- Name: FytoProducten_FytoPdtOseFkI_idx; Type: INDEX; Schema: public; Owner: -; Tablespace: 
--

CREATE INDEX "FytoProducten_FytoPdtOseFkI_idx" ON "FytoProducten" USING btree ("OseId");


--
-- Name: FytoProducten_FytoPdtTpdFkI_idx; Type: INDEX; Schema: public; Owner: -; Tablespace: 
--

CREATE INDEX "FytoProducten_FytoPdtTpdFkI_idx" ON "FytoProducten" USING btree ("TpdId");


--
-- Name: FytoProducten_FytoPdtUk1_idx; Type: INDEX; Schema: public; Owner: -; Tablespace: 
--

CREATE UNIQUE INDEX "FytoProducten_FytoPdtUk1_idx" ON "FytoProducten" USING btree ("Toelatingsnummerconstante", "Toelatingsnummer");


--
-- Name: FytoProducten_FytoPdtVbsFkI_idx; Type: INDEX; Schema: public; Owner: -; Tablespace: 
--

CREATE INDEX "FytoProducten_FytoPdtVbsFkI_idx" ON "FytoProducten" USING btree ("VbsId");


--
-- Name: FytoProductkenmerken_FytoPdkPdkFkI_idx; Type: INDEX; Schema: public; Owner: -; Tablespace: 
--

CREATE INDEX "FytoProductkenmerken_FytoPdkPdkFkI_idx" ON "FytoProductkenmerken" USING btree ("PdkPdkId");


--
-- Name: FytoProductkenmerken_FytoPdkUk_idx; Type: INDEX; Schema: public; Owner: -; Tablespace: 
--

CREATE UNIQUE INDEX "FytoProductkenmerken_FytoPdkUk_idx" ON "FytoProductkenmerken" USING btree ("Code");


--
-- Name: FytoPublicaties_FytoPbsTbaFkI_idx; Type: INDEX; Schema: public; Owner: -; Tablespace: 
--

CREATE INDEX "FytoPublicaties_FytoPbsTbaFkI_idx" ON "FytoPublicaties" USING btree ("TbaId");


--
-- Name: FytoPublicaties_FytoPbsUk1_idx; Type: INDEX; Schema: public; Owner: -; Tablespace: 
--

CREATE UNIQUE INDEX "FytoPublicaties_FytoPbsUk1_idx" ON "FytoPublicaties" USING btree ("Veldnaam", "TbaId");


--
-- Name: FytoRZinnenProduct_FytoRptPdtFkI_idx; Type: INDEX; Schema: public; Owner: -; Tablespace: 
--

CREATE INDEX "FytoRZinnenProduct_FytoRptPdtFkI_idx" ON "FytoRZinnenProduct" USING btree ("PdtId");


--
-- Name: FytoRZinnenProduct_FytoRptRznFkI_idx; Type: INDEX; Schema: public; Owner: -; Tablespace: 
--

CREATE INDEX "FytoRZinnenProduct_FytoRptRznFkI_idx" ON "FytoRZinnenProduct" USING btree ("RznId");


--
-- Name: FytoRZinnenProduct_FytoRptUk_idx; Type: INDEX; Schema: public; Owner: -; Tablespace: 
--

CREATE UNIQUE INDEX "FytoRZinnenProduct_FytoRptUk_idx" ON "FytoRZinnenProduct" USING btree ("PdtId", "RznId");


--
-- Name: FytoRZinnen_FytoRznUk_idx; Type: INDEX; Schema: public; Owner: -; Tablespace: 
--

CREATE UNIQUE INDEX "FytoRZinnen_FytoRznUk_idx" ON "FytoRZinnen" USING btree ("Code");


--
-- Name: FytoRapportcijfers_FytoRprMieFkI_idx; Type: INDEX; Schema: public; Owner: -; Tablespace: 
--

CREATE INDEX "FytoRapportcijfers_FytoRprMieFkI_idx" ON "FytoRapportcijfers" USING btree ("MieId");


--
-- Name: FytoRapportcijfers_FytoRprTptFkI_idx; Type: INDEX; Schema: public; Owner: -; Tablespace: 
--

CREATE INDEX "FytoRapportcijfers_FytoRprTptFkI_idx" ON "FytoRapportcijfers" USING btree ("TptId");


--
-- Name: FytoRapportcijfers_FytoRprUk_idx; Type: INDEX; Schema: public; Owner: -; Tablespace: 
--

CREATE UNIQUE INDEX "FytoRapportcijfers_FytoRprUk_idx" ON "FytoRapportcijfers" USING btree ("MieId", "TptId");


--
-- Name: FytoRefCodes_FytoRfePk_idx; Type: INDEX; Schema: public; Owner: -; Tablespace: 
--

CREATE UNIQUE INDEX "FytoRefCodes_FytoRfePk_idx" ON "FytoRefCodes" USING btree ("RvLowValue", "RvDomain");


--
-- Name: FytoSZinnenProduct_FytoSptPdtFkI_idx; Type: INDEX; Schema: public; Owner: -; Tablespace: 
--

CREATE INDEX "FytoSZinnenProduct_FytoSptPdtFkI_idx" ON "FytoSZinnenProduct" USING btree ("PdtId");


--
-- Name: FytoSZinnenProduct_FytoSptSznFkI_idx; Type: INDEX; Schema: public; Owner: -; Tablespace: 
--

CREATE INDEX "FytoSZinnenProduct_FytoSptSznFkI_idx" ON "FytoSZinnenProduct" USING btree ("SznId");


--
-- Name: FytoSZinnenProduct_FytoSptUk_idx; Type: INDEX; Schema: public; Owner: -; Tablespace: 
--

CREATE UNIQUE INDEX "FytoSZinnenProduct_FytoSptUk_idx" ON "FytoSZinnenProduct" USING btree ("SznId", "PdtId");


--
-- Name: FytoSZinnen_FytoSznUk_idx; Type: INDEX; Schema: public; Owner: -; Tablespace: 
--

CREATE UNIQUE INDEX "FytoSZinnen_FytoSznUk_idx" ON "FytoSZinnen" USING btree ("Code");


--
-- Name: FytoSZinnen_FytoSznVtgFkI_idx; Type: INDEX; Schema: public; Owner: -; Tablespace: 
--

CREATE INDEX "FytoSZinnen_FytoSznVtgFkI_idx" ON "FytoSZinnen" USING btree ("VtgId");


--
-- Name: FytoStandaardverpakkingen_FytoSdgDnrFkI_idx; Type: INDEX; Schema: public; Owner: -; Tablespace: 
--

CREATE INDEX "FytoStandaardverpakkingen_FytoSdgDnrFkI_idx" ON "FytoStandaardverpakkingen" USING btree ("DnrId");


--
-- Name: FytoStandaardverpakkingen_FytoSdgSdgUk_idx; Type: INDEX; Schema: public; Owner: -; Tablespace: 
--

CREATE UNIQUE INDEX "FytoStandaardverpakkingen_FytoSdgSdgUk_idx" ON "FytoStandaardverpakkingen" USING btree ("Code", "DnrId");


--
-- Name: FytoStorlStatussen_FytoSssUk_idx; Type: INDEX; Schema: public; Owner: -; Tablespace: 
--

CREATE UNIQUE INDEX "FytoStorlStatussen_FytoSssUk_idx" ON "FytoStorlStatussen" USING btree ("Code");


--
-- Name: FytoTeeltgroepenProduct_FytoTptPdtFkI_idx; Type: INDEX; Schema: public; Owner: -; Tablespace: 
--

CREATE INDEX "FytoTeeltgroepenProduct_FytoTptPdtFkI_idx" ON "FytoTeeltgroepenProduct" USING btree ("PdtId");


--
-- Name: FytoTeeltgroepenProduct_FytoTptTgpFkI_idx; Type: INDEX; Schema: public; Owner: -; Tablespace: 
--

CREATE INDEX "FytoTeeltgroepenProduct_FytoTptTgpFkI_idx" ON "FytoTeeltgroepenProduct" USING btree ("TgpId");


--
-- Name: FytoTeeltgroepenProduct_FytoTptUk_idx; Type: INDEX; Schema: public; Owner: -; Tablespace: 
--

CREATE UNIQUE INDEX "FytoTeeltgroepenProduct_FytoTptUk_idx" ON "FytoTeeltgroepenProduct" USING btree ("PdtId", "TgpId");


--
-- Name: FytoTeeltgroepen_FytoTgpUk_idx; Type: INDEX; Schema: public; Owner: -; Tablespace: 
--

CREATE UNIQUE INDEX "FytoTeeltgroepen_FytoTgpUk_idx" ON "FytoTeeltgroepen" USING btree ("Code");


--
-- Name: FytoToepassingsgebieden_FytoTpdHtdFkI_idx; Type: INDEX; Schema: public; Owner: -; Tablespace: 
--

CREATE INDEX "FytoToepassingsgebieden_FytoTpdHtdFkI_idx" ON "FytoToepassingsgebieden" USING btree ("HtdId");


--
-- Name: FytoToepassingsgebieden_FytoTpdUk_idx; Type: INDEX; Schema: public; Owner: -; Tablespace: 
--

CREATE UNIQUE INDEX "FytoToepassingsgebieden_FytoTpdUk_idx" ON "FytoToepassingsgebieden" USING btree ("Code", "HtdId", "TpdTpdId");


--
-- Name: FytoVarToepassingen_FytoVtgUk_idx; Type: INDEX; Schema: public; Owner: -; Tablespace: 
--

CREATE UNIQUE INDEX "FytoVarToepassingen_FytoVtgUk_idx" ON "FytoVarToepassingen" USING btree ("Code");


--
-- Name: FytoVerbruiksplaatsen_FytoVbsUk_idx; Type: INDEX; Schema: public; Owner: -; Tablespace: 
--

CREATE UNIQUE INDEX "FytoVerbruiksplaatsen_FytoVbsUk_idx" ON "FytoVerbruiksplaatsen" USING btree ("Code");


--
-- Name: FytoVerkopersArtikelen_FytoValAtlFkI_idx; Type: INDEX; Schema: public; Owner: -; Tablespace: 
--

CREATE INDEX "FytoVerkopersArtikelen_FytoValAtlFkI_idx" ON "FytoVerkopersArtikelen" USING btree ("AtlId");


--
-- Name: FytoVerkopersArtikelen_FytoValDnrFkI_idx; Type: INDEX; Schema: public; Owner: -; Tablespace: 
--

CREATE INDEX "FytoVerkopersArtikelen_FytoValDnrFkI_idx" ON "FytoVerkopersArtikelen" USING btree ("DnrId");


--
-- Name: FytoVerkopersArtikelen_FytoValUk1_idx; Type: INDEX; Schema: public; Owner: -; Tablespace: 
--

CREATE UNIQUE INDEX "FytoVerkopersArtikelen_FytoValUk1_idx" ON "FytoVerkopersArtikelen" USING btree ("DnrId", "AtlId");


--
-- Name: FytoVerkopersArtikelen_FytoValUk2_idx; Type: INDEX; Schema: public; Owner: -; Tablespace: 
--

CREATE UNIQUE INDEX "FytoVerkopersArtikelen_FytoValUk2_idx" ON "FytoVerkopersArtikelen" USING btree ("Nummer", "DnrId");


--
-- Name: FytoVerkopersArtikelen_FytoValUk3_idx; Type: INDEX; Schema: public; Owner: -; Tablespace: 
--

CREATE UNIQUE INDEX "FytoVerkopersArtikelen_FytoValUk3_idx" ON "FytoVerkopersArtikelen" USING btree ("AtlId", "Begindatum");


--
-- Name: FytoVormen_FytoVrmUk_idx; Type: INDEX; Schema: public; Owner: -; Tablespace: 
--

CREATE UNIQUE INDEX "FytoVormen_FytoVrmUk_idx" ON "FytoVormen" USING btree ("Code");


--
-- Name: FytoWerkzameStoffen_FytoWsfCgpFkI_idx; Type: INDEX; Schema: public; Owner: -; Tablespace: 
--

CREATE INDEX "FytoWerkzameStoffen_FytoWsfCgpFkI_idx" ON "FytoWerkzameStoffen" USING btree ("CgpId");


--
-- Name: FytoWerkzameStoffen_FytoWsfUk_idx; Type: INDEX; Schema: public; Owner: -; Tablespace: 
--

CREATE UNIQUE INDEX "FytoWerkzameStoffen_FytoWsfUk_idx" ON "FytoWerkzameStoffen" USING btree ("Code", "CgpId");


--
-- Name: QsaaTabelAlias_QsaaTbaUk1_idx; Type: INDEX; Schema: public; Owner: -; Tablespace: 
--

CREATE UNIQUE INDEX "QsaaTabelAlias_QsaaTbaUk1_idx" ON "QsaaTabelAlias" USING btree ("Tabelnaam");


--
-- Name: QsaaTabelAlias_QsaaTbaUk2_idx; Type: INDEX; Schema: public; Owner: -; Tablespace: 
--

CREATE UNIQUE INDEX "QsaaTabelAlias_QsaaTbaUk2_idx" ON "QsaaTabelAlias" USING btree ("Alias");


--
-- Name: FytoArtikelen_AtlGvgId_fk; Type: FK CONSTRAINT; Schema: public; Owner: -
--

ALTER TABLE ONLY "FytoArtikelen"
    ADD CONSTRAINT "FytoArtikelen_AtlGvgId_fk" FOREIGN KEY ("AtlGvgId") REFERENCES "FytoArtikelen"("AtlId");


--
-- Name: FytoArtikelen_PdtId_fk; Type: FK CONSTRAINT; Schema: public; Owner: -
--

ALTER TABLE ONLY "FytoArtikelen"
    ADD CONSTRAINT "FytoArtikelen_PdtId_fk" FOREIGN KEY ("PdtId") REFERENCES "FytoProducten"("PdtId");


--
-- Name: FytoArtikelen_SdgId_fk; Type: FK CONSTRAINT; Schema: public; Owner: -
--

ALTER TABLE ONLY "FytoArtikelen"
    ADD CONSTRAINT "FytoArtikelen_SdgId_fk" FOREIGN KEY ("SdgId") REFERENCES "FytoStandaardverpakkingen"("SdgId");


--
-- Name: FytoArtikelen_SssId_fk; Type: FK CONSTRAINT; Schema: public; Owner: -
--

ALTER TABLE ONLY "FytoArtikelen"
    ADD CONSTRAINT "FytoArtikelen_SssId_fk" FOREIGN KEY ("SssId") REFERENCES "FytoStorlStatussen"("SssId");


--
-- Name: FytoArtikelkenmerken_AtkAtkId_fk; Type: FK CONSTRAINT; Schema: public; Owner: -
--

ALTER TABLE ONLY "FytoArtikelkenmerken"
    ADD CONSTRAINT "FytoArtikelkenmerken_AtkAtkId_fk" FOREIGN KEY ("AtkAtkId") REFERENCES "FytoArtikelkenmerken"("AtkId");


--
-- Name: FytoBestrMidGroepProduct_BspId_fk; Type: FK CONSTRAINT; Schema: public; Owner: -
--

ALTER TABLE ONLY "FytoBestrMidGroepProduct"
    ADD CONSTRAINT "FytoBestrMidGroepProduct_BspId_fk" FOREIGN KEY ("BspId") REFERENCES "FytoBestrMidGroepen"("BspId");


--
-- Name: FytoBestrMidGroepProduct_PdtId_fk; Type: FK CONSTRAINT; Schema: public; Owner: -
--

ALTER TABLE ONLY "FytoBestrMidGroepProduct"
    ADD CONSTRAINT "FytoBestrMidGroepProduct_PdtId_fk" FOREIGN KEY ("PdtId") REFERENCES "FytoProducten"("PdtId") ON DELETE CASCADE;


--
-- Name: FytoBestrMidGroepen_BepId_fk; Type: FK CONSTRAINT; Schema: public; Owner: -
--

ALTER TABLE ONLY "FytoBestrMidGroepen"
    ADD CONSTRAINT "FytoBestrMidGroepen_BepId_fk" FOREIGN KEY ("BepId") REFERENCES "FytoBestrMidHfdGroep"("BepId");


--
-- Name: FytoChemischeGroepen_ChpId_fk; Type: FK CONSTRAINT; Schema: public; Owner: -
--

ALTER TABLE ONLY "FytoChemischeGroepen"
    ADD CONSTRAINT "FytoChemischeGroepen_ChpId_fk" FOREIGN KEY ("ChpId") REFERENCES "FytoChemischeHoofdgroepen"("ChpId");


--
-- Name: FytoConcentraties_PdtId_fk; Type: FK CONSTRAINT; Schema: public; Owner: -
--

ALTER TABLE ONLY "FytoConcentraties"
    ADD CONSTRAINT "FytoConcentraties_PdtId_fk" FOREIGN KEY ("PdtId") REFERENCES "FytoProducten"("PdtId") ON DELETE CASCADE;


--
-- Name: FytoConcentraties_WsfId_fk; Type: FK CONSTRAINT; Schema: public; Owner: -
--

ALTER TABLE ONLY "FytoConcentraties"
    ADD CONSTRAINT "FytoConcentraties_WsfId_fk" FOREIGN KEY ("WsfId") REFERENCES "FytoWerkzameStoffen"("WsfId");


--
-- Name: FytoExtraWaardenAtlKenmerk_EhdId_fk; Type: FK CONSTRAINT; Schema: public; Owner: -
--

ALTER TABLE ONLY "FytoExtraWaardenAtlKenmerk"
    ADD CONSTRAINT "FytoExtraWaardenAtlKenmerk_EhdId_fk" FOREIGN KEY ("EhdId") REFERENCES "FytoEenheden"("EhdId");


--
-- Name: FytoExtraWaardenAtlKenmerk_KalId_fk; Type: FK CONSTRAINT; Schema: public; Owner: -
--

ALTER TABLE ONLY "FytoExtraWaardenAtlKenmerk"
    ADD CONSTRAINT "FytoExtraWaardenAtlKenmerk_KalId_fk" FOREIGN KEY ("KalId") REFERENCES "FytoKenmerkenArtikel"("KalId") ON DELETE CASCADE;


--
-- Name: FytoExtraWaardenPdtKenmerk_EhdId_fk; Type: FK CONSTRAINT; Schema: public; Owner: -
--

ALTER TABLE ONLY "FytoExtraWaardenPdtKenmerk"
    ADD CONSTRAINT "FytoExtraWaardenPdtKenmerk_EhdId_fk" FOREIGN KEY ("EhdId") REFERENCES "FytoEenheden"("EhdId");


--
-- Name: FytoExtraWaardenPdtKenmerk_KptId_fk; Type: FK CONSTRAINT; Schema: public; Owner: -
--

ALTER TABLE ONLY "FytoExtraWaardenPdtKenmerk"
    ADD CONSTRAINT "FytoExtraWaardenPdtKenmerk_KptId_fk" FOREIGN KEY ("KptId") REFERENCES "FytoKenmerkenProduct"("KptId") ON DELETE CASCADE;


--
-- Name: FytoFormuleringen_VrmId_fk; Type: FK CONSTRAINT; Schema: public; Owner: -
--

ALTER TABLE ONLY "FytoFormuleringen"
    ADD CONSTRAINT "FytoFormuleringen_VrmId_fk" FOREIGN KEY ("VrmId") REFERENCES "FytoVormen"("VrmId");


--
-- Name: FytoGevaarsymbolenProduct_GvlId_fk; Type: FK CONSTRAINT; Schema: public; Owner: -
--

ALTER TABLE ONLY "FytoGevaarsymbolenProduct"
    ADD CONSTRAINT "FytoGevaarsymbolenProduct_GvlId_fk" FOREIGN KEY ("GvlId") REFERENCES "FytoGevaarsymbolen"("GvlId");


--
-- Name: FytoGevaarsymbolenProduct_PdtId_fk; Type: FK CONSTRAINT; Schema: public; Owner: -
--

ALTER TABLE ONLY "FytoGevaarsymbolenProduct"
    ADD CONSTRAINT "FytoGevaarsymbolenProduct_PdtId_fk" FOREIGN KEY ("PdtId") REFERENCES "FytoProducten"("PdtId");


--
-- Name: FytoKenmerkenArtikel_AtkId_fk; Type: FK CONSTRAINT; Schema: public; Owner: -
--

ALTER TABLE ONLY "FytoKenmerkenArtikel"
    ADD CONSTRAINT "FytoKenmerkenArtikel_AtkId_fk" FOREIGN KEY ("AtkId") REFERENCES "FytoArtikelkenmerken"("AtkId");


--
-- Name: FytoKenmerkenProduct_PdkId_fk; Type: FK CONSTRAINT; Schema: public; Owner: -
--

ALTER TABLE ONLY "FytoKenmerkenProduct"
    ADD CONSTRAINT "FytoKenmerkenProduct_PdkId_fk" FOREIGN KEY ("PdkId") REFERENCES "FytoProductkenmerken"("PdkId");


--
-- Name: FytoKenmerkenProduct_PdtId_fk; Type: FK CONSTRAINT; Schema: public; Owner: -
--

ALTER TABLE ONLY "FytoKenmerkenProduct"
    ADD CONSTRAINT "FytoKenmerkenProduct_PdtId_fk" FOREIGN KEY ("PdtId") REFERENCES "FytoProducten"("PdtId") ON DELETE CASCADE;


--
-- Name: FytoMaterialenStdVerpak_MtlId_fk; Type: FK CONSTRAINT; Schema: public; Owner: -
--

ALTER TABLE ONLY "FytoMaterialenStdVerpak"
    ADD CONSTRAINT "FytoMaterialenStdVerpak_MtlId_fk" FOREIGN KEY ("MtlId") REFERENCES "FytoMaterialen"("MtlId");


--
-- Name: FytoMaterialenStdVerpak_SdgId_fk; Type: FK CONSTRAINT; Schema: public; Owner: -
--

ALTER TABLE ONLY "FytoMaterialenStdVerpak"
    ADD CONSTRAINT "FytoMaterialenStdVerpak_SdgId_fk" FOREIGN KEY ("SdgId") REFERENCES "FytoStandaardverpakkingen"("SdgId") ON DELETE CASCADE;


--
-- Name: FytoMilieuEffectenProduct_MetId_fk; Type: FK CONSTRAINT; Schema: public; Owner: -
--

ALTER TABLE ONLY "FytoMilieuEffectenProduct"
    ADD CONSTRAINT "FytoMilieuEffectenProduct_MetId_fk" FOREIGN KEY ("MetId") REFERENCES "FytoMilieuEffecten"("MetId");


--
-- Name: FytoMilieuEffectenProduct_PdtId_fk; Type: FK CONSTRAINT; Schema: public; Owner: -
--

ALTER TABLE ONLY "FytoMilieuEffectenProduct"
    ADD CONSTRAINT "FytoMilieuEffectenProduct_PdtId_fk" FOREIGN KEY ("PdtId") REFERENCES "FytoProducten"("PdtId") ON DELETE CASCADE;


--
-- Name: FytoMutatieImport_DnrId_fk; Type: FK CONSTRAINT; Schema: public; Owner: -
--

ALTER TABLE ONLY "FytoMutatieImport"
    ADD CONSTRAINT "FytoMutatieImport_DnrId_fk" FOREIGN KEY ("DnrId") REFERENCES "FytoDeelnemers"("DnrId");


--
-- Name: FytoOZinnenProduct_OznId_fk; Type: FK CONSTRAINT; Schema: public; Owner: -
--

ALTER TABLE ONLY "FytoOZinnenProduct"
    ADD CONSTRAINT "FytoOZinnenProduct_OznId_fk" FOREIGN KEY ("OznId") REFERENCES "FytoOZinnen"("OznId");


--
-- Name: FytoOZinnenProduct_PdtId_fk; Type: FK CONSTRAINT; Schema: public; Owner: -
--

ALTER TABLE ONLY "FytoOZinnenProduct"
    ADD CONSTRAINT "FytoOZinnenProduct_PdtId_fk" FOREIGN KEY ("PdtId") REFERENCES "FytoProducten"("PdtId") ON DELETE CASCADE;


--
-- Name: FytoOmrekeningsfactoren_PdtId_fk; Type: FK CONSTRAINT; Schema: public; Owner: -
--

ALTER TABLE ONLY "FytoOmrekeningsfactoren"
    ADD CONSTRAINT "FytoOmrekeningsfactoren_PdtId_fk" FOREIGN KEY ("PdtId") REFERENCES "FytoProducten"("PdtId") ON DELETE CASCADE;


--
-- Name: FytoPeriodeAfzet_ValId_fk; Type: FK CONSTRAINT; Schema: public; Owner: -
--

ALTER TABLE ONLY "FytoPeriodeAfzet"
    ADD CONSTRAINT "FytoPeriodeAfzet_ValId_fk" FOREIGN KEY ("ValId") REFERENCES "FytoVerkopersArtikelen"("ValId");


--
-- Name: FytoPrijzen_ValId_fk; Type: FK CONSTRAINT; Schema: public; Owner: -
--

ALTER TABLE ONLY "FytoPrijzen"
    ADD CONSTRAINT "FytoPrijzen_ValId_fk" FOREIGN KEY ("ValId") REFERENCES "FytoVerkopersArtikelen"("ValId") ON DELETE CASCADE;


--
-- Name: FytoProducentenProducten_DnrId_fk; Type: FK CONSTRAINT; Schema: public; Owner: -
--

ALTER TABLE ONLY "FytoProducentenProducten"
    ADD CONSTRAINT "FytoProducentenProducten_DnrId_fk" FOREIGN KEY ("DnrId") REFERENCES "FytoDeelnemers"("DnrId");


--
-- Name: FytoProducentenProducten_PdtId_fk; Type: FK CONSTRAINT; Schema: public; Owner: -
--

ALTER TABLE ONLY "FytoProducentenProducten"
    ADD CONSTRAINT "FytoProducentenProducten_PdtId_fk" FOREIGN KEY ("PdtId") REFERENCES "FytoProducten"("PdtId") ON DELETE CASCADE;


--
-- Name: FytoProducten_CedId_fk; Type: FK CONSTRAINT; Schema: public; Owner: -
--

ALTER TABLE ONLY "FytoProducten"
    ADD CONSTRAINT "FytoProducten_CedId_fk" FOREIGN KEY ("CedId") REFERENCES "FytoConcentratieEenheden"("CedId");


--
-- Name: FytoProducten_FmgId_fk; Type: FK CONSTRAINT; Schema: public; Owner: -
--

ALTER TABLE ONLY "FytoProducten"
    ADD CONSTRAINT "FytoProducten_FmgId_fk" FOREIGN KEY ("FmgId") REFERENCES "FytoFormuleringen"("FmgId");


--
-- Name: FytoProducten_McmId_fk; Type: FK CONSTRAINT; Schema: public; Owner: -
--

ALTER TABLE ONLY "FytoProducten"
    ADD CONSTRAINT "FytoProducten_McmId_fk" FOREIGN KEY ("McmId") REFERENCES "FytoMilieucodesClm"("McmId");


--
-- Name: FytoProducten_OseId_fk; Type: FK CONSTRAINT; Schema: public; Owner: -
--

ALTER TABLE ONLY "FytoProducten"
    ADD CONSTRAINT "FytoProducten_OseId_fk" FOREIGN KEY ("OseId") REFERENCES "FytoOpslagcategorieen"("OseId");


--
-- Name: FytoProducten_TpdId_fk; Type: FK CONSTRAINT; Schema: public; Owner: -
--

ALTER TABLE ONLY "FytoProducten"
    ADD CONSTRAINT "FytoProducten_TpdId_fk" FOREIGN KEY ("TpdId") REFERENCES "FytoToepassingsgebieden"("TpdId");


--
-- Name: FytoProducten_VbsId_fk; Type: FK CONSTRAINT; Schema: public; Owner: -
--

ALTER TABLE ONLY "FytoProducten"
    ADD CONSTRAINT "FytoProducten_VbsId_fk" FOREIGN KEY ("VbsId") REFERENCES "FytoVerbruiksplaatsen"("VbsId");


--
-- Name: FytoProductkenmerken_PdkPdkId_fk; Type: FK CONSTRAINT; Schema: public; Owner: -
--

ALTER TABLE ONLY "FytoProductkenmerken"
    ADD CONSTRAINT "FytoProductkenmerken_PdkPdkId_fk" FOREIGN KEY ("PdkPdkId") REFERENCES "FytoProductkenmerken"("PdkId");


--
-- Name: FytoPublicaties_TbaId_fk; Type: FK CONSTRAINT; Schema: public; Owner: -
--

ALTER TABLE ONLY "FytoPublicaties"
    ADD CONSTRAINT "FytoPublicaties_TbaId_fk" FOREIGN KEY ("TbaId") REFERENCES "QsaaTabelAlias"("TbaId");


--
-- Name: FytoRZinnenProduct_PdtId_fk; Type: FK CONSTRAINT; Schema: public; Owner: -
--

ALTER TABLE ONLY "FytoRZinnenProduct"
    ADD CONSTRAINT "FytoRZinnenProduct_PdtId_fk" FOREIGN KEY ("PdtId") REFERENCES "FytoProducten"("PdtId") ON DELETE CASCADE;


--
-- Name: FytoRZinnenProduct_RznId_fk; Type: FK CONSTRAINT; Schema: public; Owner: -
--

ALTER TABLE ONLY "FytoRZinnenProduct"
    ADD CONSTRAINT "FytoRZinnenProduct_RznId_fk" FOREIGN KEY ("RznId") REFERENCES "FytoRZinnen"("RznId");


--
-- Name: FytoRapportcijfers_MieId_fk; Type: FK CONSTRAINT; Schema: public; Owner: -
--

ALTER TABLE ONLY "FytoRapportcijfers"
    ADD CONSTRAINT "FytoRapportcijfers_MieId_fk" FOREIGN KEY ("MieId") REFERENCES "FytoMilieucategorieen"("MieId");


--
-- Name: FytoRapportcijfers_TptId_fk; Type: FK CONSTRAINT; Schema: public; Owner: -
--

ALTER TABLE ONLY "FytoRapportcijfers"
    ADD CONSTRAINT "FytoRapportcijfers_TptId_fk" FOREIGN KEY ("TptId") REFERENCES "FytoTeeltgroepenProduct"("TptId") ON DELETE CASCADE;


--
-- Name: FytoSZinnenProduct_PdtId_fk; Type: FK CONSTRAINT; Schema: public; Owner: -
--

ALTER TABLE ONLY "FytoSZinnenProduct"
    ADD CONSTRAINT "FytoSZinnenProduct_PdtId_fk" FOREIGN KEY ("PdtId") REFERENCES "FytoProducten"("PdtId") ON DELETE CASCADE;


--
-- Name: FytoSZinnenProduct_SznId_fk; Type: FK CONSTRAINT; Schema: public; Owner: -
--

ALTER TABLE ONLY "FytoSZinnenProduct"
    ADD CONSTRAINT "FytoSZinnenProduct_SznId_fk" FOREIGN KEY ("SznId") REFERENCES "FytoSZinnen"("SznId");


--
-- Name: FytoSZinnen_VtgId_fk; Type: FK CONSTRAINT; Schema: public; Owner: -
--

ALTER TABLE ONLY "FytoSZinnen"
    ADD CONSTRAINT "FytoSZinnen_VtgId_fk" FOREIGN KEY ("VtgId") REFERENCES "FytoVarToepassingen"("VtgId");


--
-- Name: FytoStandaardverpakkingen_DnrId_fk; Type: FK CONSTRAINT; Schema: public; Owner: -
--

ALTER TABLE ONLY "FytoStandaardverpakkingen"
    ADD CONSTRAINT "FytoStandaardverpakkingen_DnrId_fk" FOREIGN KEY ("DnrId") REFERENCES "FytoDeelnemers"("DnrId");


--
-- Name: FytoTeeltgroepenProduct_PdtId_fk; Type: FK CONSTRAINT; Schema: public; Owner: -
--

ALTER TABLE ONLY "FytoTeeltgroepenProduct"
    ADD CONSTRAINT "FytoTeeltgroepenProduct_PdtId_fk" FOREIGN KEY ("PdtId") REFERENCES "FytoProducten"("PdtId") ON DELETE CASCADE;


--
-- Name: FytoTeeltgroepenProduct_TgpId_fk; Type: FK CONSTRAINT; Schema: public; Owner: -
--

ALTER TABLE ONLY "FytoTeeltgroepenProduct"
    ADD CONSTRAINT "FytoTeeltgroepenProduct_TgpId_fk" FOREIGN KEY ("TgpId") REFERENCES "FytoTeeltgroepen"("TgpId");


--
-- Name: FytoToepassingsgebieden_HtdId_fk; Type: FK CONSTRAINT; Schema: public; Owner: -
--

ALTER TABLE ONLY "FytoToepassingsgebieden"
    ADD CONSTRAINT "FytoToepassingsgebieden_HtdId_fk" FOREIGN KEY ("HtdId") REFERENCES "FytoHoofdtoepassingsgebieden"("HtdId");


--
-- Name: FytoToepassingsgebieden_TpdTpdId_fk; Type: FK CONSTRAINT; Schema: public; Owner: -
--

ALTER TABLE ONLY "FytoToepassingsgebieden"
    ADD CONSTRAINT "FytoToepassingsgebieden_TpdTpdId_fk" FOREIGN KEY ("TpdTpdId") REFERENCES "FytoToepassingsgebieden"("TpdId");


--
-- Name: FytoVerkopersArtikelen_AtlId_fk; Type: FK CONSTRAINT; Schema: public; Owner: -
--

ALTER TABLE ONLY "FytoVerkopersArtikelen"
    ADD CONSTRAINT "FytoVerkopersArtikelen_AtlId_fk" FOREIGN KEY ("AtlId") REFERENCES "FytoArtikelen"("AtlId");


--
-- Name: FytoVerkopersArtikelen_DnrId_fk; Type: FK CONSTRAINT; Schema: public; Owner: -
--

ALTER TABLE ONLY "FytoVerkopersArtikelen"
    ADD CONSTRAINT "FytoVerkopersArtikelen_DnrId_fk" FOREIGN KEY ("DnrId") REFERENCES "FytoDeelnemers"("DnrId");


--
-- Name: FytoWerkzameStoffen_CgpId_fk; Type: FK CONSTRAINT; Schema: public; Owner: -
--

ALTER TABLE ONLY "FytoWerkzameStoffen"
    ADD CONSTRAINT "FytoWerkzameStoffen_CgpId_fk" FOREIGN KEY ("CgpId") REFERENCES "FytoChemischeGroepen"("CgpId");


--
-- Name: public; Type: ACL; Schema: -; Owner: -
--

REVOKE ALL ON SCHEMA public FROM PUBLIC;
REVOKE ALL ON SCHEMA public FROM postgres;
GRANT ALL ON SCHEMA public TO postgres;
GRANT ALL ON SCHEMA public TO PUBLIC;


--
-- PostgreSQL database dump complete
--

